SET session_replication_role = replica;

--
-- PostgreSQL database dump
--

-- \restrict PJQHNcrsEyA49S0O2Dtp1XxthmH0aWMFrkkrJyam7FKawoAxhgIMUviu3iowOii

-- Dumped from database version 17.6
-- Dumped by pg_dump version 17.6

SET statement_timeout = 0;
SET lock_timeout = 0;
SET idle_in_transaction_session_timeout = 0;
SET transaction_timeout = 0;
SET client_encoding = 'UTF8';
SET standard_conforming_strings = on;
SELECT pg_catalog.set_config('search_path', '', false);
SET check_function_bodies = false;
SET xmloption = content;
SET client_min_messages = warning;
SET row_security = off;

--
-- Data for Name: audit_log_entries; Type: TABLE DATA; Schema: auth; Owner: supabase_auth_admin
--



--
-- Data for Name: custom_oauth_providers; Type: TABLE DATA; Schema: auth; Owner: supabase_auth_admin
--



--
-- Data for Name: flow_state; Type: TABLE DATA; Schema: auth; Owner: supabase_auth_admin
--



--
-- Data for Name: users; Type: TABLE DATA; Schema: auth; Owner: supabase_auth_admin
--

INSERT INTO "auth"."users" ("instance_id", "id", "aud", "role", "email", "encrypted_password", "email_confirmed_at", "invited_at", "confirmation_token", "confirmation_sent_at", "recovery_token", "recovery_sent_at", "email_change_token_new", "email_change", "email_change_sent_at", "last_sign_in_at", "raw_app_meta_data", "raw_user_meta_data", "is_super_admin", "created_at", "updated_at", "phone", "phone_confirmed_at", "phone_change", "phone_change_token", "phone_change_sent_at", "email_change_token_current", "email_change_confirm_status", "banned_until", "reauthentication_token", "reauthentication_sent_at", "is_sso_user", "deleted_at", "is_anonymous") VALUES
	('00000000-0000-0000-0000-000000000000', 'a06e0744-d20c-486b-a1ba-f8c2931d03a2', 'authenticated', 'authenticated', 'w.parda@metical.pl', '$2a$10$NhZeiejUwBTbJecu1IdlNOKKnqXuqenzrG3iKkqW78oCz5mgz.aqC', '2026-04-29 17:33:46.911656+00', NULL, '', NULL, 'eef7f677efedaf6ca6d3591806a9f75fbaa4387417468d2aefd0b541', '2026-04-29 17:40:36.484379+00', '', '', NULL, '2026-05-04 09:52:29.679593+00', '{"provider": "email", "providers": ["email"]}', '{"email_verified": true}', NULL, '2026-04-29 17:33:46.894746+00', '2026-05-04 11:45:10.551635+00', NULL, NULL, '', '', NULL, '', 0, NULL, '', NULL, false, NULL, false),
	('00000000-0000-0000-0000-000000000000', '9012ec6c-b061-45ff-be1b-c96018f5b251', 'authenticated', 'authenticated', 'kontakt@metical.pl', '$2a$10$hYq3flgiKHmFrhUryotUcuxdjwlbHD5qsiNOJb4EkOW0jD265oVky', '2026-04-29 17:42:15.901852+00', NULL, '', NULL, '', NULL, '', '', NULL, '2026-05-02 12:00:46.409845+00', '{"provider": "email", "providers": ["email"]}', '{"email_verified": true}', NULL, '2026-04-29 17:42:15.876917+00', '2026-05-02 16:08:07.474243+00', NULL, NULL, '', '', NULL, '', 0, NULL, '', NULL, false, NULL, false),
	('00000000-0000-0000-0000-000000000000', '79e6eb94-99a8-40df-9bcf-ca6b6a3697f1', 'authenticated', 'authenticated', 'd.komorowski@metical.pl', '$2a$10$p8dbHuC.iNwXLKgd43xQR.1CGdfyiQ..O.zK0eCV/pY6rF3HjmPu6', '2026-04-30 18:53:48.540943+00', NULL, '', NULL, '', NULL, '', '', NULL, '2026-05-01 10:31:05.384833+00', '{"provider": "email", "providers": ["email"]}', '{"email_verified": true}', NULL, '2026-04-30 18:53:48.512085+00', '2026-05-03 10:29:00.706073+00', NULL, NULL, '', '', NULL, '', 0, NULL, '', NULL, false, NULL, false),
	('00000000-0000-0000-0000-000000000000', '5c5638be-d29c-4726-9816-c1ae4e4e4f1e', 'authenticated', 'authenticated', 'l.walkuski@metical.pl', '$2a$10$l0Y1kW7uA0/.JLkTbyyKZORF8p2PMSTTnXhuX92NsYrukW2PRaGfO', '2026-04-29 16:48:28.936913+00', NULL, '', NULL, '', NULL, '', '', NULL, '2026-05-02 21:44:58.568449+00', '{"provider": "email", "providers": ["email"]}', '{"email_verified": true}', NULL, '2026-04-29 16:48:28.904024+00', '2026-05-05 08:16:36.664184+00', NULL, NULL, '', '', NULL, '', 0, NULL, '', NULL, false, NULL, false),
	('00000000-0000-0000-0000-000000000000', 'c01f1de2-6b07-4375-b34a-3c861a2ec31a', 'authenticated', 'authenticated', 'j.walkuski@metical.pl', '$2a$10$rwGZcARPRTA.YPus6gcRduwQAQ1uUl6x03vZJsUVvJF8uyPZdh0sK', '2026-04-29 18:23:54.784378+00', NULL, '', NULL, '', NULL, '', '', NULL, '2026-05-04 07:28:09.577457+00', '{"provider": "email", "providers": ["email"]}', '{"email_verified": true}', NULL, '2026-04-29 18:23:54.761787+00', '2026-05-05 09:02:14.348751+00', NULL, NULL, '', '', NULL, '', 0, NULL, '', NULL, false, NULL, false);


--
-- Data for Name: identities; Type: TABLE DATA; Schema: auth; Owner: supabase_auth_admin
--

INSERT INTO "auth"."identities" ("provider_id", "user_id", "identity_data", "provider", "last_sign_in_at", "created_at", "updated_at", "id") VALUES
	('5c5638be-d29c-4726-9816-c1ae4e4e4f1e', '5c5638be-d29c-4726-9816-c1ae4e4e4f1e', '{"sub": "5c5638be-d29c-4726-9816-c1ae4e4e4f1e", "email": "l.walkuski@metical.pl", "email_verified": false, "phone_verified": false}', 'email', '2026-04-29 16:48:28.92925+00', '2026-04-29 16:48:28.929321+00', '2026-04-29 16:48:28.929321+00', 'cca496fa-55af-4f4b-afb7-7d48e5dc722d'),
	('a06e0744-d20c-486b-a1ba-f8c2931d03a2', 'a06e0744-d20c-486b-a1ba-f8c2931d03a2', '{"sub": "a06e0744-d20c-486b-a1ba-f8c2931d03a2", "email": "w.parda@metical.pl", "email_verified": false, "phone_verified": false}', 'email', '2026-04-29 17:33:46.907835+00', '2026-04-29 17:33:46.907891+00', '2026-04-29 17:33:46.907891+00', '59fb846a-7bd7-49ea-87a8-a0a4a925bdf4'),
	('9012ec6c-b061-45ff-be1b-c96018f5b251', '9012ec6c-b061-45ff-be1b-c96018f5b251', '{"sub": "9012ec6c-b061-45ff-be1b-c96018f5b251", "email": "kontakt@metical.pl", "email_verified": false, "phone_verified": false}', 'email', '2026-04-29 17:42:15.898864+00', '2026-04-29 17:42:15.898964+00', '2026-04-29 17:42:15.898964+00', '243fefad-257f-4b20-824f-456d9b9e6edc'),
	('c01f1de2-6b07-4375-b34a-3c861a2ec31a', 'c01f1de2-6b07-4375-b34a-3c861a2ec31a', '{"sub": "c01f1de2-6b07-4375-b34a-3c861a2ec31a", "email": "j.walkuski@metical.pl", "email_verified": false, "phone_verified": false}', 'email', '2026-04-29 18:23:54.77865+00', '2026-04-29 18:23:54.778706+00', '2026-04-29 18:23:54.778706+00', 'c2c16272-b563-4d04-9f4c-2ce45ec7ff2e'),
	('79e6eb94-99a8-40df-9bcf-ca6b6a3697f1', '79e6eb94-99a8-40df-9bcf-ca6b6a3697f1', '{"sub": "79e6eb94-99a8-40df-9bcf-ca6b6a3697f1", "email": "d.komorowski@metical.pl", "email_verified": false, "phone_verified": false}', 'email', '2026-04-30 18:53:48.534319+00', '2026-04-30 18:53:48.53438+00', '2026-04-30 18:53:48.53438+00', 'cdc4ed1d-7054-41a2-8390-80a1107c0df9');


--
-- Data for Name: instances; Type: TABLE DATA; Schema: auth; Owner: supabase_auth_admin
--



--
-- Data for Name: oauth_clients; Type: TABLE DATA; Schema: auth; Owner: supabase_auth_admin
--



--
-- Data for Name: sessions; Type: TABLE DATA; Schema: auth; Owner: supabase_auth_admin
--

INSERT INTO "auth"."sessions" ("id", "user_id", "created_at", "updated_at", "factor_id", "aal", "not_after", "refreshed_at", "user_agent", "ip", "tag", "oauth_client_id", "refresh_token_hmac_key", "refresh_token_counter", "scopes") VALUES
	('721a1800-76c0-4840-8b64-991941c0d794', '79e6eb94-99a8-40df-9bcf-ca6b6a3697f1', '2026-05-01 10:31:05.386696+00', '2026-05-03 10:29:00.712208+00', NULL, 'aal1', NULL, '2026-05-03 10:29:00.712104', 'Mozilla/5.0 (iPhone; CPU iPhone OS 18_7 like Mac OS X) AppleWebKit/605.1.15 (KHTML, like Gecko) Version/26.3 Mobile/15E148 Safari/604.1', '91.94.123.105', NULL, NULL, NULL, NULL, NULL),
	('d6293677-46ca-4088-b373-17bf7cb9925a', 'a06e0744-d20c-486b-a1ba-f8c2931d03a2', '2026-05-04 09:52:29.681958+00', '2026-05-04 11:45:10.555472+00', NULL, 'aal1', NULL, '2026-05-04 11:45:10.555375', 'Mozilla/5.0 (iPhone; CPU iPhone OS 18_6_2 like Mac OS X) AppleWebKit/605.1.15 (KHTML, like Gecko) Version/18.6 Mobile/15E148 Safari/604.1', '31.0.89.13', NULL, NULL, NULL, NULL, NULL),
	('4a67acc9-f7d4-4c3e-91d3-054e56242ab7', 'c01f1de2-6b07-4375-b34a-3c861a2ec31a', '2026-05-04 07:28:09.578686+00', '2026-05-04 17:31:21.296433+00', NULL, 'aal1', NULL, '2026-05-04 17:31:21.296322', 'Mozilla/5.0 (iPhone; CPU iPhone OS 18_7 like Mac OS X) AppleWebKit/605.1.15 (KHTML, like Gecko) Version/18.7.5 Mobile/15E148 Safari/604.1', '79.185.207.122', NULL, NULL, NULL, NULL, NULL),
	('01aeb96c-1b72-4e70-a740-247d9bc2d583', 'c01f1de2-6b07-4375-b34a-3c861a2ec31a', '2026-05-04 07:26:06.602036+00', '2026-05-04 07:26:06.602036+00', NULL, 'aal1', NULL, NULL, 'Mozilla/5.0 (iPhone; CPU iPhone OS 18_7 like Mac OS X) AppleWebKit/605.1.15 (KHTML, like Gecko) Version/18.7.5 Mobile/15E148 Safari/604.1', '188.146.4.23', NULL, NULL, NULL, NULL, NULL),
	('f712cc81-7a6f-45f7-9e3f-2855e1dcea34', 'c01f1de2-6b07-4375-b34a-3c861a2ec31a', '2026-05-04 07:27:14.54178+00', '2026-05-04 07:27:14.54178+00', NULL, 'aal1', NULL, NULL, 'Mozilla/5.0 (iPhone; CPU iPhone OS 18_7 like Mac OS X) AppleWebKit/605.1.15 (KHTML, like Gecko) Version/18.7.5 Mobile/15E148 Safari/604.1', '188.146.4.23', NULL, NULL, NULL, NULL, NULL),
	('a53f4268-72e8-41ba-a7d3-3657368f5d80', '5c5638be-d29c-4726-9816-c1ae4e4e4f1e', '2026-05-02 14:11:06.623701+00', '2026-05-05 07:57:42.848677+00', NULL, 'aal1', NULL, '2026-05-05 07:57:42.848578', 'Mozilla/5.0 (iPhone; CPU iPhone OS 18_6_2 like Mac OS X) AppleWebKit/605.1.15 (KHTML, like Gecko) Version/18.6 Mobile/15E148 Safari/604.1', '188.146.4.23', NULL, NULL, NULL, NULL, NULL),
	('5de9c193-af06-4a35-b158-adf440af4325', 'a06e0744-d20c-486b-a1ba-f8c2931d03a2', '2026-05-04 09:52:07.207894+00', '2026-05-04 09:52:07.207894+00', NULL, 'aal1', NULL, NULL, 'Mozilla/5.0 (iPhone; CPU iPhone OS 18_6_2 like Mac OS X) AppleWebKit/605.1.15 (KHTML, like Gecko) Version/18.6 Mobile/15E148 Safari/604.1', '31.0.77.102', NULL, NULL, NULL, NULL, NULL),
	('45b6c1d9-a069-42b8-b162-1665a9156e69', '5c5638be-d29c-4726-9816-c1ae4e4e4f1e', '2026-05-02 21:44:58.571173+00', '2026-05-05 08:16:36.670945+00', NULL, 'aal1', NULL, '2026-05-05 08:16:36.670828', 'Mozilla/5.0 (Windows NT 10.0; Win64; x64) AppleWebKit/537.36 (KHTML, like Gecko) Chrome/147.0.0.0 Safari/537.36 Edg/147.0.0.0', '188.146.4.23', NULL, NULL, NULL, NULL, NULL),
	('0b8bad81-6f2f-45ea-b51c-a5dffb8958f5', 'c01f1de2-6b07-4375-b34a-3c861a2ec31a', '2026-05-04 07:18:00.569704+00', '2026-05-05 09:02:14.354437+00', NULL, 'aal1', NULL, '2026-05-05 09:02:14.354333', 'Mozilla/5.0 (Windows NT 10.0; Win64; x64) AppleWebKit/537.36 (KHTML, like Gecko) Chrome/147.0.0.0 Safari/537.36 Edg/147.0.0.0', '188.146.6.44', NULL, NULL, NULL, NULL, NULL),
	('675387a7-9c98-4da0-8e03-c38b9f1a4296', '79e6eb94-99a8-40df-9bcf-ca6b6a3697f1', '2026-04-30 18:56:08.216696+00', '2026-04-30 18:56:08.216696+00', NULL, 'aal1', NULL, NULL, 'Mozilla/5.0 (iPhone; CPU iPhone OS 18_7 like Mac OS X) AppleWebKit/605.1.15 (KHTML, like Gecko) Version/26.3 Mobile/15E148 Safari/604.1', '91.94.113.36', NULL, NULL, NULL, NULL, NULL),
	('b612b0b6-acfd-4848-8757-f17624c2e6db', '5c5638be-d29c-4726-9816-c1ae4e4e4f1e', '2026-05-02 16:08:23.290173+00', '2026-05-02 21:06:38.416713+00', NULL, 'aal1', NULL, '2026-05-02 21:06:38.416597', 'Mozilla/5.0 (Windows NT 10.0; Win64; x64) AppleWebKit/537.36 (KHTML, like Gecko) Chrome/147.0.0.0 Safari/537.36 Edg/147.0.0.0', '188.146.6.88', NULL, NULL, NULL, NULL, NULL),
	('1e44f90b-edff-4596-9948-35176f24944a', '79e6eb94-99a8-40df-9bcf-ca6b6a3697f1', '2026-04-30 19:02:00.451599+00', '2026-05-01 09:44:12.985464+00', NULL, 'aal1', NULL, '2026-05-01 09:44:12.985345', 'Mozilla/5.0 (iPhone; CPU iPhone OS 18_7 like Mac OS X) AppleWebKit/605.1.15 (KHTML, like Gecko) Version/26.3 Mobile/15E148 Safari/604.1', '91.94.123.105', NULL, NULL, NULL, NULL, NULL),
	('b30011c0-26de-4333-a212-3e8eddff6e1c', '5c5638be-d29c-4726-9816-c1ae4e4e4f1e', '2026-05-02 21:44:40.846949+00', '2026-05-02 21:44:40.846949+00', NULL, 'aal1', NULL, NULL, 'Mozilla/5.0 (Windows NT 10.0; Win64; x64) AppleWebKit/537.36 (KHTML, like Gecko) Chrome/147.0.0.0 Safari/537.36 Edg/147.0.0.0', '188.146.6.88', NULL, NULL, NULL, NULL, NULL);


--
-- Data for Name: mfa_amr_claims; Type: TABLE DATA; Schema: auth; Owner: supabase_auth_admin
--

INSERT INTO "auth"."mfa_amr_claims" ("session_id", "created_at", "updated_at", "authentication_method", "id") VALUES
	('675387a7-9c98-4da0-8e03-c38b9f1a4296', '2026-04-30 18:56:08.258408+00', '2026-04-30 18:56:08.258408+00', 'password', 'c6473540-64f0-45f0-9898-e76bf58d3fc8'),
	('1e44f90b-edff-4596-9948-35176f24944a', '2026-04-30 19:02:00.475092+00', '2026-04-30 19:02:00.475092+00', 'password', '265cc730-6ed3-49a9-9305-7da8c7807db2'),
	('721a1800-76c0-4840-8b64-991941c0d794', '2026-05-01 10:31:05.42403+00', '2026-05-01 10:31:05.42403+00', 'password', 'acb9c2e6-816d-4284-a660-fbd639dbb264'),
	('a53f4268-72e8-41ba-a7d3-3657368f5d80', '2026-05-02 14:11:06.64613+00', '2026-05-02 14:11:06.64613+00', 'password', 'a1103cd8-8f30-4951-b993-2199d3a64d50'),
	('b612b0b6-acfd-4848-8757-f17624c2e6db', '2026-05-02 16:08:23.311679+00', '2026-05-02 16:08:23.311679+00', 'password', '5050db7b-92e6-4cdb-8bb7-d41496f12fe0'),
	('b30011c0-26de-4333-a212-3e8eddff6e1c', '2026-05-02 21:44:40.882461+00', '2026-05-02 21:44:40.882461+00', 'password', '1deece56-fca0-4414-907f-9c1b5741fa06'),
	('45b6c1d9-a069-42b8-b162-1665a9156e69', '2026-05-02 21:44:58.598828+00', '2026-05-02 21:44:58.598828+00', 'password', '35fedb90-c2c8-4ac9-9076-fa2c8186e2b5'),
	('0b8bad81-6f2f-45ea-b51c-a5dffb8958f5', '2026-05-04 07:18:00.603398+00', '2026-05-04 07:18:00.603398+00', 'password', '385eea5d-1a3a-4701-a88c-8252ab589c18'),
	('01aeb96c-1b72-4e70-a740-247d9bc2d583', '2026-05-04 07:26:06.623757+00', '2026-05-04 07:26:06.623757+00', 'password', '36af07c2-0b90-48b5-b598-d888c82c141f'),
	('f712cc81-7a6f-45f7-9e3f-2855e1dcea34', '2026-05-04 07:27:14.544223+00', '2026-05-04 07:27:14.544223+00', 'password', '02de3490-3403-49f7-94c2-98e1a8e9a44f'),
	('4a67acc9-f7d4-4c3e-91d3-054e56242ab7', '2026-05-04 07:28:09.589582+00', '2026-05-04 07:28:09.589582+00', 'password', '2a9f20a2-36eb-460c-941b-b9742faa7324'),
	('5de9c193-af06-4a35-b158-adf440af4325', '2026-05-04 09:52:07.241175+00', '2026-05-04 09:52:07.241175+00', 'password', 'baa8c056-d9e5-4458-86b3-db6eafd717dd'),
	('d6293677-46ca-4088-b373-17bf7cb9925a', '2026-05-04 09:52:29.731055+00', '2026-05-04 09:52:29.731055+00', 'password', '3ebdf332-4c54-4eee-b940-edaa544b7607');


--
-- Data for Name: mfa_factors; Type: TABLE DATA; Schema: auth; Owner: supabase_auth_admin
--



--
-- Data for Name: mfa_challenges; Type: TABLE DATA; Schema: auth; Owner: supabase_auth_admin
--



--
-- Data for Name: oauth_authorizations; Type: TABLE DATA; Schema: auth; Owner: supabase_auth_admin
--



--
-- Data for Name: oauth_client_states; Type: TABLE DATA; Schema: auth; Owner: supabase_auth_admin
--



--
-- Data for Name: oauth_consents; Type: TABLE DATA; Schema: auth; Owner: supabase_auth_admin
--



--
-- Data for Name: one_time_tokens; Type: TABLE DATA; Schema: auth; Owner: supabase_auth_admin
--

INSERT INTO "auth"."one_time_tokens" ("id", "user_id", "token_type", "token_hash", "relates_to", "created_at", "updated_at") VALUES
	('cbd779be-db70-4bdd-b494-a532899bd694', 'a06e0744-d20c-486b-a1ba-f8c2931d03a2', 'recovery_token', 'eef7f677efedaf6ca6d3591806a9f75fbaa4387417468d2aefd0b541', 'w.parda@metical.pl', '2026-04-29 17:40:37.286548', '2026-04-29 17:40:37.286548');


--
-- Data for Name: refresh_tokens; Type: TABLE DATA; Schema: auth; Owner: supabase_auth_admin
--

INSERT INTO "auth"."refresh_tokens" ("instance_id", "id", "token", "user_id", "revoked", "created_at", "updated_at", "parent", "session_id") VALUES
	('00000000-0000-0000-0000-000000000000', 49, '3kzcvlzdwegp', '79e6eb94-99a8-40df-9bcf-ca6b6a3697f1', false, '2026-04-30 18:56:08.238851+00', '2026-04-30 18:56:08.238851+00', NULL, '675387a7-9c98-4da0-8e03-c38b9f1a4296'),
	('00000000-0000-0000-0000-000000000000', 91, 'b76wxudgq33p', '5c5638be-d29c-4726-9816-c1ae4e4e4f1e', true, '2026-05-02 14:11:06.640317+00', '2026-05-02 15:47:45.031704+00', NULL, 'a53f4268-72e8-41ba-a7d3-3657368f5d80'),
	('00000000-0000-0000-0000-000000000000', 51, 'zkqp5db6aktr', '79e6eb94-99a8-40df-9bcf-ca6b6a3697f1', true, '2026-04-30 19:02:00.468901+00', '2026-04-30 20:02:39.905707+00', NULL, '1e44f90b-edff-4596-9948-35176f24944a'),
	('00000000-0000-0000-0000-000000000000', 53, 'uht6byvw5dmt', '79e6eb94-99a8-40df-9bcf-ca6b6a3697f1', true, '2026-04-30 20:02:39.906721+00', '2026-05-01 05:13:29.575857+00', 'zkqp5db6aktr', '1e44f90b-edff-4596-9948-35176f24944a'),
	('00000000-0000-0000-0000-000000000000', 92, 'u2s3he3o4yah', '5c5638be-d29c-4726-9816-c1ae4e4e4f1e', true, '2026-05-02 15:47:45.047523+00', '2026-05-02 16:46:25.640929+00', 'b76wxudgq33p', 'a53f4268-72e8-41ba-a7d3-3657368f5d80'),
	('00000000-0000-0000-0000-000000000000', 94, 'dguw2zkup5lm', '5c5638be-d29c-4726-9816-c1ae4e4e4f1e', true, '2026-05-02 16:08:23.30222+00', '2026-05-02 17:06:37.231681+00', NULL, 'b612b0b6-acfd-4848-8757-f17624c2e6db'),
	('00000000-0000-0000-0000-000000000000', 95, 'enu55qvueqaf', '5c5638be-d29c-4726-9816-c1ae4e4e4f1e', true, '2026-05-02 16:46:25.655813+00', '2026-05-02 17:45:07.457611+00', 'u2s3he3o4yah', 'a53f4268-72e8-41ba-a7d3-3657368f5d80'),
	('00000000-0000-0000-0000-000000000000', 55, 'qt7gg62kfgrz', '79e6eb94-99a8-40df-9bcf-ca6b6a3697f1', true, '2026-05-01 05:13:29.59594+00', '2026-05-01 09:44:12.969549+00', 'uht6byvw5dmt', '1e44f90b-edff-4596-9948-35176f24944a'),
	('00000000-0000-0000-0000-000000000000', 58, 'ncbi7zxft3xr', '79e6eb94-99a8-40df-9bcf-ca6b6a3697f1', false, '2026-05-01 09:44:12.974489+00', '2026-05-01 09:44:12.974489+00', 'qt7gg62kfgrz', '1e44f90b-edff-4596-9948-35176f24944a'),
	('00000000-0000-0000-0000-000000000000', 96, 'wisiqqyzcyg4', '5c5638be-d29c-4726-9816-c1ae4e4e4f1e', true, '2026-05-02 17:06:37.23898+00', '2026-05-02 18:08:31.438688+00', 'dguw2zkup5lm', 'b612b0b6-acfd-4848-8757-f17624c2e6db'),
	('00000000-0000-0000-0000-000000000000', 78, 'sndmxky4hdcf', '79e6eb94-99a8-40df-9bcf-ca6b6a3697f1', true, '2026-05-01 19:47:28.588585+00', '2026-05-02 18:12:56.932473+00', 'rjv7d3bgch3i', '721a1800-76c0-4840-8b64-991941c0d794'),
	('00000000-0000-0000-0000-000000000000', 97, 'bq5cgwcvxw3a', '5c5638be-d29c-4726-9816-c1ae4e4e4f1e', true, '2026-05-02 17:45:07.477155+00', '2026-05-02 18:47:49.311104+00', 'enu55qvueqaf', 'a53f4268-72e8-41ba-a7d3-3657368f5d80'),
	('00000000-0000-0000-0000-000000000000', 61, 'bfnwdi3ro6dp', '79e6eb94-99a8-40df-9bcf-ca6b6a3697f1', true, '2026-05-01 10:31:05.412338+00', '2026-05-01 11:46:10.838996+00', NULL, '721a1800-76c0-4840-8b64-991941c0d794'),
	('00000000-0000-0000-0000-000000000000', 98, 's5esi3wzs7xh', '5c5638be-d29c-4726-9816-c1ae4e4e4f1e', true, '2026-05-02 18:08:31.451771+00', '2026-05-02 19:10:10.87024+00', 'wisiqqyzcyg4', 'b612b0b6-acfd-4848-8757-f17624c2e6db'),
	('00000000-0000-0000-0000-000000000000', 65, 'gjnbarqg7km4', '79e6eb94-99a8-40df-9bcf-ca6b6a3697f1', true, '2026-05-01 11:46:10.850931+00', '2026-05-01 12:55:57.548972+00', 'bfnwdi3ro6dp', '721a1800-76c0-4840-8b64-991941c0d794'),
	('00000000-0000-0000-0000-000000000000', 100, '32byl6kbdsaz', '5c5638be-d29c-4726-9816-c1ae4e4e4f1e', true, '2026-05-02 18:47:49.329686+00', '2026-05-02 19:46:14.035292+00', 'bq5cgwcvxw3a', 'a53f4268-72e8-41ba-a7d3-3657368f5d80'),
	('00000000-0000-0000-0000-000000000000', 101, 'oexdgvotl5tj', '5c5638be-d29c-4726-9816-c1ae4e4e4f1e', true, '2026-05-02 19:10:10.880758+00', '2026-05-02 20:08:34.126161+00', 's5esi3wzs7xh', 'b612b0b6-acfd-4848-8757-f17624c2e6db'),
	('00000000-0000-0000-0000-000000000000', 99, 'urqxmustrvhj', '79e6eb94-99a8-40df-9bcf-ca6b6a3697f1', true, '2026-05-02 18:12:56.945572+00', '2026-05-02 20:22:11.278368+00', 'sndmxky4hdcf', '721a1800-76c0-4840-8b64-991941c0d794'),
	('00000000-0000-0000-0000-000000000000', 66, 'gc26uvrfkg65', '79e6eb94-99a8-40df-9bcf-ca6b6a3697f1', true, '2026-05-01 12:55:57.563915+00', '2026-05-01 15:13:22.409094+00', 'gjnbarqg7km4', '721a1800-76c0-4840-8b64-991941c0d794'),
	('00000000-0000-0000-0000-000000000000', 102, 'rekekvppap7k', '5c5638be-d29c-4726-9816-c1ae4e4e4f1e', true, '2026-05-02 19:46:14.049246+00', '2026-05-02 20:50:09.791718+00', '32byl6kbdsaz', 'a53f4268-72e8-41ba-a7d3-3657368f5d80'),
	('00000000-0000-0000-0000-000000000000', 103, 'm3yso5qp74z3', '5c5638be-d29c-4726-9816-c1ae4e4e4f1e', true, '2026-05-02 20:08:34.139388+00', '2026-05-02 21:06:38.40265+00', 'oexdgvotl5tj', 'b612b0b6-acfd-4848-8757-f17624c2e6db'),
	('00000000-0000-0000-0000-000000000000', 106, 'ijw7kjuwix4u', '5c5638be-d29c-4726-9816-c1ae4e4e4f1e', false, '2026-05-02 21:06:38.407832+00', '2026-05-02 21:06:38.407832+00', 'm3yso5qp74z3', 'b612b0b6-acfd-4848-8757-f17624c2e6db'),
	('00000000-0000-0000-0000-000000000000', 104, 'm4dntkm4j4ui', '79e6eb94-99a8-40df-9bcf-ca6b6a3697f1', true, '2026-05-02 20:22:11.286843+00', '2026-05-02 21:31:46.847116+00', 'urqxmustrvhj', '721a1800-76c0-4840-8b64-991941c0d794'),
	('00000000-0000-0000-0000-000000000000', 108, 'nfuo3lhr36da', '5c5638be-d29c-4726-9816-c1ae4e4e4f1e', false, '2026-05-02 21:44:40.871664+00', '2026-05-02 21:44:40.871664+00', NULL, 'b30011c0-26de-4333-a212-3e8eddff6e1c'),
	('00000000-0000-0000-0000-000000000000', 70, '4in6kdkti6mo', '79e6eb94-99a8-40df-9bcf-ca6b6a3697f1', true, '2026-05-01 15:13:22.423638+00', '2026-05-01 16:11:46.263913+00', 'gc26uvrfkg65', '721a1800-76c0-4840-8b64-991941c0d794'),
	('00000000-0000-0000-0000-000000000000', 105, '2zcurjtq4bkh', '5c5638be-d29c-4726-9816-c1ae4e4e4f1e', true, '2026-05-02 20:50:09.805547+00', '2026-05-02 22:10:11.839415+00', 'rekekvppap7k', 'a53f4268-72e8-41ba-a7d3-3657368f5d80'),
	('00000000-0000-0000-0000-000000000000', 110, 'loewd4rck233', '5c5638be-d29c-4726-9816-c1ae4e4e4f1e', true, '2026-05-02 22:10:11.850484+00', '2026-05-03 07:19:24.377532+00', '2zcurjtq4bkh', 'a53f4268-72e8-41ba-a7d3-3657368f5d80'),
	('00000000-0000-0000-0000-000000000000', 109, 'fs3gavbz7pwk', '5c5638be-d29c-4726-9816-c1ae4e4e4f1e', true, '2026-05-02 21:44:58.589218+00', '2026-05-03 08:03:12.498121+00', NULL, '45b6c1d9-a069-42b8-b162-1665a9156e69'),
	('00000000-0000-0000-0000-000000000000', 111, 'qrivtoupfjen', '5c5638be-d29c-4726-9816-c1ae4e4e4f1e', true, '2026-05-03 07:19:24.398203+00', '2026-05-03 08:34:35.376607+00', 'loewd4rck233', 'a53f4268-72e8-41ba-a7d3-3657368f5d80'),
	('00000000-0000-0000-0000-000000000000', 112, 'x2vudjkz2oik', '5c5638be-d29c-4726-9816-c1ae4e4e4f1e', true, '2026-05-03 08:03:12.511722+00', '2026-05-03 09:01:51.117452+00', 'fs3gavbz7pwk', '45b6c1d9-a069-42b8-b162-1665a9156e69'),
	('00000000-0000-0000-0000-000000000000', 114, 'bxnnfz6rozrh', '5c5638be-d29c-4726-9816-c1ae4e4e4f1e', true, '2026-05-03 09:01:51.132819+00', '2026-05-03 10:01:00.153201+00', 'x2vudjkz2oik', '45b6c1d9-a069-42b8-b162-1665a9156e69'),
	('00000000-0000-0000-0000-000000000000', 74, 'rjv7d3bgch3i', '79e6eb94-99a8-40df-9bcf-ca6b6a3697f1', true, '2026-05-01 16:11:46.288661+00', '2026-05-01 19:47:28.568855+00', '4in6kdkti6mo', '721a1800-76c0-4840-8b64-991941c0d794'),
	('00000000-0000-0000-0000-000000000000', 107, '6pxg5nquszp6', '79e6eb94-99a8-40df-9bcf-ca6b6a3697f1', true, '2026-05-02 21:31:46.868078+00', '2026-05-03 10:29:00.687799+00', 'm4dntkm4j4ui', '721a1800-76c0-4840-8b64-991941c0d794'),
	('00000000-0000-0000-0000-000000000000', 116, 'sh3cd5cxast3', '79e6eb94-99a8-40df-9bcf-ca6b6a3697f1', false, '2026-05-03 10:29:00.699952+00', '2026-05-03 10:29:00.699952+00', '6pxg5nquszp6', '721a1800-76c0-4840-8b64-991941c0d794'),
	('00000000-0000-0000-0000-000000000000', 113, 'hckpkv6z4h6h', '5c5638be-d29c-4726-9816-c1ae4e4e4f1e', true, '2026-05-03 08:34:35.385474+00', '2026-05-03 10:32:05.042156+00', 'qrivtoupfjen', 'a53f4268-72e8-41ba-a7d3-3657368f5d80'),
	('00000000-0000-0000-0000-000000000000', 115, 'lb3gieccphcx', '5c5638be-d29c-4726-9816-c1ae4e4e4f1e', true, '2026-05-03 10:01:00.17651+00', '2026-05-03 11:10:28.056016+00', 'bxnnfz6rozrh', '45b6c1d9-a069-42b8-b162-1665a9156e69'),
	('00000000-0000-0000-0000-000000000000', 117, 'f2mvkn3egrem', '5c5638be-d29c-4726-9816-c1ae4e4e4f1e', true, '2026-05-03 10:32:05.047763+00', '2026-05-03 12:11:37.402422+00', 'hckpkv6z4h6h', 'a53f4268-72e8-41ba-a7d3-3657368f5d80'),
	('00000000-0000-0000-0000-000000000000', 119, 'uxjb5yimi5ac', '5c5638be-d29c-4726-9816-c1ae4e4e4f1e', true, '2026-05-03 12:11:37.420722+00', '2026-05-03 17:28:43.930185+00', 'f2mvkn3egrem', 'a53f4268-72e8-41ba-a7d3-3657368f5d80'),
	('00000000-0000-0000-0000-000000000000', 120, 'ysbaei7pkbmv', '5c5638be-d29c-4726-9816-c1ae4e4e4f1e', true, '2026-05-03 17:28:43.945469+00', '2026-05-03 22:21:15.169347+00', 'uxjb5yimi5ac', 'a53f4268-72e8-41ba-a7d3-3657368f5d80'),
	('00000000-0000-0000-0000-000000000000', 121, 'skeex3esy5jh', '5c5638be-d29c-4726-9816-c1ae4e4e4f1e', true, '2026-05-03 22:21:15.185936+00', '2026-05-03 23:19:25.471656+00', 'ysbaei7pkbmv', 'a53f4268-72e8-41ba-a7d3-3657368f5d80'),
	('00000000-0000-0000-0000-000000000000', 122, 'tfp3rm5zcacf', '5c5638be-d29c-4726-9816-c1ae4e4e4f1e', true, '2026-05-03 23:19:25.484521+00', '2026-05-04 07:13:28.933431+00', 'skeex3esy5jh', 'a53f4268-72e8-41ba-a7d3-3657368f5d80'),
	('00000000-0000-0000-0000-000000000000', 118, 'fatjd3teguv2', '5c5638be-d29c-4726-9816-c1ae4e4e4f1e', true, '2026-05-03 11:10:28.066637+00', '2026-05-04 07:16:54.84366+00', 'lb3gieccphcx', '45b6c1d9-a069-42b8-b162-1665a9156e69'),
	('00000000-0000-0000-0000-000000000000', 126, 's2f47cpmpxsl', 'c01f1de2-6b07-4375-b34a-3c861a2ec31a', false, '2026-05-04 07:26:06.619272+00', '2026-05-04 07:26:06.619272+00', NULL, '01aeb96c-1b72-4e70-a740-247d9bc2d583'),
	('00000000-0000-0000-0000-000000000000', 127, 'pxzzacqg72c5', 'c01f1de2-6b07-4375-b34a-3c861a2ec31a', false, '2026-05-04 07:27:14.542853+00', '2026-05-04 07:27:14.542853+00', NULL, 'f712cc81-7a6f-45f7-9e3f-2855e1dcea34'),
	('00000000-0000-0000-0000-000000000000', 124, '234fisj6n6ux', '5c5638be-d29c-4726-9816-c1ae4e4e4f1e', true, '2026-05-04 07:16:54.852089+00', '2026-05-04 08:15:31.727342+00', 'fatjd3teguv2', '45b6c1d9-a069-42b8-b162-1665a9156e69'),
	('00000000-0000-0000-0000-000000000000', 125, 'znzhsngpfq32', 'c01f1de2-6b07-4375-b34a-3c861a2ec31a', true, '2026-05-04 07:18:00.595042+00', '2026-05-04 08:17:17.09989+00', NULL, '0b8bad81-6f2f-45ea-b51c-a5dffb8958f5'),
	('00000000-0000-0000-0000-000000000000', 129, 'vgo2uc7twdkd', '5c5638be-d29c-4726-9816-c1ae4e4e4f1e', true, '2026-05-04 08:15:31.753031+00', '2026-05-04 09:43:25.389343+00', '234fisj6n6ux', '45b6c1d9-a069-42b8-b162-1665a9156e69'),
	('00000000-0000-0000-0000-000000000000', 123, '76vc2txorbos', '5c5638be-d29c-4726-9816-c1ae4e4e4f1e', true, '2026-05-04 07:13:28.954591+00', '2026-05-04 09:54:26.56182+00', 'tfp3rm5zcacf', 'a53f4268-72e8-41ba-a7d3-3657368f5d80'),
	('00000000-0000-0000-0000-000000000000', 128, 'xadlfh54gekp', 'c01f1de2-6b07-4375-b34a-3c861a2ec31a', true, '2026-05-04 07:28:09.585932+00', '2026-05-04 10:05:00.992103+00', NULL, '4a67acc9-f7d4-4c3e-91d3-054e56242ab7'),
	('00000000-0000-0000-0000-000000000000', 130, 'oqsdpfkr3x4t', 'c01f1de2-6b07-4375-b34a-3c861a2ec31a', true, '2026-05-04 08:17:17.100295+00', '2026-05-04 10:08:05.396352+00', 'znzhsngpfq32', '0b8bad81-6f2f-45ea-b51c-a5dffb8958f5'),
	('00000000-0000-0000-0000-000000000000', 132, '2xtwybxgzxsd', 'a06e0744-d20c-486b-a1ba-f8c2931d03a2', false, '2026-05-04 09:52:07.229729+00', '2026-05-04 09:52:07.229729+00', NULL, '5de9c193-af06-4a35-b158-adf440af4325'),
	('00000000-0000-0000-0000-000000000000', 131, 'xoltcjt3rznn', '5c5638be-d29c-4726-9816-c1ae4e4e4f1e', true, '2026-05-04 09:43:25.408611+00', '2026-05-04 10:42:37.320693+00', 'vgo2uc7twdkd', '45b6c1d9-a069-42b8-b162-1665a9156e69'),
	('00000000-0000-0000-0000-000000000000', 136, 'fwkwfpaxnbua', 'c01f1de2-6b07-4375-b34a-3c861a2ec31a', true, '2026-05-04 10:08:05.405372+00', '2026-05-04 11:07:17.221377+00', 'oqsdpfkr3x4t', '0b8bad81-6f2f-45ea-b51c-a5dffb8958f5'),
	('00000000-0000-0000-0000-000000000000', 137, 'jmfr6c3rvyi5', '5c5638be-d29c-4726-9816-c1ae4e4e4f1e', true, '2026-05-04 10:42:37.334455+00', '2026-05-04 11:43:32.593586+00', 'xoltcjt3rznn', '45b6c1d9-a069-42b8-b162-1665a9156e69'),
	('00000000-0000-0000-0000-000000000000', 133, 'b7ltp6ew7f4u', 'a06e0744-d20c-486b-a1ba-f8c2931d03a2', true, '2026-05-04 09:52:29.717695+00', '2026-05-04 11:45:10.539967+00', NULL, 'd6293677-46ca-4088-b373-17bf7cb9925a'),
	('00000000-0000-0000-0000-000000000000', 140, '3geyvxhyxicb', 'a06e0744-d20c-486b-a1ba-f8c2931d03a2', false, '2026-05-04 11:45:10.54814+00', '2026-05-04 11:45:10.54814+00', 'b7ltp6ew7f4u', 'd6293677-46ca-4088-b373-17bf7cb9925a'),
	('00000000-0000-0000-0000-000000000000', 138, 'vstx2dynql4m', 'c01f1de2-6b07-4375-b34a-3c861a2ec31a', true, '2026-05-04 11:07:17.228738+00', '2026-05-04 12:06:17.402265+00', 'fwkwfpaxnbua', '0b8bad81-6f2f-45ea-b51c-a5dffb8958f5'),
	('00000000-0000-0000-0000-000000000000', 139, 'xjqt7gquvbox', '5c5638be-d29c-4726-9816-c1ae4e4e4f1e', true, '2026-05-04 11:43:32.611391+00', '2026-05-04 12:42:37.095347+00', 'jmfr6c3rvyi5', '45b6c1d9-a069-42b8-b162-1665a9156e69'),
	('00000000-0000-0000-0000-000000000000', 141, '3fbuzkzlvaoe', 'c01f1de2-6b07-4375-b34a-3c861a2ec31a', true, '2026-05-04 12:06:17.410574+00', '2026-05-04 13:15:20.836043+00', 'vstx2dynql4m', '0b8bad81-6f2f-45ea-b51c-a5dffb8958f5'),
	('00000000-0000-0000-0000-000000000000', 134, 'bty45nb2rfxc', '5c5638be-d29c-4726-9816-c1ae4e4e4f1e', true, '2026-05-04 09:54:26.568798+00', '2026-05-04 15:42:56.196411+00', '76vc2txorbos', 'a53f4268-72e8-41ba-a7d3-3657368f5d80'),
	('00000000-0000-0000-0000-000000000000', 135, 't7wg4qvghxsw', 'c01f1de2-6b07-4375-b34a-3c861a2ec31a', true, '2026-05-04 10:05:00.999624+00', '2026-05-04 17:31:21.245955+00', 'xadlfh54gekp', '4a67acc9-f7d4-4c3e-91d3-054e56242ab7'),
	('00000000-0000-0000-0000-000000000000', 145, 'nceeetovmxyl', 'c01f1de2-6b07-4375-b34a-3c861a2ec31a', false, '2026-05-04 17:31:21.267586+00', '2026-05-04 17:31:21.267586+00', 't7wg4qvghxsw', '4a67acc9-f7d4-4c3e-91d3-054e56242ab7'),
	('00000000-0000-0000-0000-000000000000', 142, 'umvhdylv5oox', '5c5638be-d29c-4726-9816-c1ae4e4e4f1e', true, '2026-05-04 12:42:37.107724+00', '2026-05-04 17:57:53.571663+00', 'xjqt7gquvbox', '45b6c1d9-a069-42b8-b162-1665a9156e69'),
	('00000000-0000-0000-0000-000000000000', 144, 'rqxmeghekjfl', '5c5638be-d29c-4726-9816-c1ae4e4e4f1e', true, '2026-05-04 15:42:56.213248+00', '2026-05-04 19:59:05.136267+00', 'bty45nb2rfxc', 'a53f4268-72e8-41ba-a7d3-3657368f5d80'),
	('00000000-0000-0000-0000-000000000000', 147, 'mwlt25wn7tsp', '5c5638be-d29c-4726-9816-c1ae4e4e4f1e', true, '2026-05-04 19:59:05.156163+00', '2026-05-05 07:57:42.818629+00', 'rqxmeghekjfl', 'a53f4268-72e8-41ba-a7d3-3657368f5d80'),
	('00000000-0000-0000-0000-000000000000', 148, 'xclp73ptwbgl', '5c5638be-d29c-4726-9816-c1ae4e4e4f1e', false, '2026-05-05 07:57:42.834104+00', '2026-05-05 07:57:42.834104+00', 'mwlt25wn7tsp', 'a53f4268-72e8-41ba-a7d3-3657368f5d80'),
	('00000000-0000-0000-0000-000000000000', 143, 'kjpny647bthl', 'c01f1de2-6b07-4375-b34a-3c861a2ec31a', true, '2026-05-04 13:15:20.856541+00', '2026-05-05 08:03:29.778983+00', '3fbuzkzlvaoe', '0b8bad81-6f2f-45ea-b51c-a5dffb8958f5'),
	('00000000-0000-0000-0000-000000000000', 146, 'mtege3c2vwny', '5c5638be-d29c-4726-9816-c1ae4e4e4f1e', true, '2026-05-04 17:57:53.580304+00', '2026-05-05 08:16:36.650849+00', 'umvhdylv5oox', '45b6c1d9-a069-42b8-b162-1665a9156e69'),
	('00000000-0000-0000-0000-000000000000', 150, 'ouhomrovkkty', '5c5638be-d29c-4726-9816-c1ae4e4e4f1e', false, '2026-05-05 08:16:36.659549+00', '2026-05-05 08:16:36.659549+00', 'mtege3c2vwny', '45b6c1d9-a069-42b8-b162-1665a9156e69'),
	('00000000-0000-0000-0000-000000000000', 149, 'w667fq72txju', 'c01f1de2-6b07-4375-b34a-3c861a2ec31a', true, '2026-05-05 08:03:29.785252+00', '2026-05-05 09:02:14.307946+00', 'kjpny647bthl', '0b8bad81-6f2f-45ea-b51c-a5dffb8958f5'),
	('00000000-0000-0000-0000-000000000000', 151, 'rsxf3rlbl3m4', 'c01f1de2-6b07-4375-b34a-3c861a2ec31a', false, '2026-05-05 09:02:14.335674+00', '2026-05-05 09:02:14.335674+00', 'w667fq72txju', '0b8bad81-6f2f-45ea-b51c-a5dffb8958f5');


--
-- Data for Name: sso_providers; Type: TABLE DATA; Schema: auth; Owner: supabase_auth_admin
--



--
-- Data for Name: saml_providers; Type: TABLE DATA; Schema: auth; Owner: supabase_auth_admin
--



--
-- Data for Name: saml_relay_states; Type: TABLE DATA; Schema: auth; Owner: supabase_auth_admin
--



--
-- Data for Name: sso_domains; Type: TABLE DATA; Schema: auth; Owner: supabase_auth_admin
--



--
-- Data for Name: webauthn_challenges; Type: TABLE DATA; Schema: auth; Owner: supabase_auth_admin
--



--
-- Data for Name: webauthn_credentials; Type: TABLE DATA; Schema: auth; Owner: supabase_auth_admin
--



--
-- Data for Name: profiles; Type: TABLE DATA; Schema: public; Owner: postgres
--

INSERT INTO "public"."profiles" ("id", "full_name", "email", "role", "is_active", "created_at", "updated_at") VALUES
	('9012ec6c-b061-45ff-be1b-c96018f5b251', 'Kontakt', 'kontakt@metical.pl', 'operator', true, '2026-04-29 17:42:15.875632+00', '2026-04-30 14:16:25.145681+00'),
	('5c5638be-d29c-4726-9816-c1ae4e4e4f1e', 'Łukasz W', 'l.walkuski@metical.pl', 'admin', true, '2026-04-29 16:48:28.903648+00', '2026-04-30 14:16:27.897726+00'),
	('a06e0744-d20c-486b-a1ba-f8c2931d03a2', 'Wojtek P', 'w.parda@metical.pl', 'operator', true, '2026-04-29 17:33:46.894402+00', '2026-04-30 14:16:48.85784+00'),
	('c01f1de2-6b07-4375-b34a-3c861a2ec31a', 'Joanna W', 'j.walkuski@metical.pl', 'operator', true, '2026-04-29 18:23:54.761453+00', '2026-04-30 14:17:00.478197+00'),
	('79e6eb94-99a8-40df-9bcf-ca6b6a3697f1', 'Damian K', 'd.komorowski@metical.pl', 'operator', true, '2026-04-30 18:53:48.511705+00', '2026-04-30 18:54:36.352414+00');


--
-- Data for Name: sales_leads; Type: TABLE DATA; Schema: public; Owner: postgres
--

INSERT INTO "public"."sales_leads" ("id", "full_name", "phone", "email", "city", "source", "service_type", "qualification_note", "status", "is_favorite", "primary_assigned_to", "secondary_assigned_to", "created_by", "next_follow_up_at", "follow_up_note", "converted_client_id", "created_at", "updated_at") VALUES
	('31628270-2ac2-4276-8354-d96e04e91828', 'Kux kuxowy', '123456789', NULL, NULL, 'manual', NULL, NULL, 'won', true, NULL, NULL, '79e6eb94-99a8-40df-9bcf-ca6b6a3697f1', NULL, NULL, '9e391c94-5bec-45cc-9aa5-c9b3ddeeb150', '2026-05-01 13:04:07.012723+00', '2026-05-01 14:05:44.706132+00'),
	('cf9485e5-7ff4-482c-a899-530d4f27a8ac', 'Janek Jankowski', '525252525', 'abc@abc.pl', 'Warszawa', 'facebook_ads', 'hydraulika', 'Chcę ogrzewanie podłogowe', 'new', false, '79e6eb94-99a8-40df-9bcf-ca6b6a3697f1', NULL, '5c5638be-d29c-4726-9816-c1ae4e4e4f1e', NULL, NULL, NULL, '2026-05-01 14:19:22.699708+00', '2026-05-01 14:19:22.699708+00'),
	('07dea59a-8177-4ad9-a4c3-0f4286b232f7', 'TEST LEAD', '123123123', 'xyz@metical.pl', 'Kraków', 'manual', 'pv_magazyn', NULL, 'new', false, '5c5638be-d29c-4726-9816-c1ae4e4e4f1e', NULL, '5c5638be-d29c-4726-9816-c1ae4e4e4f1e', '2026-05-03 00:00:00+00', 'zadzwonic', NULL, '2026-05-03 10:52:03.965654+00', '2026-05-03 10:52:03.965654+00'),
	('1fae7c12-4446-4a80-ae8d-19b9543e8fd5', 'Marek Kowalski', '515515', 'amg@amg.lk', 'Krakow', 'manual', 'hala', 'Klient chce halę', 'won', false, '79e6eb94-99a8-40df-9bcf-ca6b6a3697f1', 'c01f1de2-6b07-4375-b34a-3c861a2ec31a', '5c5638be-d29c-4726-9816-c1ae4e4e4f1e', '2026-05-04 05:00:00+00', 'Zadzwonić ponownje', 'df6068ff-8a31-49f5-9316-78d7af7993b3', '2026-05-01 13:04:10.308418+00', '2026-05-04 07:32:28.787033+00'),
	('3129e813-677c-49df-bdc2-87c2caa84435', 'Pawel Kowalski', '123456789', 'xyz@xyz.pl', 'Łomża', 'manual', 'dom', 'Chce domek nad jeziorem, ma projekt', 'lost', false, '5c5638be-d29c-4726-9816-c1ae4e4e4f1e', 'c01f1de2-6b07-4375-b34a-3c861a2ec31a', '5c5638be-d29c-4726-9816-c1ae4e4e4f1e', '2026-05-04 05:00:00+00', 'rozmawialam, i musze zaktulizowac oferte, kleitn chce zeby mu wycenic jeszcze pompe ciepła', NULL, '2026-05-02 16:10:41.346709+00', '2026-05-04 07:33:32.047962+00');


--
-- Data for Name: clients; Type: TABLE DATA; Schema: public; Owner: postgres
--

INSERT INTO "public"."clients" ("id", "full_name", "phone", "email", "city", "address", "source", "created_from_lead_id", "created_by", "assigned_to", "notes", "created_at", "updated_at") VALUES
	('df6068ff-8a31-49f5-9316-78d7af7993b3', 'Marek Kowalski', '515515', 'amg@amg.lk', 'Krakow', NULL, 'manual', '1fae7c12-4446-4a80-ae8d-19b9543e8fd5', '5c5638be-d29c-4726-9816-c1ae4e4e4f1e', '79e6eb94-99a8-40df-9bcf-ca6b6a3697f1', 'Klient chce halę
Zadzwonić o 15', '2026-05-01 13:54:43.835562+00', '2026-05-01 13:54:43.835562+00'),
	('9e391c94-5bec-45cc-9aa5-c9b3ddeeb150', 'Kux kuxowy', '123456789', NULL, NULL, NULL, 'manual', '31628270-2ac2-4276-8354-d96e04e91828', '5c5638be-d29c-4726-9816-c1ae4e4e4f1e', '5c5638be-d29c-4726-9816-c1ae4e4e4f1e', NULL, '2026-05-01 14:05:44.459456+00', '2026-05-01 14:05:44.459456+00'),
	('c6d614e6-6019-49aa-9395-a56236523066', 'Jan Kowalski', '123456789', 'kowalski@pdfgen.pl', 'Warszawa', NULL, 'Lead', NULL, '79e6eb94-99a8-40df-9bcf-ca6b6a3697f1', '79e6eb94-99a8-40df-9bcf-ca6b6a3697f1', NULL, '2026-05-02 21:06:23.511533+00', '2026-05-02 21:06:23.511533+00'),
	('921a9701-62f1-440c-a682-24834e3cc6d3', 'Małgorzata Bennini', NULL, NULL, 'Niemcy ', NULL, NULL, NULL, 'c01f1de2-6b07-4375-b34a-3c861a2ec31a', 'a06e0744-d20c-486b-a1ba-f8c2931d03a2', NULL, '2026-05-04 07:59:35.948065+00', '2026-05-04 07:59:35.948065+00');


--
-- Data for Name: investments; Type: TABLE DATA; Schema: public; Owner: postgres
--

INSERT INTO "public"."investments" ("id", "name", "client_name", "client_phone", "client_email", "investment_address", "investment_type", "status", "deposit_paid", "components_note", "created_by", "created_at", "updated_at", "client_id", "archived_at", "archived_by") VALUES
	('8745dcf7-cbac-4cdc-9ea2-cbbe5ac45dfb', 'grupa nowa farmacja me', 'grupa nowa farmacja', '728211910', 'j.ostaszewski@gnf.info.pl', '15-388 Białystok ul. Transportowa 20', 'magazyn', 'czeka_na_wplate', false, NULL, 'c01f1de2-6b07-4375-b34a-3c861a2ec31a', '2026-05-04 07:46:20.528116+00', '2026-05-04 07:46:20.528116+00', NULL, NULL, NULL),
	('684b6b02-bb49-4740-bfdc-b439371f2cc2', 'Fotowoltaika kux swierkoa', 'Kux kuxowy', '123456789', NULL, NULL, 'pv', 'czeka_na_wplate', true, NULL, '5c5638be-d29c-4726-9816-c1ae4e4e4f1e', '2026-05-01 14:45:38.638505+00', '2026-05-04 07:52:34.095854+00', '9e391c94-5bec-45cc-9aa5-c9b3ddeeb150', '2026-05-04 07:52:33.929+00', '5c5638be-d29c-4726-9816-c1ae4e4e4f1e'),
	('1e4aaa1d-65a7-4aab-9d64-f9e8f02f8398', 'Test', 'Test', '545545454', NULL, NULL, 'pv', 'czeka_na_wplate', true, 'Hdhdhs', '5c5638be-d29c-4726-9816-c1ae4e4e4f1e', '2026-05-01 11:01:40.54212+00', '2026-05-04 07:52:37.39908+00', NULL, '2026-05-04 07:52:37.245+00', '5c5638be-d29c-4726-9816-c1ae4e4e4f1e'),
	('f918b069-9cbe-41b7-8dad-ea287c7f0dec', 'Testowa inwestycja 2', 'Jan Janek', '5555', 'hdhs@hd.pl', 'Kwiatowa 5', 'elektryka', 'czeka_na_wplate', true, 'Panele falownik', '5c5638be-d29c-4726-9816-c1ae4e4e4f1e', '2026-05-01 10:40:56.246139+00', '2026-05-04 07:52:40.183449+00', NULL, '2026-05-04 07:52:40.062+00', '5c5638be-d29c-4726-9816-c1ae4e4e4f1e'),
	('30bb87ca-7b72-422a-8c24-04a4b4597c47', 'Testowa inwestycja 2', 'Marek Marek', NULL, NULL, NULL, 'pv', 'w_planowaniu', true, NULL, '5c5638be-d29c-4726-9816-c1ae4e4e4f1e', '2026-05-01 10:33:13.339332+00', '2026-05-04 07:52:43.246804+00', NULL, '2026-05-04 07:52:42.879+00', '5c5638be-d29c-4726-9816-c1ae4e4e4f1e'),
	('dc091bcd-3d32-48aa-b413-6e9802bb5044', 'Testowa inwestycja Xyz', 'Xyz', '555555555', 'xyz@xyz.pl', 'Kwiatowa 12', 'pv', 'czeka_na_wplate', true, 'Xyz', '5c5638be-d29c-4726-9816-c1ae4e4e4f1e', '2026-05-01 10:29:17.335007+00', '2026-05-04 07:52:46.070898+00', NULL, '2026-05-04 07:52:45.847+00', '5c5638be-d29c-4726-9816-c1ae4e4e4f1e'),
	('1eb636ff-a8d4-4d73-8b35-0aeb646e1af6', 'Nowa inwestycja w Łomży 12345', 'Janóż', NULL, NULL, NULL, 'pv', 'w_realizacji', false, NULL, '79e6eb94-99a8-40df-9bcf-ca6b6a3697f1', '2026-05-01 10:09:24.768348+00', '2026-05-04 07:52:49.085007+00', NULL, '2026-05-04 07:52:48.931+00', '5c5638be-d29c-4726-9816-c1ae4e4e4f1e'),
	('834ea72c-2b03-4747-978a-8bc6991dfff2', 'Jan Kowalski pv', 'Jan Kowalski', '555555555', 'heh@sh.pl', 'Ul kwiatowa 5', 'pv', 'czeka_na_wplate', true, '10x ja solar 500
Deye 6kW 
15kWh magazyn 
Blachodachówka', '5c5638be-d29c-4726-9816-c1ae4e4e4f1e', '2026-04-29 17:32:16.006471+00', '2026-05-04 07:52:52.241969+00', NULL, '2026-05-04 07:52:51.948+00', '5c5638be-d29c-4726-9816-c1ae4e4e4f1e'),
	('9c083b4a-ba5d-4b01-9618-bc56bcd47693', 'Gsh', 'Bsbbs', '55555', 'gsh@hehe.j', 'Bsnsbbs4', 'pv', 'zakonczona', true, 'Bsbsbsh', '5c5638be-d29c-4726-9816-c1ae4e4e4f1e', '2026-05-01 10:04:03.482403+00', '2026-05-04 11:44:13.491114+00', NULL, '2026-05-04 11:44:13.89+00', '5c5638be-d29c-4726-9816-c1ae4e4e4f1e'),
	('0b29bed2-f273-4eb7-ba8c-1dcf3597b790', 'Nowogród', 'Manko', '505213506', 'msnito@zd', 'Jeżyny 12', 'pv_magazyn', 'zakonczona', true, NULL, '5c5638be-d29c-4726-9816-c1ae4e4e4f1e', '2026-04-30 11:41:53.384819+00', '2026-05-04 11:44:17.975565+00', NULL, '2026-05-04 11:44:18.346+00', '5c5638be-d29c-4726-9816-c1ae4e4e4f1e'),
	('4fb0c8ce-ab79-41dc-a235-e3ab1a2d8ba9', 'Klient 2', 'Klien xyz', '568568658', 'hsh@djd.ll', 'Jshshsh 5', 'pv', 'zakonczona', true, NULL, '5c5638be-d29c-4726-9816-c1ae4e4e4f1e', '2026-04-29 17:53:19.094788+00', '2026-05-04 11:44:21.630164+00', NULL, '2026-05-04 11:44:22.026+00', '5c5638be-d29c-4726-9816-c1ae4e4e4f1e');


--
-- Data for Name: tasks; Type: TABLE DATA; Schema: public; Owner: postgres
--

INSERT INTO "public"."tasks" ("id", "title", "description", "status", "priority", "due_date", "created_by", "assigned_to", "investment_id", "awaiting_response", "created_at", "updated_at", "completed_at", "last_activity_at", "last_bumped_at", "archived_at", "archived_by") VALUES
	('1422938a-b144-4583-af6d-9b20a5944a82', 'Zamówić okna do klienta X', '12 okien z listy na mailu', 'zrobione', 'normalny', '2026-04-30', '5c5638be-d29c-4726-9816-c1ae4e4e4f1e', '5c5638be-d29c-4726-9816-c1ae4e4e4f1e', NULL, false, '2026-04-29 17:12:20.214576+00', '2026-04-29 17:13:08.772173+00', '2026-04-29 17:13:08.772173+00', '2026-04-29 17:13:09.162+00', NULL, NULL, NULL),
	('b32d81ea-c6aa-4845-a11c-87710fb0b74d', 'bard -sad', 'wystawić fv końcową', 'w_trakcie', 'pilny', '2026-05-05', 'c01f1de2-6b07-4375-b34a-3c861a2ec31a', '5c5638be-d29c-4726-9816-c1ae4e4e4f1e', NULL, false, '2026-05-04 07:53:54.628054+00', '2026-05-04 11:44:55.559932+00', NULL, '2026-05-04 11:44:55.966+00', NULL, NULL, NULL),
	('f00a4641-d3e4-48d5-a3a3-82f1b0e6613a', 'Zamówić towar', 'Panels 
Falownik 
ME 
Konstrukcja', 'do_zrobienia', 'pilny', '2026-04-30', '5c5638be-d29c-4726-9816-c1ae4e4e4f1e', 'a06e0744-d20c-486b-a1ba-f8c2931d03a2', '0b29bed2-f273-4eb7-ba8c-1dcf3597b790', true, '2026-04-30 11:43:23.844397+00', '2026-05-01 10:30:20.130445+00', NULL, '2026-04-30 11:43:36.975+00', '2026-04-30 11:43:36.975+00', '2026-05-01 10:30:19.918+00', '5c5638be-d29c-4726-9816-c1ae4e4e4f1e'),
	('e9eb6419-5691-4620-ab5f-970d3a5ac0c8', 'Hshsh', 'Jejdhd', 'do_zrobienia', 'krytyczny', '2026-04-30', '9012ec6c-b061-45ff-be1b-c96018f5b251', '5c5638be-d29c-4726-9816-c1ae4e4e4f1e', '834ea72c-2b03-4747-978a-8bc6991dfff2', false, '2026-04-30 15:02:22.190811+00', '2026-04-30 18:05:09.649825+00', NULL, '2026-04-30 18:04:49.988+00', '2026-04-30 18:04:26.693+00', '2026-04-30 18:05:09.566+00', '9012ec6c-b061-45ff-be1b-c96018f5b251'),
	('37e90303-900d-4609-8231-5445e8647f61', 'Xyz', 'Xyz', 'w_trakcie', 'normalny', '2026-04-29', '5c5638be-d29c-4726-9816-c1ae4e4e4f1e', '9012ec6c-b061-45ff-be1b-c96018f5b251', '834ea72c-2b03-4747-978a-8bc6991dfff2', true, '2026-04-29 17:44:24.571713+00', '2026-04-30 18:22:07.958333+00', NULL, '2026-04-30 18:03:24.883+00', '2026-04-29 19:35:34.044+00', '2026-04-30 18:22:07.804+00', '5c5638be-d29c-4726-9816-c1ae4e4e4f1e'),
	('9e5f6d08-3fc7-402f-ac6d-45977d95b9c1', 'Opłacić kable metical', 'Będzie kurier rano', 'zrobione', 'normalny', '2026-05-04', 'a06e0744-d20c-486b-a1ba-f8c2931d03a2', '5c5638be-d29c-4726-9816-c1ae4e4e4f1e', NULL, false, '2026-05-04 09:54:03.024057+00', '2026-05-04 11:45:07.84786+00', '2026-05-04 11:45:07.84786+00', '2026-05-04 11:45:08.171+00', '2026-05-04 09:54:08.039+00', NULL, NULL),
	('53273f3a-26a7-478d-8a3e-12d7742901c5', 'Zamówić panele drugi raz', '10szt', 'w_trakcie', 'krytyczny', '2026-04-29', '5c5638be-d29c-4726-9816-c1ae4e4e4f1e', '9012ec6c-b061-45ff-be1b-c96018f5b251', '834ea72c-2b03-4747-978a-8bc6991dfff2', true, '2026-04-29 17:43:22.775598+00', '2026-04-30 18:22:20.847526+00', NULL, '2026-04-30 18:02:58.247+00', '2026-04-29 19:35:38.528+00', '2026-04-30 18:22:20.689+00', '5c5638be-d29c-4726-9816-c1ae4e4e4f1e'),
	('2204512d-b436-46e5-8b85-148222d518fc', 'Zadanie', 'Xyz', 'w_trakcie', 'normalny', '2026-04-30', '5c5638be-d29c-4726-9816-c1ae4e4e4f1e', '9012ec6c-b061-45ff-be1b-c96018f5b251', '4fb0c8ce-ab79-41dc-a235-e3ab1a2d8ba9', false, '2026-04-30 13:15:21.29684+00', '2026-04-30 18:22:29.093414+00', NULL, '2026-04-30 16:47:38.937+00', '2026-04-30 13:53:58.627+00', '2026-04-30 18:22:28.944+00', '5c5638be-d29c-4726-9816-c1ae4e4e4f1e'),
	('8e63c910-3a8e-4e0c-9962-1f8541a09410', 'Zadzwonić do klienta', 'Chce halę zapisałem na tablicy', 'do_zrobienia', 'normalny', '2026-05-04', '5c5638be-d29c-4726-9816-c1ae4e4e4f1e', '5c5638be-d29c-4726-9816-c1ae4e4e4f1e', NULL, false, '2026-05-04 20:51:10.093452+00', '2026-05-04 20:51:10.093452+00', NULL, '2026-05-04 20:51:09.695+00', NULL, NULL, NULL),
	('f2171668-b7f4-4881-a939-d2c582254567', 'Test', 'Test', 'w_trakcie', 'normalny', '2026-04-30', '5c5638be-d29c-4726-9816-c1ae4e4e4f1e', '9012ec6c-b061-45ff-be1b-c96018f5b251', NULL, false, '2026-04-30 13:40:31.380805+00', '2026-04-30 18:22:47.036785+00', NULL, '2026-04-30 15:01:53.502+00', '2026-04-30 15:01:37.122+00', '2026-04-30 18:22:46.881+00', '5c5638be-d29c-4726-9816-c1ae4e4e4f1e'),
	('6b99c1a4-7895-4eae-a2af-8310521285a5', 'Hehe', 'Hehehe', 'zrobione', 'normalny', '2026-04-29', '5c5638be-d29c-4726-9816-c1ae4e4e4f1e', '9012ec6c-b061-45ff-be1b-c96018f5b251', '4fb0c8ce-ab79-41dc-a235-e3ab1a2d8ba9', true, '2026-04-29 17:54:41.806228+00', '2026-04-30 18:02:48.739822+00', '2026-04-30 18:02:48.739822+00', '2026-04-30 18:02:48.516+00', '2026-04-30 13:14:46.992+00', NULL, NULL),
	('cc13d215-cc9e-46d9-beff-f77251610184', 'D', 'R', 'zrobione', 'normalny', '2026-04-30', '5c5638be-d29c-4726-9816-c1ae4e4e4f1e', 'c01f1de2-6b07-4375-b34a-3c861a2ec31a', NULL, true, '2026-04-30 14:19:33.11744+00', '2026-04-30 15:29:13.927452+00', '2026-04-30 15:29:13.927452+00', '2026-04-30 15:29:13.765+00', '2026-04-30 15:01:29.351+00', NULL, NULL),
	('6c9a6ba7-3584-4a69-b46d-230063b60ac8', 'Zadanie testowe', 'Moje własne', 'w_trakcie', 'pilny', '2026-04-30', '5c5638be-d29c-4726-9816-c1ae4e4e4f1e', '5c5638be-d29c-4726-9816-c1ae4e4e4f1e', NULL, false, '2026-04-30 16:49:22.401371+00', '2026-04-30 17:10:01.72363+00', NULL, '2026-04-30 17:09:33.368+00', NULL, '2026-04-30 17:10:01.623+00', '5c5638be-d29c-4726-9816-c1ae4e4e4f1e'),
	('7a3ae7b1-b554-4882-b897-34d0b4280be9', 'asd', 'asd', 'zrobione', 'normalny', '2026-04-29', '9012ec6c-b061-45ff-be1b-c96018f5b251', '5c5638be-d29c-4726-9816-c1ae4e4e4f1e', '4fb0c8ce-ab79-41dc-a235-e3ab1a2d8ba9', false, '2026-04-29 18:26:09.802805+00', '2026-04-30 13:40:00.167435+00', '2026-04-30 13:40:00.167435+00', '2026-04-30 13:39:59.98+00', NULL, NULL, NULL),
	('c595217e-27d0-4aea-aad6-5cddc407eacb', 'Zamówić okna do klienta X', 'asdasd', 'zrobione', 'pilny', '2026-04-29', '5c5638be-d29c-4726-9816-c1ae4e4e4f1e', '5c5638be-d29c-4726-9816-c1ae4e4e4f1e', NULL, false, '2026-04-29 17:13:42.125014+00', '2026-04-30 13:40:02.361266+00', '2026-04-30 13:40:02.361266+00', '2026-04-30 13:40:02.163+00', NULL, NULL, NULL),
	('c1dc46e5-c5f4-4663-8cb1-001a17514357', 'asd', 'asd', 'zrobione', 'normalny', '2026-04-28', '5c5638be-d29c-4726-9816-c1ae4e4e4f1e', '5c5638be-d29c-4726-9816-c1ae4e4e4f1e', NULL, false, '2026-04-29 17:12:29.016136+00', '2026-04-30 13:40:04.558896+00', '2026-04-30 13:40:04.558896+00', '2026-04-30 13:40:04.381+00', NULL, NULL, NULL),
	('fd2b1cb7-2dbe-4d93-943a-454766b602a9', 'Test test', 'Test', 'w_trakcie', 'normalny', '2026-05-01', '5c5638be-d29c-4726-9816-c1ae4e4e4f1e', '79e6eb94-99a8-40df-9bcf-ca6b6a3697f1', NULL, true, '2026-05-01 10:24:09.296599+00', '2026-05-04 07:53:40.629319+00', NULL, '2026-05-01 16:28:29.846+00', '2026-05-01 16:28:29.846+00', '2026-05-04 07:53:40.458+00', '5c5638be-d29c-4726-9816-c1ae4e4e4f1e'),
	('daacdae9-1898-450d-902e-e1ab9f61bd81', 'Już nowe zadanie', 'Hello moto', 'zrobione', 'pilny', '2026-05-31', '79e6eb94-99a8-40df-9bcf-ca6b6a3697f1', '5c5638be-d29c-4726-9816-c1ae4e4e4f1e', NULL, false, '2026-05-01 10:02:25.011804+00', '2026-05-01 10:25:39.623198+00', '2026-05-01 10:25:39.623198+00', '2026-05-01 10:25:39.513+00', NULL, NULL, NULL),
	('70f70605-1004-4029-bfa3-a202e8863f16', 'Jol jol', 'Test', 'zrobione', 'krytyczny', '2026-04-30', '79e6eb94-99a8-40df-9bcf-ca6b6a3697f1', '5c5638be-d29c-4726-9816-c1ae4e4e4f1e', NULL, true, '2026-05-01 09:59:47.008422+00', '2026-05-01 10:25:43.260792+00', '2026-05-01 10:25:43.260792+00', '2026-05-01 10:25:43.134+00', '2026-05-01 10:01:36.436+00', NULL, NULL),
	('57a7cd22-f1a4-45ef-b55e-7d0a0bac91ef', 'Pdfgen dokończyć', 'Raz dwa trzy', 'zrobione', 'krytyczny', '2026-04-30', '79e6eb94-99a8-40df-9bcf-ca6b6a3697f1', '5c5638be-d29c-4726-9816-c1ae4e4e4f1e', NULL, true, '2026-04-30 18:56:58.385933+00', '2026-05-01 10:25:47.490284+00', '2026-05-01 10:25:47.490284+00', '2026-05-01 10:25:47.384+00', '2026-05-01 09:59:15.743+00', NULL, NULL),
	('75e9f768-b5dc-4f69-be80-8b1cee973ae3', 'Test', 'Test', 'zrobione', 'normalny', '2026-05-01', '5c5638be-d29c-4726-9816-c1ae4e4e4f1e', '79e6eb94-99a8-40df-9bcf-ca6b6a3697f1', NULL, true, '2026-05-01 10:01:43.66336+00', '2026-05-01 10:25:50.707344+00', '2026-05-01 10:25:50.707344+00', '2026-05-01 10:25:50.639+00', '2026-05-01 10:01:51.286+00', NULL, NULL),
	('a794329c-8c42-4dfd-847d-ba867ce38908', 'Kup kebaba', 'Z ostrym sosem dla mategio', 'zrobione', 'normalny', '2026-04-30', '5c5638be-d29c-4726-9816-c1ae4e4e4f1e', '9012ec6c-b061-45ff-be1b-c96018f5b251', '0b29bed2-f273-4eb7-ba8c-1dcf3597b790', true, '2026-04-30 18:23:24.275015+00', '2026-04-30 18:25:33.929455+00', '2026-04-30 18:25:33.929455+00', '2026-04-30 18:25:33.742+00', '2026-04-30 18:25:24.265+00', NULL, NULL),
	('156fa062-4864-4847-8ec6-493b5223cfcf', 'Hshns', 'Hshnsbs', 'zrobione', 'normalny', '2026-05-01', '5c5638be-d29c-4726-9816-c1ae4e4e4f1e', '79e6eb94-99a8-40df-9bcf-ca6b6a3697f1', '9c083b4a-ba5d-4b01-9618-bc56bcd47693', false, '2026-05-01 10:04:25.653904+00', '2026-05-01 10:25:55.314703+00', '2026-05-01 10:25:55.314703+00', '2026-05-01 10:25:55.21+00', NULL, NULL, NULL),
	('56dc2016-017c-4466-9b96-85625f743ec2', 'Zamówić panele dwa razy', 'Dwa razy', 'zrobione', 'pilny', '2026-04-30', '9012ec6c-b061-45ff-be1b-c96018f5b251', '5c5638be-d29c-4726-9816-c1ae4e4e4f1e', '0b29bed2-f273-4eb7-ba8c-1dcf3597b790', true, '2026-04-30 15:52:01.24782+00', '2026-04-30 18:26:21.722134+00', '2026-04-30 18:26:21.722134+00', '2026-04-30 18:26:21.48+00', '2026-04-30 18:04:21.246+00', NULL, NULL),
	('b7139987-97b7-4672-baf5-0a8851d46d17', 'Kup 200ml', 'Bardzo proszę', 'zrobione', 'krytyczny', '2026-04-30', '9012ec6c-b061-45ff-be1b-c96018f5b251', '5c5638be-d29c-4726-9816-c1ae4e4e4f1e', NULL, true, '2026-04-30 18:28:00.189815+00', '2026-05-01 10:29:38.618298+00', '2026-05-01 10:29:38.618298+00', '2026-05-01 10:29:38.416+00', '2026-04-30 18:28:16.848+00', NULL, NULL),
	('837f204e-0641-4404-a98b-0e14b5c855cc', 'Wykonać przelew', 'Do firmy od stali', 'do_zrobienia', 'pilny', '2026-04-30', '5c5638be-d29c-4726-9816-c1ae4e4e4f1e', 'c01f1de2-6b07-4375-b34a-3c861a2ec31a', '834ea72c-2b03-4747-978a-8bc6991dfff2', true, '2026-04-30 12:33:34.134386+00', '2026-05-01 10:30:01.684427+00', NULL, '2026-04-30 17:11:54.448+00', '2026-04-30 14:19:20.817+00', '2026-05-01 10:30:01.375+00', '5c5638be-d29c-4726-9816-c1ae4e4e4f1e'),
	('1edc6789-aba0-416c-b78f-7554494e7d7f', 'Zamówić panele', '10 szt do klienta x', 'do_zrobienia', 'normalny', '2026-04-29', '5c5638be-d29c-4726-9816-c1ae4e4e4f1e', 'a06e0744-d20c-486b-a1ba-f8c2931d03a2', '834ea72c-2b03-4747-978a-8bc6991dfff2', true, '2026-04-29 17:35:57.606714+00', '2026-05-01 10:30:05.794202+00', NULL, '2026-04-29 19:37:56.558+00', '2026-04-29 19:35:48.029+00', '2026-05-01 10:30:05.475+00', '5c5638be-d29c-4726-9816-c1ae4e4e4f1e'),
	('5a624a63-a8c4-4c29-8798-b459e078c05c', 'Zamówić panele', 'Komus', 'zrobione', 'normalny', '2026-04-30', 'c01f1de2-6b07-4375-b34a-3c861a2ec31a', '5c5638be-d29c-4726-9816-c1ae4e4e4f1e', NULL, true, '2026-04-30 12:35:43.149975+00', '2026-04-30 13:39:49.847137+00', '2026-04-30 13:39:49.847137+00', '2026-04-30 13:39:49.66+00', '2026-04-30 12:51:00.008+00', NULL, NULL),
	('ccb5e024-8867-4773-bca9-9e86864d51ef', 'Zamówić panele', 'Dziesięć sztuk 500W', 'zrobione', 'pilny', '2026-04-30', 'c01f1de2-6b07-4375-b34a-3c861a2ec31a', '5c5638be-d29c-4726-9816-c1ae4e4e4f1e', '0b29bed2-f273-4eb7-ba8c-1dcf3597b790', true, '2026-04-30 12:11:26.267617+00', '2026-04-30 13:39:52.571531+00', '2026-04-30 13:39:52.571531+00', '2026-04-30 13:39:52.378+00', '2026-04-30 12:40:27.119+00', NULL, NULL),
	('4e0ed1f3-cd5b-4f1c-8f3f-8fc0395c50e3', 'Zamówić towar', NULL, 'zrobione', 'normalny', '2026-04-30', '5c5638be-d29c-4726-9816-c1ae4e4e4f1e', '5c5638be-d29c-4726-9816-c1ae4e4e4f1e', NULL, false, '2026-04-30 11:42:22.374908+00', '2026-04-30 13:39:54.777425+00', '2026-04-30 13:39:54.777425+00', '2026-04-30 13:39:54.579+00', NULL, NULL, NULL),
	('52d6c8c5-f408-4e84-8b09-b867817bc970', 'Zrobić stronę do odfgen', 'Dodoac anjmacje 
Dodać sekcje dwie', 'zrobione', 'normalny', '2026-04-29', '5c5638be-d29c-4726-9816-c1ae4e4e4f1e', '5c5638be-d29c-4726-9816-c1ae4e4e4f1e', NULL, false, '2026-04-29 19:34:53.461611+00', '2026-04-30 13:39:57.244961+00', '2026-04-30 13:39:57.244961+00', '2026-04-30 13:39:57.063+00', NULL, NULL, NULL),
	('50b5ede5-7fc2-4d88-9a5f-e18e3efb5b81', 'Powiadomienie testowe', 'Pomidory i kapusta', 'zrobione', 'krytyczny', '2026-04-30', '5c5638be-d29c-4726-9816-c1ae4e4e4f1e', '79e6eb94-99a8-40df-9bcf-ca6b6a3697f1', NULL, false, '2026-04-30 18:57:37.508724+00', '2026-04-30 20:07:34.771559+00', '2026-04-30 20:07:28.280651+00', '2026-04-30 20:07:34.686+00', '2026-04-30 20:03:31.27+00', NULL, NULL),
	('df77e6be-6198-4801-bd82-648df49cfd7c', 'Zadanie testowe', 'Wykonaj zakup narzędzi', 'do_zrobienia', 'pilny', '2026-05-01', '5c5638be-d29c-4726-9816-c1ae4e4e4f1e', '79e6eb94-99a8-40df-9bcf-ca6b6a3697f1', NULL, true, '2026-05-01 10:27:26.192027+00', '2026-05-04 07:53:45.584281+00', NULL, '2026-05-01 10:28:40.645+00', '2026-05-01 10:28:40.645+00', '2026-05-04 07:53:45.426+00', '5c5638be-d29c-4726-9816-c1ae4e4e4f1e'),
	('65b01f01-2ae6-40c5-ac0e-be2ea8f8ad02', 'Formularz do PDF gen', NULL, 'zrobione', 'normalny', '2026-05-01', '79e6eb94-99a8-40df-9bcf-ca6b6a3697f1', '5c5638be-d29c-4726-9816-c1ae4e4e4f1e', NULL, false, '2026-05-01 12:56:16.252573+00', '2026-05-02 18:13:03.226232+00', '2026-05-02 18:13:03.226232+00', '2026-05-02 18:13:03.124+00', '2026-05-01 19:47:53.27+00', NULL, NULL),
	('f672d918-9962-4d0b-a36d-98890b667423', 'Hello world', NULL, 'zrobione', 'normalny', '2026-05-01', '79e6eb94-99a8-40df-9bcf-ca6b6a3697f1', '5c5638be-d29c-4726-9816-c1ae4e4e4f1e', NULL, true, '2026-05-01 13:01:41.53315+00', '2026-05-02 18:13:16.508586+00', '2026-05-02 18:13:16.508586+00', '2026-05-02 18:13:16.398+00', '2026-05-01 15:39:48.717+00', NULL, NULL),
	('5c9c0b27-7876-4d94-b07c-c22897eb5206', 'Jestem', 'Zapraszam', 'w_trakcie', 'normalny', '2026-05-02', '5c5638be-d29c-4726-9816-c1ae4e4e4f1e', '79e6eb94-99a8-40df-9bcf-ca6b6a3697f1', NULL, true, '2026-05-02 06:28:04.788577+00', '2026-05-04 07:53:36.144193+00', NULL, '2026-05-03 07:20:39.257+00', '2026-05-03 07:20:39.257+00', '2026-05-04 07:53:35.957+00', '5c5638be-d29c-4726-9816-c1ae4e4e4f1e'),
	('cb4a809c-33bf-4d03-9976-76779741e105', 'Wypełnić formularz na Pdfgen.pl', NULL, 'zrobione', 'krytyczny', '2026-05-02', '79e6eb94-99a8-40df-9bcf-ca6b6a3697f1', '5c5638be-d29c-4726-9816-c1ae4e4e4f1e', NULL, false, '2026-05-02 20:54:46.351061+00', '2026-05-04 07:53:29.946517+00', '2026-05-04 07:53:29.946517+00', '2026-05-04 07:53:29.802+00', NULL, NULL, NULL),
	('35836f77-cfd2-465c-9e6e-ca73af1695ee', 'bhp - ogólnobudowlane', NULL, 'do_zrobienia', 'normalny', '2026-05-08', 'c01f1de2-6b07-4375-b34a-3c861a2ec31a', 'c01f1de2-6b07-4375-b34a-3c861a2ec31a', NULL, false, '2026-05-04 07:48:13.288108+00', '2026-05-04 07:48:13.288108+00', NULL, '2026-05-04 07:48:16.578+00', NULL, NULL, NULL),
	('ce2b9b72-4291-447f-9654-2281816aed44', 'czyste powietrze tarnowski, mikucki', 'poprawić wnioski', 'do_zrobienia', 'normalny', '2026-05-05', 'c01f1de2-6b07-4375-b34a-3c861a2ec31a', 'c01f1de2-6b07-4375-b34a-3c861a2ec31a', NULL, false, '2026-05-04 07:49:59.555096+00', '2026-05-04 07:49:59.555096+00', NULL, '2026-05-04 07:50:02.784+00', NULL, NULL, NULL),
	('55bfc3e5-fb53-43c9-987a-130f23d3b7dd', 'Kompletna oferta domu', NULL, 'zrobione', 'pilny', '2026-05-04', '9012ec6c-b061-45ff-be1b-c96018f5b251', '5c5638be-d29c-4726-9816-c1ae4e4e4f1e', NULL, true, '2026-04-30 18:27:13.814723+00', '2026-05-04 07:53:25.607369+00', '2026-05-04 07:53:25.607369+00', '2026-05-04 07:53:25.384+00', '2026-05-02 12:01:28.155+00', NULL, NULL),
	('112fe1a4-01d2-4bb8-80f6-b5f9c024b478', 'upoważnienie', 'upoważnienie do konta , logowanie do konta', 'do_zrobienia', 'pilny', '2026-05-06', 'c01f1de2-6b07-4375-b34a-3c861a2ec31a', '5c5638be-d29c-4726-9816-c1ae4e4e4f1e', NULL, true, '2026-05-04 07:47:22.801394+00', '2026-05-04 07:54:52.394767+00', NULL, '2026-05-04 07:54:55.833+00', '2026-05-04 07:54:55.833+00', NULL, NULL),
	('02b9993d-f81f-4c4a-9fdc-efe246781d7c', 'klient', 'w pozycji klient potrzebuję więcej danych - rodzaj inwestycji, kwoty , terminy, klient moze mieć kilka inwestycji', 'do_zrobienia', 'normalny', '2026-05-04', 'c01f1de2-6b07-4375-b34a-3c861a2ec31a', '5c5638be-d29c-4726-9816-c1ae4e4e4f1e', NULL, true, '2026-05-04 08:01:13.526144+00', '2026-05-04 08:04:31.59954+00', NULL, '2026-05-04 08:04:35.016+00', '2026-05-04 08:04:35.016+00', NULL, NULL),
	('771f9f7e-87b3-453f-b3ee-775e155a5419', 'Wprowadzić inwestycję - Klientka Niemcy', 'Trzeba rozpisac co juz zostało zamówione, i ile kosztowało - okna - koszt i ile zapłacone, odkuracz - ile zapłacone, elektryka ile zapłacone itd, zeby zrobić kosztorys ile realnie wydamy na ta inwestycję', 'w_trakcie', 'normalny', '2026-05-04', '5c5638be-d29c-4726-9816-c1ae4e4e4f1e', 'c01f1de2-6b07-4375-b34a-3c861a2ec31a', NULL, false, '2026-05-04 07:56:23.408982+00', '2026-05-04 08:14:46.199021+00', NULL, '2026-05-04 08:14:46.035+00', '2026-05-04 07:56:27.159+00', NULL, NULL),
	('57d98206-7122-47a0-a6cb-c2b8d60f8e22', 'Odnowienie obrotówki ST', 'Trzeba przygtoowac pit za 2025, i zestawienia przychodow i kosztów za 2026 obecne meisiące do teraz.', 'do_zrobienia', 'normalny', '2026-05-04', '5c5638be-d29c-4726-9816-c1ae4e4e4f1e', 'c01f1de2-6b07-4375-b34a-3c861a2ec31a', NULL, false, '2026-05-04 10:30:07.287866+00', '2026-05-04 10:30:07.287866+00', NULL, '2026-05-04 10:30:07.522+00', NULL, NULL, NULL),
	('5b4593cf-9266-4a89-a008-5ba400d6b955', 'Do oplacenia geal brama Ciubak', 'wrzucilem na maila Ci do opalcenia fakture za bramy, moze byc za 2-3 dni', 'do_zrobienia', 'normalny', '2026-05-06', '5c5638be-d29c-4726-9816-c1ae4e4e4f1e', 'c01f1de2-6b07-4375-b34a-3c861a2ec31a', NULL, false, '2026-05-04 11:44:04.576615+00', '2026-05-04 11:44:04.576615+00', NULL, '2026-05-04 11:44:04.675+00', NULL, NULL, NULL),
	('1766ab0e-a96a-4ce3-844a-fa1060463b92', 'ppoż- dane do schematu dla Bączka', 'montaż-pracownik spisuje protokółw którym opisuje co zrobił , jakich komponentów użył , protokół trafia do biura , Wojtek go weryfikuje, na podstawie danych z protokołu opisuje wykonana instalacje dla Bączka w celu wykonania schematu dla instalacji PV o mocy powyżej 6,5 kW .Wojek z prokokołu spisuje nastepijące dane : ilość i moc paneli, ile stringów i ile sztuk paneli w stringu ,  falownik ilość i moc , czy zamontowano magazyn energi - ilość, moc, pojemność, podaje zabezpieczenia : DC i AC. dc- ogranicznik przepięć T1+ T2, podstawy bezpiecznikowe plus wkładki topikowe np. 16A , kabel DC - przekrój np. 4 mm2 lub 6mm2, strona AC: zabezpieczenie nadprądowe np. b20, różnicówka jeżeli występuje, bezpiecznik B6 do ppoż jeżeli występuje - projoj , ogranicznik przepięć T1+T2, przekrój przwodu np . 5x6mm2, przewód LGY ZAWSZE 1X16mm2.te dane są spisywane z protokołu.', 'do_zrobienia', 'normalny', '2026-05-05', 'c01f1de2-6b07-4375-b34a-3c861a2ec31a', '5c5638be-d29c-4726-9816-c1ae4e4e4f1e', NULL, false, '2026-05-05 08:17:02.624075+00', '2026-05-05 08:17:02.624075+00', NULL, '2026-05-05 08:17:02.26+00', NULL, NULL, NULL);


--
-- Data for Name: activity_log; Type: TABLE DATA; Schema: public; Owner: postgres
--

INSERT INTO "public"."activity_log" ("id", "actor_id", "event_type", "entity_type", "entity_id", "task_id", "investment_id", "body", "metadata", "created_at") VALUES
	('b03d20f9-78b9-483e-a9d2-73cbfa2bd374', '5c5638be-d29c-4726-9816-c1ae4e4e4f1e', 'investment_created', 'investment', '834ea72c-2b03-4747-978a-8bc6991dfff2', NULL, '834ea72c-2b03-4747-978a-8bc6991dfff2', NULL, '{}', '2026-04-29 17:32:16.467513+00'),
	('155a1f5c-e9cd-4e13-8f47-3e8df75e7ce2', '5c5638be-d29c-4726-9816-c1ae4e4e4f1e', 'investment_comment_added', 'investment', '834ea72c-2b03-4747-978a-8bc6991dfff2', NULL, '834ea72c-2b03-4747-978a-8bc6991dfff2', 'Co z klientem ?', '{"comment_id": "6841ddf1-55e4-442c-b1af-e5429ad3503d"}', '2026-04-29 17:32:33.206608+00'),
	('d31b9f69-8de7-4622-af4a-a94325ef71b7', '5c5638be-d29c-4726-9816-c1ae4e4e4f1e', 'task_created_for_investment', 'task', '1edc6789-aba0-416c-b78f-7554494e7d7f', '1edc6789-aba0-416c-b78f-7554494e7d7f', '834ea72c-2b03-4747-978a-8bc6991dfff2', 'Zamówić panele', '{}', '2026-04-29 17:35:57.730618+00'),
	('29b6bc66-26e5-4cfd-82f9-7fa259f4fb8f', '5c5638be-d29c-4726-9816-c1ae4e4e4f1e', 'task_created_for_investment', 'task', '53273f3a-26a7-478d-8a3e-12d7742901c5', '53273f3a-26a7-478d-8a3e-12d7742901c5', '834ea72c-2b03-4747-978a-8bc6991dfff2', 'Zamówić panele drugi raz', '{}', '2026-04-29 17:43:23.953704+00'),
	('e0a23cb3-11f5-462b-8f66-b8b6f8a5755c', '5c5638be-d29c-4726-9816-c1ae4e4e4f1e', 'task_created_for_investment', 'task', '37e90303-900d-4609-8231-5445e8647f61', '37e90303-900d-4609-8231-5445e8647f61', '834ea72c-2b03-4747-978a-8bc6991dfff2', 'Xyz', '{}', '2026-04-29 17:44:24.691789+00'),
	('c8406d8a-964b-499b-93d2-cff88f5f308a', '5c5638be-d29c-4726-9816-c1ae4e4e4f1e', 'task_bumped', 'task', '37e90303-900d-4609-8231-5445e8647f61', '37e90303-900d-4609-8231-5445e8647f61', NULL, 'Xyz', '{}', '2026-04-29 17:45:12.6739+00'),
	('73f15faf-4c27-4b19-bc30-856fd000aa12', '5c5638be-d29c-4726-9816-c1ae4e4e4f1e', 'task_comment_added', 'task', '37e90303-900d-4609-8231-5445e8647f61', '37e90303-900d-4609-8231-5445e8647f61', NULL, 'Hej', '{"comment_id": "171e9654-80da-4d66-beb7-a7fbd3c4fc7e"}', '2026-04-29 17:45:43.483062+00'),
	('60af437a-f545-42f3-bb41-0afa57442611', '5c5638be-d29c-4726-9816-c1ae4e4e4f1e', 'investment_created', 'investment', '4fb0c8ce-ab79-41dc-a235-e3ab1a2d8ba9', NULL, '4fb0c8ce-ab79-41dc-a235-e3ab1a2d8ba9', NULL, '{}', '2026-04-29 17:53:19.444094+00'),
	('e16bcb48-cbaf-4f4e-8097-cf48028f9901', '5c5638be-d29c-4726-9816-c1ae4e4e4f1e', 'task_created_for_investment', 'task', '6b99c1a4-7895-4eae-a2af-8310521285a5', '6b99c1a4-7895-4eae-a2af-8310521285a5', '4fb0c8ce-ab79-41dc-a235-e3ab1a2d8ba9', 'Hehe', '{}', '2026-04-29 17:54:42.116875+00'),
	('23800de1-6c5a-42a5-9622-620986875456', '5c5638be-d29c-4726-9816-c1ae4e4e4f1e', 'task_bumped', 'task', '37e90303-900d-4609-8231-5445e8647f61', '37e90303-900d-4609-8231-5445e8647f61', NULL, 'Xyz', '{}', '2026-04-29 17:56:44.038633+00'),
	('f214b77d-e2b1-4c70-a517-1561c66248d3', '5c5638be-d29c-4726-9816-c1ae4e4e4f1e', 'investment_comment_added', 'investment', '4fb0c8ce-ab79-41dc-a235-e3ab1a2d8ba9', NULL, '4fb0c8ce-ab79-41dc-a235-e3ab1a2d8ba9', 'Hej', '{"comment_id": "50951854-1d91-4930-982d-9234342ec049"}', '2026-04-29 18:24:48.854247+00'),
	('feeff57d-59fe-4c39-bffa-19e7598b1599', '9012ec6c-b061-45ff-be1b-c96018f5b251', 'task_created_for_investment', 'task', '7a3ae7b1-b554-4882-b897-34d0b4280be9', '7a3ae7b1-b554-4882-b897-34d0b4280be9', '4fb0c8ce-ab79-41dc-a235-e3ab1a2d8ba9', 'asd', '{}', '2026-04-29 18:26:10.017074+00'),
	('fb2d8c85-face-4fe2-86d2-c7285494621f', '5c5638be-d29c-4726-9816-c1ae4e4e4f1e', 'task_status_changed', 'task', '7a3ae7b1-b554-4882-b897-34d0b4280be9', '7a3ae7b1-b554-4882-b897-34d0b4280be9', NULL, NULL, '{"new_status": "w_trakcie", "old_status": "do_zrobienia"}', '2026-04-29 18:28:52.244471+00'),
	('cec64d6d-12b5-4b19-b08b-2f6df4bd2821', '5c5638be-d29c-4726-9816-c1ae4e4e4f1e', 'task_status_changed', 'task', '7a3ae7b1-b554-4882-b897-34d0b4280be9', '7a3ae7b1-b554-4882-b897-34d0b4280be9', NULL, NULL, '{"new_status": "zrobione", "old_status": "w_trakcie"}', '2026-04-29 18:28:52.671488+00'),
	('ab2db1cc-dc36-448b-bdfa-fddb34ea3492', '5c5638be-d29c-4726-9816-c1ae4e4e4f1e', 'task_status_changed', 'task', '7a3ae7b1-b554-4882-b897-34d0b4280be9', '7a3ae7b1-b554-4882-b897-34d0b4280be9', NULL, NULL, '{"new_status": "czeka", "old_status": "zrobione"}', '2026-04-29 18:28:53.607626+00'),
	('3b90aa65-a78c-4359-9586-284749e1b467', '5c5638be-d29c-4726-9816-c1ae4e4e4f1e', 'task_status_changed', 'task', '7a3ae7b1-b554-4882-b897-34d0b4280be9', '7a3ae7b1-b554-4882-b897-34d0b4280be9', NULL, NULL, '{"new_status": "do_zrobienia", "old_status": "czeka"}', '2026-04-29 18:28:54.353465+00'),
	('53234a9f-c7b7-4123-a5d1-edfe146b6bae', '5c5638be-d29c-4726-9816-c1ae4e4e4f1e', 'investment_comment_added', 'investment', '4fb0c8ce-ab79-41dc-a235-e3ab1a2d8ba9', NULL, '4fb0c8ce-ab79-41dc-a235-e3ab1a2d8ba9', 'Hej', '{"comment_id": "230149ae-a897-4231-9383-71c70054109b"}', '2026-04-29 19:19:00.575158+00'),
	('92035e0a-d0c5-43db-8106-a9d50c41984a', '5c5638be-d29c-4726-9816-c1ae4e4e4f1e', 'task_created', 'task', '52d6c8c5-f408-4e84-8b09-b867817bc970', '52d6c8c5-f408-4e84-8b09-b867817bc970', NULL, 'Zrobić stronę do odfgen', '{}', '2026-04-29 19:34:53.663466+00'),
	('9a15ee29-c46d-4c6f-9fee-5486f85ce0ea', '5c5638be-d29c-4726-9816-c1ae4e4e4f1e', 'task_status_changed', 'task', '52d6c8c5-f408-4e84-8b09-b867817bc970', '52d6c8c5-f408-4e84-8b09-b867817bc970', NULL, NULL, '{"new_status": "w_trakcie", "old_status": "do_zrobienia"}', '2026-04-29 19:35:18.211534+00'),
	('a9993d55-186f-485a-a159-d1ea396ff707', '5c5638be-d29c-4726-9816-c1ae4e4e4f1e', 'task_bumped', 'task', '6b99c1a4-7895-4eae-a2af-8310521285a5', '6b99c1a4-7895-4eae-a2af-8310521285a5', NULL, 'Hehe', '{}', '2026-04-29 19:35:30.382817+00'),
	('1d38e90d-3d54-43a2-a25f-2d85f66b7037', '5c5638be-d29c-4726-9816-c1ae4e4e4f1e', 'task_bumped', 'task', '37e90303-900d-4609-8231-5445e8647f61', '37e90303-900d-4609-8231-5445e8647f61', NULL, 'Xyz', '{}', '2026-04-29 19:35:34.527759+00'),
	('89ef9fca-382b-4afc-9479-c816539107d9', '5c5638be-d29c-4726-9816-c1ae4e4e4f1e', 'task_bumped', 'task', '53273f3a-26a7-478d-8a3e-12d7742901c5', '53273f3a-26a7-478d-8a3e-12d7742901c5', NULL, 'Zamówić panele drugi raz', '{}', '2026-04-29 19:35:39.000039+00'),
	('0197078d-3c06-420c-8ae5-ba794d9b8a3e', '5c5638be-d29c-4726-9816-c1ae4e4e4f1e', 'task_bumped', 'task', '1edc6789-aba0-416c-b78f-7554494e7d7f', '1edc6789-aba0-416c-b78f-7554494e7d7f', NULL, 'Zamówić panele', '{}', '2026-04-29 19:35:48.409443+00'),
	('e54769fa-36b2-4af9-ad9b-7ad3fee5269e', '5c5638be-d29c-4726-9816-c1ae4e4e4f1e', 'task_status_changed', 'task', '1edc6789-aba0-416c-b78f-7554494e7d7f', '1edc6789-aba0-416c-b78f-7554494e7d7f', NULL, NULL, '{"new_status": "w_trakcie", "old_status": "do_zrobienia"}', '2026-04-29 19:37:51.640266+00'),
	('91b612b3-c52b-4b4c-80f6-20368c70a775', '5c5638be-d29c-4726-9816-c1ae4e4e4f1e', 'task_status_changed', 'task', '1edc6789-aba0-416c-b78f-7554494e7d7f', '1edc6789-aba0-416c-b78f-7554494e7d7f', NULL, NULL, '{"new_status": "do_zrobienia", "old_status": "w_trakcie"}', '2026-04-29 19:37:53.488433+00'),
	('0b472d2a-d622-4fb7-994d-94fc8169da74', '5c5638be-d29c-4726-9816-c1ae4e4e4f1e', 'task_status_changed', 'task', '1edc6789-aba0-416c-b78f-7554494e7d7f', '1edc6789-aba0-416c-b78f-7554494e7d7f', NULL, NULL, '{"new_status": "zrobione", "old_status": "do_zrobienia"}', '2026-04-29 19:37:55.525483+00'),
	('a80477b9-b265-4670-9a4b-f41fc63a25f7', '5c5638be-d29c-4726-9816-c1ae4e4e4f1e', 'task_status_changed', 'task', '1edc6789-aba0-416c-b78f-7554494e7d7f', '1edc6789-aba0-416c-b78f-7554494e7d7f', NULL, NULL, '{"new_status": "do_zrobienia", "old_status": "zrobione"}', '2026-04-29 19:37:56.725471+00'),
	('b891937c-4045-4f94-8bf9-cbe195cc8e43', '5c5638be-d29c-4726-9816-c1ae4e4e4f1e', 'investment_created', 'investment', '0b29bed2-f273-4eb7-ba8c-1dcf3597b790', NULL, '0b29bed2-f273-4eb7-ba8c-1dcf3597b790', NULL, '{}', '2026-04-30 11:41:53.756774+00'),
	('458ff49d-1510-446e-9d29-0bf09b8c9e01', '5c5638be-d29c-4726-9816-c1ae4e4e4f1e', 'task_created', 'task', '4e0ed1f3-cd5b-4f1c-8f3f-8fc0395c50e3', '4e0ed1f3-cd5b-4f1c-8f3f-8fc0395c50e3', NULL, 'Zamówić towar', '{}', '2026-04-30 11:42:22.495352+00'),
	('f5da3c04-3dcf-40cd-bde0-909034b13f27', '5c5638be-d29c-4726-9816-c1ae4e4e4f1e', 'task_created_for_investment', 'task', 'f00a4641-d3e4-48d5-a3a3-82f1b0e6613a', 'f00a4641-d3e4-48d5-a3a3-82f1b0e6613a', '0b29bed2-f273-4eb7-ba8c-1dcf3597b790', 'Zamówić towar', '{}', '2026-04-30 11:43:23.980776+00'),
	('99a09c11-d178-4d47-ae0c-209b562132af', '5c5638be-d29c-4726-9816-c1ae4e4e4f1e', 'task_bumped', 'task', 'f00a4641-d3e4-48d5-a3a3-82f1b0e6613a', 'f00a4641-d3e4-48d5-a3a3-82f1b0e6613a', NULL, 'Zamówić towar', '{}', '2026-04-30 11:43:37.308562+00'),
	('f2a49d4f-f1c6-4689-9519-867b8274d3cb', 'c01f1de2-6b07-4375-b34a-3c861a2ec31a', 'investment_comment_added', 'investment', '0b29bed2-f273-4eb7-ba8c-1dcf3597b790', NULL, '0b29bed2-f273-4eb7-ba8c-1dcf3597b790', 'Co z klientem ?', '{"comment_id": "b1f0053d-483d-4729-aa4f-8c4699b09f8a"}', '2026-04-30 12:10:14.466714+00'),
	('770f2a8a-0a66-499d-a11d-536e59a0c72d', 'c01f1de2-6b07-4375-b34a-3c861a2ec31a', 'task_created_for_investment', 'task', 'ccb5e024-8867-4773-bca9-9e86864d51ef', 'ccb5e024-8867-4773-bca9-9e86864d51ef', '0b29bed2-f273-4eb7-ba8c-1dcf3597b790', 'Zamówić panele', '{}', '2026-04-30 12:11:26.600862+00'),
	('16edc1ac-e430-436b-bde6-c562ee294679', '5c5638be-d29c-4726-9816-c1ae4e4e4f1e', 'task_created_for_investment', 'task', '837f204e-0641-4404-a98b-0e14b5c855cc', '837f204e-0641-4404-a98b-0e14b5c855cc', '834ea72c-2b03-4747-978a-8bc6991dfff2', 'Wykonać przelew', '{}', '2026-04-30 12:33:34.294531+00'),
	('9d263492-882f-45e3-b3cc-095ec875062c', '5c5638be-d29c-4726-9816-c1ae4e4e4f1e', 'task_bumped', 'task', '837f204e-0641-4404-a98b-0e14b5c855cc', '837f204e-0641-4404-a98b-0e14b5c855cc', NULL, 'Wykonać przelew', '{}', '2026-04-30 12:34:05.089783+00'),
	('c7c02d48-c786-441a-aca9-82d694d21ba8', '5c5638be-d29c-4726-9816-c1ae4e4e4f1e', 'task_bumped', 'task', '837f204e-0641-4404-a98b-0e14b5c855cc', '837f204e-0641-4404-a98b-0e14b5c855cc', NULL, 'Wykonać przelew', '{}', '2026-04-30 12:34:19.124098+00'),
	('87bced57-96f6-44ee-be88-b50978e2faa8', '5c5638be-d29c-4726-9816-c1ae4e4e4f1e', 'task_bumped', 'task', '837f204e-0641-4404-a98b-0e14b5c855cc', '837f204e-0641-4404-a98b-0e14b5c855cc', NULL, 'Wykonać przelew', '{}', '2026-04-30 12:35:08.050875+00'),
	('abb81747-4945-4797-801f-e251a016218a', 'c01f1de2-6b07-4375-b34a-3c861a2ec31a', 'task_created', 'task', '5a624a63-a8c4-4c29-8798-b459e078c05c', '5a624a63-a8c4-4c29-8798-b459e078c05c', NULL, 'Zamówić panele', '{}', '2026-04-30 12:35:43.259172+00'),
	('6fc3eeb7-be5e-488f-9b1b-7fc7dc0f0104', 'c01f1de2-6b07-4375-b34a-3c861a2ec31a', 'task_bumped', 'task', '5a624a63-a8c4-4c29-8798-b459e078c05c', '5a624a63-a8c4-4c29-8798-b459e078c05c', NULL, 'Zamówić panele', '{}', '2026-04-30 12:35:57.109241+00'),
	('e8421eb5-b881-4700-9748-9dfc6a60c7f6', 'c01f1de2-6b07-4375-b34a-3c861a2ec31a', 'task_bumped', 'task', '5a624a63-a8c4-4c29-8798-b459e078c05c', '5a624a63-a8c4-4c29-8798-b459e078c05c', NULL, 'Zamówić panele', '{}', '2026-04-30 12:36:00.855683+00'),
	('3bd2b24a-4fb3-4520-ac31-080efa257328', 'c01f1de2-6b07-4375-b34a-3c861a2ec31a', 'task_bumped', 'task', '5a624a63-a8c4-4c29-8798-b459e078c05c', '5a624a63-a8c4-4c29-8798-b459e078c05c', NULL, 'Zamówić panele', '{}', '2026-04-30 12:36:02.450743+00'),
	('71392144-c7d8-41c2-96fa-141a08da4181', 'c01f1de2-6b07-4375-b34a-3c861a2ec31a', 'task_bumped', 'task', '5a624a63-a8c4-4c29-8798-b459e078c05c', '5a624a63-a8c4-4c29-8798-b459e078c05c', NULL, 'Zamówić panele', '{}', '2026-04-30 12:36:03.509781+00'),
	('403e700a-4a09-4b72-8629-01021fe296d8', 'c01f1de2-6b07-4375-b34a-3c861a2ec31a', 'task_bumped', 'task', '5a624a63-a8c4-4c29-8798-b459e078c05c', '5a624a63-a8c4-4c29-8798-b459e078c05c', NULL, 'Zamówić panele', '{}', '2026-04-30 12:36:04.071687+00'),
	('9d7ff09f-7094-48fa-8b21-36c33a2ad916', 'c01f1de2-6b07-4375-b34a-3c861a2ec31a', 'task_bumped', 'task', '5a624a63-a8c4-4c29-8798-b459e078c05c', '5a624a63-a8c4-4c29-8798-b459e078c05c', NULL, 'Zamówić panele', '{}', '2026-04-30 12:36:04.95044+00'),
	('1be67a1c-9277-4732-8a28-baeb4aa4b254', 'c01f1de2-6b07-4375-b34a-3c861a2ec31a', 'task_bumped', 'task', '5a624a63-a8c4-4c29-8798-b459e078c05c', '5a624a63-a8c4-4c29-8798-b459e078c05c', NULL, 'Zamówić panele', '{}', '2026-04-30 12:36:05.802082+00'),
	('38e22d6d-cd75-4fb6-844c-7c4d056c41d5', 'c01f1de2-6b07-4375-b34a-3c861a2ec31a', 'task_bumped', 'task', '5a624a63-a8c4-4c29-8798-b459e078c05c', '5a624a63-a8c4-4c29-8798-b459e078c05c', NULL, 'Zamówić panele', '{}', '2026-04-30 12:36:06.71441+00'),
	('d682cf65-38fd-46e5-8a47-8445a683e60e', 'c01f1de2-6b07-4375-b34a-3c861a2ec31a', 'task_bumped', 'task', '5a624a63-a8c4-4c29-8798-b459e078c05c', '5a624a63-a8c4-4c29-8798-b459e078c05c', NULL, 'Zamówić panele', '{}', '2026-04-30 12:36:07.639731+00'),
	('bb43e3ed-82dc-4447-a924-ffb88d670837', 'c01f1de2-6b07-4375-b34a-3c861a2ec31a', 'task_bumped', 'task', '5a624a63-a8c4-4c29-8798-b459e078c05c', '5a624a63-a8c4-4c29-8798-b459e078c05c', NULL, 'Zamówić panele', '{}', '2026-04-30 12:36:08.86027+00'),
	('35d75d7f-d820-40cf-9b59-94cd115f3580', 'c01f1de2-6b07-4375-b34a-3c861a2ec31a', 'task_bumped', 'task', '5a624a63-a8c4-4c29-8798-b459e078c05c', '5a624a63-a8c4-4c29-8798-b459e078c05c', NULL, 'Zamówić panele', '{}', '2026-04-30 12:36:09.789941+00'),
	('0ab20b38-c9bd-4a57-ad8e-a3431116bb9e', 'c01f1de2-6b07-4375-b34a-3c861a2ec31a', 'task_bumped', 'task', '5a624a63-a8c4-4c29-8798-b459e078c05c', '5a624a63-a8c4-4c29-8798-b459e078c05c', NULL, 'Zamówić panele', '{}', '2026-04-30 12:36:36.429448+00'),
	('ad0c0eae-d1a7-418d-8348-3ebc89b150ac', 'c01f1de2-6b07-4375-b34a-3c861a2ec31a', 'task_bumped', 'task', '5a624a63-a8c4-4c29-8798-b459e078c05c', '5a624a63-a8c4-4c29-8798-b459e078c05c', NULL, 'Zamówić panele', '{}', '2026-04-30 12:36:50.68277+00'),
	('bcaf0fb6-2d16-44cd-9a88-be3f6e76b784', 'c01f1de2-6b07-4375-b34a-3c861a2ec31a', 'task_bumped', 'task', '5a624a63-a8c4-4c29-8798-b459e078c05c', '5a624a63-a8c4-4c29-8798-b459e078c05c', NULL, 'Zamówić panele', '{}', '2026-04-30 12:36:52.368201+00'),
	('48393040-1524-4ce5-ab58-c5082accc705', 'c01f1de2-6b07-4375-b34a-3c861a2ec31a', 'task_bumped', 'task', '5a624a63-a8c4-4c29-8798-b459e078c05c', '5a624a63-a8c4-4c29-8798-b459e078c05c', NULL, 'Zamówić panele', '{}', '2026-04-30 12:36:53.765315+00'),
	('14f3df5a-be76-473e-a8a0-47c7658348ab', 'c01f1de2-6b07-4375-b34a-3c861a2ec31a', 'task_bumped', 'task', '5a624a63-a8c4-4c29-8798-b459e078c05c', '5a624a63-a8c4-4c29-8798-b459e078c05c', NULL, 'Zamówić panele', '{}', '2026-04-30 12:36:55.123879+00'),
	('422672bc-495e-4f3f-9e91-02dde2bac7f5', 'c01f1de2-6b07-4375-b34a-3c861a2ec31a', 'task_bumped', 'task', '5a624a63-a8c4-4c29-8798-b459e078c05c', '5a624a63-a8c4-4c29-8798-b459e078c05c', NULL, 'Zamówić panele', '{}', '2026-04-30 12:36:58.4822+00'),
	('d725effc-3bee-46f4-8467-71ca7416a9ee', 'c01f1de2-6b07-4375-b34a-3c861a2ec31a', 'task_bumped', 'task', '5a624a63-a8c4-4c29-8798-b459e078c05c', '5a624a63-a8c4-4c29-8798-b459e078c05c', NULL, 'Zamówić panele', '{}', '2026-04-30 12:36:59.683326+00'),
	('555103a6-d405-4c59-9e9e-925e66bad40e', 'c01f1de2-6b07-4375-b34a-3c861a2ec31a', 'task_bumped', 'task', '5a624a63-a8c4-4c29-8798-b459e078c05c', '5a624a63-a8c4-4c29-8798-b459e078c05c', NULL, 'Zamówić panele', '{}', '2026-04-30 12:37:01.26077+00'),
	('a229d4d9-9fdf-4910-83c8-34ae8e4c18c3', 'c01f1de2-6b07-4375-b34a-3c861a2ec31a', 'task_bumped', 'task', '5a624a63-a8c4-4c29-8798-b459e078c05c', '5a624a63-a8c4-4c29-8798-b459e078c05c', NULL, 'Zamówić panele', '{}', '2026-04-30 12:37:02.610463+00'),
	('84d62c15-56f5-4621-811f-422bbe1a7ff1', 'c01f1de2-6b07-4375-b34a-3c861a2ec31a', 'task_bumped', 'task', '5a624a63-a8c4-4c29-8798-b459e078c05c', '5a624a63-a8c4-4c29-8798-b459e078c05c', NULL, 'Zamówić panele', '{}', '2026-04-30 12:37:07.582787+00'),
	('7c271b28-4540-46f8-a03b-99e657c729ad', 'c01f1de2-6b07-4375-b34a-3c861a2ec31a', 'task_bumped', 'task', '5a624a63-a8c4-4c29-8798-b459e078c05c', '5a624a63-a8c4-4c29-8798-b459e078c05c', NULL, 'Zamówić panele', '{}', '2026-04-30 12:37:08.857785+00'),
	('07c3d4ba-4906-4103-978f-d0c946e7b90a', 'c01f1de2-6b07-4375-b34a-3c861a2ec31a', 'task_bumped', 'task', '5a624a63-a8c4-4c29-8798-b459e078c05c', '5a624a63-a8c4-4c29-8798-b459e078c05c', NULL, 'Zamówić panele', '{}', '2026-04-30 12:37:09.852841+00'),
	('92cf7d93-f639-4514-81e5-c3d631234105', 'c01f1de2-6b07-4375-b34a-3c861a2ec31a', 'task_bumped', 'task', '5a624a63-a8c4-4c29-8798-b459e078c05c', '5a624a63-a8c4-4c29-8798-b459e078c05c', NULL, 'Zamówić panele', '{}', '2026-04-30 12:37:11.30511+00'),
	('10eee55e-ecd5-49b7-87c7-31de3c11ba14', 'c01f1de2-6b07-4375-b34a-3c861a2ec31a', 'task_bumped', 'task', '5a624a63-a8c4-4c29-8798-b459e078c05c', '5a624a63-a8c4-4c29-8798-b459e078c05c', NULL, 'Zamówić panele', '{}', '2026-04-30 12:37:12.481879+00'),
	('f1c645d5-c287-44aa-8e4f-7cde2a53a510', 'c01f1de2-6b07-4375-b34a-3c861a2ec31a', 'task_bumped', 'task', '5a624a63-a8c4-4c29-8798-b459e078c05c', '5a624a63-a8c4-4c29-8798-b459e078c05c', NULL, 'Zamówić panele', '{}', '2026-04-30 12:36:26.755164+00'),
	('773d5d32-31d0-410c-b048-e1d702fc22c8', 'c01f1de2-6b07-4375-b34a-3c861a2ec31a', 'task_bumped', 'task', '5a624a63-a8c4-4c29-8798-b459e078c05c', '5a624a63-a8c4-4c29-8798-b459e078c05c', NULL, 'Zamówić panele', '{}', '2026-04-30 12:36:30.920341+00'),
	('55096c16-f9ac-4709-985b-299c8e8b0002', 'c01f1de2-6b07-4375-b34a-3c861a2ec31a', 'task_bumped', 'task', '5a624a63-a8c4-4c29-8798-b459e078c05c', '5a624a63-a8c4-4c29-8798-b459e078c05c', NULL, 'Zamówić panele', '{}', '2026-04-30 12:36:31.683904+00'),
	('788f7e04-90fd-4abb-aeb4-275c026bf75d', 'c01f1de2-6b07-4375-b34a-3c861a2ec31a', 'task_bumped', 'task', '5a624a63-a8c4-4c29-8798-b459e078c05c', '5a624a63-a8c4-4c29-8798-b459e078c05c', NULL, 'Zamówić panele', '{}', '2026-04-30 12:36:55.898664+00'),
	('2c3bdef7-05e0-4113-abec-58166e39f89e', 'c01f1de2-6b07-4375-b34a-3c861a2ec31a', 'task_bumped', 'task', '5a624a63-a8c4-4c29-8798-b459e078c05c', '5a624a63-a8c4-4c29-8798-b459e078c05c', NULL, 'Zamówić panele', '{}', '2026-04-30 12:36:57.182066+00'),
	('771bb16a-1432-44ce-8750-70d204b56ac2', 'c01f1de2-6b07-4375-b34a-3c861a2ec31a', 'task_bumped', 'task', '5a624a63-a8c4-4c29-8798-b459e078c05c', '5a624a63-a8c4-4c29-8798-b459e078c05c', NULL, 'Zamówić panele', '{}', '2026-04-30 12:37:00.791186+00'),
	('488b4277-0af0-4906-b0cd-4a2f48a7d5a5', 'c01f1de2-6b07-4375-b34a-3c861a2ec31a', 'task_bumped', 'task', '5a624a63-a8c4-4c29-8798-b459e078c05c', '5a624a63-a8c4-4c29-8798-b459e078c05c', NULL, 'Zamówić panele', '{}', '2026-04-30 12:37:01.738551+00'),
	('996a4484-be86-4a1e-a94a-f08a9e0a7fdd', 'c01f1de2-6b07-4375-b34a-3c861a2ec31a', 'task_bumped', 'task', '5a624a63-a8c4-4c29-8798-b459e078c05c', '5a624a63-a8c4-4c29-8798-b459e078c05c', NULL, 'Zamówić panele', '{}', '2026-04-30 12:37:06.868616+00'),
	('c7fba28b-be55-4554-8cf6-1d5fb3c3abd0', 'c01f1de2-6b07-4375-b34a-3c861a2ec31a', 'task_bumped', 'task', '5a624a63-a8c4-4c29-8798-b459e078c05c', '5a624a63-a8c4-4c29-8798-b459e078c05c', NULL, 'Zamówić panele', '{}', '2026-04-30 12:37:08.293163+00'),
	('2340270b-46d9-4def-be98-f5d3e5ab7ae6', 'c01f1de2-6b07-4375-b34a-3c861a2ec31a', 'task_bumped', 'task', '5a624a63-a8c4-4c29-8798-b459e078c05c', '5a624a63-a8c4-4c29-8798-b459e078c05c', NULL, 'Zamówić panele', '{}', '2026-04-30 12:37:09.254526+00'),
	('cb61cba0-9bcd-43b5-b901-ee81a38381ee', 'c01f1de2-6b07-4375-b34a-3c861a2ec31a', 'task_bumped', 'task', '5a624a63-a8c4-4c29-8798-b459e078c05c', '5a624a63-a8c4-4c29-8798-b459e078c05c', NULL, 'Zamówić panele', '{}', '2026-04-30 12:37:10.372837+00'),
	('8c3d66e8-a7b1-4fcf-95c8-5d2a950eb46d', 'c01f1de2-6b07-4375-b34a-3c861a2ec31a', 'task_bumped', 'task', '5a624a63-a8c4-4c29-8798-b459e078c05c', '5a624a63-a8c4-4c29-8798-b459e078c05c', NULL, 'Zamówić panele', '{}', '2026-04-30 12:37:14.164184+00'),
	('bdebf54a-e501-4577-a5c9-9c4eb308b69c', 'c01f1de2-6b07-4375-b34a-3c861a2ec31a', 'task_bumped', 'task', '5a624a63-a8c4-4c29-8798-b459e078c05c', '5a624a63-a8c4-4c29-8798-b459e078c05c', NULL, 'Zamówić panele', '{}', '2026-04-30 12:36:29.153094+00'),
	('84ba1a74-e652-497d-9b70-b1cc0a4a1caa', 'c01f1de2-6b07-4375-b34a-3c861a2ec31a', 'task_bumped', 'task', '5a624a63-a8c4-4c29-8798-b459e078c05c', '5a624a63-a8c4-4c29-8798-b459e078c05c', NULL, 'Zamówić panele', '{}', '2026-04-30 12:36:31.292928+00'),
	('82d7aa8b-a935-4eed-8fa3-863e46d3eee1', 'c01f1de2-6b07-4375-b34a-3c861a2ec31a', 'task_bumped', 'task', '5a624a63-a8c4-4c29-8798-b459e078c05c', '5a624a63-a8c4-4c29-8798-b459e078c05c', NULL, 'Zamówić panele', '{}', '2026-04-30 12:36:54.501716+00'),
	('65fe5be2-8460-48c3-8dda-7f99f1f50b10', 'c01f1de2-6b07-4375-b34a-3c861a2ec31a', 'task_bumped', 'task', '5a624a63-a8c4-4c29-8798-b459e078c05c', '5a624a63-a8c4-4c29-8798-b459e078c05c', NULL, 'Zamówić panele', '{}', '2026-04-30 12:36:57.868179+00'),
	('f7b4ba1a-57f5-444a-a9a8-c41985443033', 'c01f1de2-6b07-4375-b34a-3c861a2ec31a', 'task_bumped', 'task', '5a624a63-a8c4-4c29-8798-b459e078c05c', '5a624a63-a8c4-4c29-8798-b459e078c05c', NULL, 'Zamówić panele', '{}', '2026-04-30 12:36:59.058256+00'),
	('fce94edc-ec62-43ef-bbb3-00b71d4152ed', 'c01f1de2-6b07-4375-b34a-3c861a2ec31a', 'task_bumped', 'task', '5a624a63-a8c4-4c29-8798-b459e078c05c', '5a624a63-a8c4-4c29-8798-b459e078c05c', NULL, 'Zamówić panele', '{}', '2026-04-30 12:37:11.930729+00'),
	('12079aa1-d35a-4d16-b758-fc875ca0709f', 'c01f1de2-6b07-4375-b34a-3c861a2ec31a', 'task_bumped', 'task', '5a624a63-a8c4-4c29-8798-b459e078c05c', '5a624a63-a8c4-4c29-8798-b459e078c05c', NULL, 'Zamówić panele', '{}', '2026-04-30 12:37:13.031861+00'),
	('31eba7fc-5055-428e-822c-b33f6c8d223c', 'c01f1de2-6b07-4375-b34a-3c861a2ec31a', 'task_bumped', 'task', '5a624a63-a8c4-4c29-8798-b459e078c05c', '5a624a63-a8c4-4c29-8798-b459e078c05c', NULL, 'Zamówić panele', '{}', '2026-04-30 12:36:35.362583+00'),
	('76f4da90-7608-414b-bbb1-a2058a833ad3', 'c01f1de2-6b07-4375-b34a-3c861a2ec31a', 'task_bumped', 'task', '5a624a63-a8c4-4c29-8798-b459e078c05c', '5a624a63-a8c4-4c29-8798-b459e078c05c', NULL, 'Zamówić panele', '{}', '2026-04-30 12:36:51.536253+00'),
	('9eae44a2-8819-47c4-9040-37726784916d', 'c01f1de2-6b07-4375-b34a-3c861a2ec31a', 'task_bumped', 'task', '5a624a63-a8c4-4c29-8798-b459e078c05c', '5a624a63-a8c4-4c29-8798-b459e078c05c', NULL, 'Zamówić panele', '{}', '2026-04-30 12:36:53.062605+00'),
	('2a0c3a74-3fed-4725-a1f8-f2c373f5915d', 'c01f1de2-6b07-4375-b34a-3c861a2ec31a', 'task_bumped', 'task', '5a624a63-a8c4-4c29-8798-b459e078c05c', '5a624a63-a8c4-4c29-8798-b459e078c05c', NULL, 'Zamówić panele', '{}', '2026-04-30 12:36:56.513526+00'),
	('c2d7104c-2e74-4b63-a551-86eb30d38c54', 'c01f1de2-6b07-4375-b34a-3c861a2ec31a', 'task_bumped', 'task', '5a624a63-a8c4-4c29-8798-b459e078c05c', '5a624a63-a8c4-4c29-8798-b459e078c05c', NULL, 'Zamówić panele', '{}', '2026-04-30 12:37:00.242788+00'),
	('d14c1449-1ffd-4b77-bdd7-21b44ae04b55', 'c01f1de2-6b07-4375-b34a-3c861a2ec31a', 'task_bumped', 'task', '5a624a63-a8c4-4c29-8798-b459e078c05c', '5a624a63-a8c4-4c29-8798-b459e078c05c', NULL, 'Zamówić panele', '{}', '2026-04-30 12:37:02.202899+00'),
	('ad94c334-427c-4ffe-9160-5dea3679cd38', 'c01f1de2-6b07-4375-b34a-3c861a2ec31a', 'task_bumped', 'task', '5a624a63-a8c4-4c29-8798-b459e078c05c', '5a624a63-a8c4-4c29-8798-b459e078c05c', NULL, 'Zamówić panele', '{}', '2026-04-30 12:37:13.531946+00'),
	('9324b717-a150-484b-9048-38d608bc66e6', 'c01f1de2-6b07-4375-b34a-3c861a2ec31a', 'task_bumped', 'task', '5a624a63-a8c4-4c29-8798-b459e078c05c', '5a624a63-a8c4-4c29-8798-b459e078c05c', NULL, 'Zamówić panele', '{}', '2026-04-30 12:37:14.779938+00'),
	('0fd29cc0-2d48-4180-a62f-6ecf4a5b67dd', 'c01f1de2-6b07-4375-b34a-3c861a2ec31a', 'task_comment_added', 'task', '5a624a63-a8c4-4c29-8798-b459e078c05c', '5a624a63-a8c4-4c29-8798-b459e078c05c', NULL, 'Ale już', '{"comment_id": "7b72e44e-9eff-46fd-9cc9-44e5c6ce0589"}', '2026-04-30 12:37:19.230933+00'),
	('2104f675-0188-4fb4-a4c2-109057ea9f21', 'c01f1de2-6b07-4375-b34a-3c861a2ec31a', 'task_bumped', 'task', '5a624a63-a8c4-4c29-8798-b459e078c05c', '5a624a63-a8c4-4c29-8798-b459e078c05c', NULL, 'Zamówić panele', '{}', '2026-04-30 12:37:20.645412+00'),
	('81e1193b-7c2f-4de2-b79d-209fe258d8a0', 'c01f1de2-6b07-4375-b34a-3c861a2ec31a', 'task_bumped', 'task', '5a624a63-a8c4-4c29-8798-b459e078c05c', '5a624a63-a8c4-4c29-8798-b459e078c05c', NULL, 'Zamówić panele', '{}', '2026-04-30 12:37:22.315701+00'),
	('f386dcd3-4c07-47eb-ae31-f7dcfd7d2f5a', 'c01f1de2-6b07-4375-b34a-3c861a2ec31a', 'task_bumped', 'task', '5a624a63-a8c4-4c29-8798-b459e078c05c', '5a624a63-a8c4-4c29-8798-b459e078c05c', NULL, 'Zamówić panele', '{}', '2026-04-30 12:37:23.522756+00'),
	('a6fbbff8-dcd4-4e55-9afc-81ad21b51946', 'c01f1de2-6b07-4375-b34a-3c861a2ec31a', 'task_bumped', 'task', '5a624a63-a8c4-4c29-8798-b459e078c05c', '5a624a63-a8c4-4c29-8798-b459e078c05c', NULL, 'Zamówić panele', '{}', '2026-04-30 12:37:24.310171+00'),
	('e4dc297e-c85f-41e0-a0e4-81394883f670', 'c01f1de2-6b07-4375-b34a-3c861a2ec31a', 'task_comment_added', 'task', '5a624a63-a8c4-4c29-8798-b459e078c05c', '5a624a63-a8c4-4c29-8798-b459e078c05c', NULL, 'Natychmiast', '{"comment_id": "15009698-63e5-4e47-80a1-a46f9784ef6f"}', '2026-04-30 12:37:28.183111+00'),
	('f3857b2f-f415-40c8-ae26-0ade6a72fa6e', 'c01f1de2-6b07-4375-b34a-3c861a2ec31a', 'task_bumped', 'task', '5a624a63-a8c4-4c29-8798-b459e078c05c', '5a624a63-a8c4-4c29-8798-b459e078c05c', NULL, 'Zamówić panele', '{}', '2026-04-30 12:37:29.132336+00'),
	('9bf5125d-e144-450d-af00-b7034d28d532', 'c01f1de2-6b07-4375-b34a-3c861a2ec31a', 'task_bumped', 'task', '5a624a63-a8c4-4c29-8798-b459e078c05c', '5a624a63-a8c4-4c29-8798-b459e078c05c', NULL, 'Zamówić panele', '{}', '2026-04-30 12:37:30.368508+00'),
	('a224f908-609d-4393-97f2-06f9a969cbe1', '5c5638be-d29c-4726-9816-c1ae4e4e4f1e', 'task_bumped', 'task', '837f204e-0641-4404-a98b-0e14b5c855cc', '837f204e-0641-4404-a98b-0e14b5c855cc', NULL, 'Wykonać przelew', '{}', '2026-04-30 12:38:01.216344+00'),
	('6b129a16-700e-4a06-8f96-02a07997bffe', '5c5638be-d29c-4726-9816-c1ae4e4e4f1e', 'task_bumped', 'task', '837f204e-0641-4404-a98b-0e14b5c855cc', '837f204e-0641-4404-a98b-0e14b5c855cc', NULL, 'Wykonać przelew', '{}', '2026-04-30 12:38:02.142892+00'),
	('b99c278e-99c3-4d25-aa93-8a0a36c3efcc', '5c5638be-d29c-4726-9816-c1ae4e4e4f1e', 'task_bumped', 'task', '837f204e-0641-4404-a98b-0e14b5c855cc', '837f204e-0641-4404-a98b-0e14b5c855cc', NULL, 'Wykonać przelew', '{}', '2026-04-30 12:38:08.715155+00'),
	('1e299dc1-2c5e-4f6e-b9da-39debc41c31e', '5c5638be-d29c-4726-9816-c1ae4e4e4f1e', 'task_bumped', 'task', '837f204e-0641-4404-a98b-0e14b5c855cc', '837f204e-0641-4404-a98b-0e14b5c855cc', NULL, 'Wykonać przelew', '{}', '2026-04-30 12:38:32.920552+00'),
	('501df89d-9229-4713-b97c-16cffdb14645', '5c5638be-d29c-4726-9816-c1ae4e4e4f1e', 'task_bumped', 'task', '837f204e-0641-4404-a98b-0e14b5c855cc', '837f204e-0641-4404-a98b-0e14b5c855cc', NULL, 'Wykonać przelew', '{}', '2026-04-30 12:38:33.977163+00'),
	('f534775f-2bd9-445d-8f13-8df63ecf21e3', '5c5638be-d29c-4726-9816-c1ae4e4e4f1e', 'task_bumped', 'task', '837f204e-0641-4404-a98b-0e14b5c855cc', '837f204e-0641-4404-a98b-0e14b5c855cc', NULL, 'Wykonać przelew', '{}', '2026-04-30 12:40:12.309202+00'),
	('dc005552-473d-476f-ae23-953e848f3579', 'c01f1de2-6b07-4375-b34a-3c861a2ec31a', 'task_bumped', 'task', 'ccb5e024-8867-4773-bca9-9e86864d51ef', 'ccb5e024-8867-4773-bca9-9e86864d51ef', NULL, 'Zamówić panele', '{}', '2026-04-30 12:40:27.470362+00'),
	('50623485-eb18-44ae-8252-99d05b0a2aac', 'c01f1de2-6b07-4375-b34a-3c861a2ec31a', 'task_bumped', 'task', '5a624a63-a8c4-4c29-8798-b459e078c05c', '5a624a63-a8c4-4c29-8798-b459e078c05c', NULL, 'Zamówić panele', '{}', '2026-04-30 12:40:35.441458+00'),
	('a072f3fc-150a-4fe6-b4dd-dc7590dcdba2', '5c5638be-d29c-4726-9816-c1ae4e4e4f1e', 'task_bumped', 'task', '837f204e-0641-4404-a98b-0e14b5c855cc', '837f204e-0641-4404-a98b-0e14b5c855cc', NULL, 'Wykonać przelew', '{}', '2026-04-30 12:49:01.166753+00'),
	('fc69ed06-7955-451c-b61d-a54489a5e8a0', 'c01f1de2-6b07-4375-b34a-3c861a2ec31a', 'investment_comment_added', 'investment', '4fb0c8ce-ab79-41dc-a235-e3ab1a2d8ba9', NULL, '4fb0c8ce-ab79-41dc-a235-e3ab1a2d8ba9', 'Hola', '{"comment_id": "1ceca0ca-ab47-4b2a-b681-f4167ce1642a"}', '2026-04-30 12:50:17.778677+00'),
	('3525c511-635c-4665-aa20-73ba1449ecb4', 'c01f1de2-6b07-4375-b34a-3c861a2ec31a', 'investment_status_changed', 'investment', '0b29bed2-f273-4eb7-ba8c-1dcf3597b790', NULL, '0b29bed2-f273-4eb7-ba8c-1dcf3597b790', NULL, '{"new_status": "czeka_na_wplate", "old_status": "w_planowaniu"}', '2026-04-30 12:50:34.39011+00'),
	('0abecb27-192d-4bc8-9c51-78859adcfcd0', 'c01f1de2-6b07-4375-b34a-3c861a2ec31a', 'task_bumped', 'task', '5a624a63-a8c4-4c29-8798-b459e078c05c', '5a624a63-a8c4-4c29-8798-b459e078c05c', NULL, 'Zamówić panele', '{}', '2026-04-30 12:51:00.332563+00'),
	('0c1f5bf6-547e-4579-830d-da4724f34337', '5c5638be-d29c-4726-9816-c1ae4e4e4f1e', 'task_bumped', 'task', '837f204e-0641-4404-a98b-0e14b5c855cc', '837f204e-0641-4404-a98b-0e14b5c855cc', NULL, 'Wykonać przelew', '{}', '2026-04-30 13:02:48.896734+00'),
	('201db75d-96d2-42b0-81eb-08613bfba9cf', '5c5638be-d29c-4726-9816-c1ae4e4e4f1e', 'task_bumped', 'task', '837f204e-0641-4404-a98b-0e14b5c855cc', '837f204e-0641-4404-a98b-0e14b5c855cc', NULL, 'Wykonać przelew', '{}', '2026-04-30 13:03:11.178632+00'),
	('c0a215f2-36eb-4fa3-ba8d-0e7ee2722a45', '5c5638be-d29c-4726-9816-c1ae4e4e4f1e', 'task_bumped', 'task', '837f204e-0641-4404-a98b-0e14b5c855cc', '837f204e-0641-4404-a98b-0e14b5c855cc', NULL, 'Wykonać przelew', '{}', '2026-04-30 13:04:10.293272+00'),
	('16a52f87-c638-4b94-a943-bd2e672e27b2', '5c5638be-d29c-4726-9816-c1ae4e4e4f1e', 'task_bumped', 'task', '837f204e-0641-4404-a98b-0e14b5c855cc', '837f204e-0641-4404-a98b-0e14b5c855cc', NULL, 'Wykonać przelew', '{}', '2026-04-30 13:04:22.071917+00'),
	('8a3bd1d6-d367-4eda-a695-2a9e0dbc6999', '5c5638be-d29c-4726-9816-c1ae4e4e4f1e', 'task_bumped', 'task', '837f204e-0641-4404-a98b-0e14b5c855cc', '837f204e-0641-4404-a98b-0e14b5c855cc', NULL, 'Wykonać przelew', '{}', '2026-04-30 13:04:58.423598+00'),
	('fe27ff2e-e891-4bdb-b437-cb96a0198c08', '5c5638be-d29c-4726-9816-c1ae4e4e4f1e', 'task_bumped', 'task', '837f204e-0641-4404-a98b-0e14b5c855cc', '837f204e-0641-4404-a98b-0e14b5c855cc', NULL, 'Wykonać przelew', '{}', '2026-04-30 13:05:15.617005+00'),
	('cec2306a-9c94-4da8-bec8-c7a4e529250f', '5c5638be-d29c-4726-9816-c1ae4e4e4f1e', 'task_bumped', 'task', '837f204e-0641-4404-a98b-0e14b5c855cc', '837f204e-0641-4404-a98b-0e14b5c855cc', NULL, 'Wykonać przelew', '{}', '2026-04-30 13:08:15.315907+00'),
	('2ff44a1f-1f7a-4994-87fe-02d30bd93921', '5c5638be-d29c-4726-9816-c1ae4e4e4f1e', 'task_bumped', 'task', '6b99c1a4-7895-4eae-a2af-8310521285a5', '6b99c1a4-7895-4eae-a2af-8310521285a5', NULL, 'Hehe', '{}', '2026-04-30 13:09:00.037581+00'),
	('02d3338c-010b-4e59-bea6-37bd9c17ba2e', '5c5638be-d29c-4726-9816-c1ae4e4e4f1e', 'task_bumped', 'task', '6b99c1a4-7895-4eae-a2af-8310521285a5', '6b99c1a4-7895-4eae-a2af-8310521285a5', NULL, 'Hehe', '{}', '2026-04-30 13:09:26.402141+00'),
	('8c036631-00a8-40f9-b4c8-f3ffce60ea65', '5c5638be-d29c-4726-9816-c1ae4e4e4f1e', 'task_bumped', 'task', '6b99c1a4-7895-4eae-a2af-8310521285a5', '6b99c1a4-7895-4eae-a2af-8310521285a5', NULL, 'Hehe', '{}', '2026-04-30 13:13:33.898426+00'),
	('339c58b9-b12a-4f2b-820c-e71be96c870a', '5c5638be-d29c-4726-9816-c1ae4e4e4f1e', 'task_bumped', 'task', '6b99c1a4-7895-4eae-a2af-8310521285a5', '6b99c1a4-7895-4eae-a2af-8310521285a5', NULL, 'Hehe', '{}', '2026-04-30 13:14:45.972585+00'),
	('178f287c-92a3-4b8e-b23a-38e6cc420b95', '5c5638be-d29c-4726-9816-c1ae4e4e4f1e', 'task_bumped', 'task', '6b99c1a4-7895-4eae-a2af-8310521285a5', '6b99c1a4-7895-4eae-a2af-8310521285a5', NULL, 'Hehe', '{}', '2026-04-30 13:14:47.362949+00'),
	('d35e2bf7-90a0-4e19-b9d1-f840aa6b70f3', '5c5638be-d29c-4726-9816-c1ae4e4e4f1e', 'task_created_for_investment', 'task', '2204512d-b436-46e5-8b85-148222d518fc', '2204512d-b436-46e5-8b85-148222d518fc', '4fb0c8ce-ab79-41dc-a235-e3ab1a2d8ba9', 'Zadanie', '{}', '2026-04-30 13:15:21.389703+00'),
	('53e1199e-024c-4551-a0d3-ff44bce081c6', '9012ec6c-b061-45ff-be1b-c96018f5b251', 'task_comment_added', 'task', '2204512d-b436-46e5-8b85-148222d518fc', '2204512d-b436-46e5-8b85-148222d518fc', NULL, 'Ok', '{"comment_id": "752cf18a-2b9c-4bf2-ae64-dd4e0d38d452"}', '2026-04-30 13:15:31.462474+00'),
	('f673ecc2-f066-4ea5-a7a8-0648611b8173', '9012ec6c-b061-45ff-be1b-c96018f5b251', 'task_status_changed', 'task', '2204512d-b436-46e5-8b85-148222d518fc', '2204512d-b436-46e5-8b85-148222d518fc', NULL, NULL, '{"new_status": "w_trakcie", "old_status": "do_zrobienia"}', '2026-04-30 13:15:34.738516+00'),
	('08962982-61e7-4b0e-8673-b291b44f2b08', '5c5638be-d29c-4726-9816-c1ae4e4e4f1e', 'task_bumped', 'task', '2204512d-b436-46e5-8b85-148222d518fc', '2204512d-b436-46e5-8b85-148222d518fc', NULL, 'Zadanie', '{}', '2026-04-30 13:23:30.041876+00'),
	('e6ad3103-b8f4-4920-bf3d-b120d3f84539', '5c5638be-d29c-4726-9816-c1ae4e4e4f1e', 'task_bumped', 'task', '2204512d-b436-46e5-8b85-148222d518fc', '2204512d-b436-46e5-8b85-148222d518fc', NULL, 'Zadanie', '{}', '2026-04-30 13:23:35.01344+00'),
	('53bd88da-2bc6-46cc-80c4-b2cb8cd811d7', '5c5638be-d29c-4726-9816-c1ae4e4e4f1e', 'task_bumped', 'task', '2204512d-b436-46e5-8b85-148222d518fc', '2204512d-b436-46e5-8b85-148222d518fc', NULL, 'Zadanie', '{}', '2026-04-30 13:23:36.542213+00'),
	('2b18d634-3da1-444c-81f3-26aba6616046', '5c5638be-d29c-4726-9816-c1ae4e4e4f1e', 'task_bumped', 'task', '2204512d-b436-46e5-8b85-148222d518fc', '2204512d-b436-46e5-8b85-148222d518fc', NULL, 'Zadanie', '{}', '2026-04-30 13:24:12.409434+00'),
	('f876f9d1-a07e-47d0-975b-11e7ce293db8', '5c5638be-d29c-4726-9816-c1ae4e4e4f1e', 'task_bumped', 'task', '2204512d-b436-46e5-8b85-148222d518fc', '2204512d-b436-46e5-8b85-148222d518fc', NULL, 'Zadanie', '{}', '2026-04-30 13:24:19.418286+00'),
	('fc985fca-2afd-4905-9561-1caaadcf4a25', '5c5638be-d29c-4726-9816-c1ae4e4e4f1e', 'task_bumped', 'task', '2204512d-b436-46e5-8b85-148222d518fc', '2204512d-b436-46e5-8b85-148222d518fc', NULL, 'Zadanie', '{}', '2026-04-30 13:26:17.715602+00'),
	('3016c325-cf6c-493f-b30f-7d68970169e5', '5c5638be-d29c-4726-9816-c1ae4e4e4f1e', 'task_bumped', 'task', '2204512d-b436-46e5-8b85-148222d518fc', '2204512d-b436-46e5-8b85-148222d518fc', NULL, 'Zadanie', '{}', '2026-04-30 13:26:42.54593+00'),
	('71a706f7-ad28-4734-8937-5230de6f99e3', '5c5638be-d29c-4726-9816-c1ae4e4e4f1e', 'task_bumped', 'task', '2204512d-b436-46e5-8b85-148222d518fc', '2204512d-b436-46e5-8b85-148222d518fc', NULL, 'Zadanie', '{}', '2026-04-30 13:26:47.966546+00'),
	('c708e52f-9678-41e6-94fb-efbe641b4515', '5c5638be-d29c-4726-9816-c1ae4e4e4f1e', 'task_bumped', 'task', '2204512d-b436-46e5-8b85-148222d518fc', '2204512d-b436-46e5-8b85-148222d518fc', NULL, 'Zadanie', '{}', '2026-04-30 13:27:14.734016+00'),
	('22c3dfdc-ddfc-4512-a3fc-e0b359c32584', '5c5638be-d29c-4726-9816-c1ae4e4e4f1e', 'task_bumped', 'task', '2204512d-b436-46e5-8b85-148222d518fc', '2204512d-b436-46e5-8b85-148222d518fc', NULL, 'Zadanie', '{}', '2026-04-30 13:27:18.420092+00'),
	('30a5f2b2-0654-41dd-bc38-40c00115fed0', '5c5638be-d29c-4726-9816-c1ae4e4e4f1e', 'task_bumped', 'task', '2204512d-b436-46e5-8b85-148222d518fc', '2204512d-b436-46e5-8b85-148222d518fc', NULL, 'Zadanie', '{}', '2026-04-30 13:27:22.202618+00'),
	('4b3ce24a-5438-4341-8581-ab2990b367e1', '5c5638be-d29c-4726-9816-c1ae4e4e4f1e', 'task_bumped', 'task', '2204512d-b436-46e5-8b85-148222d518fc', '2204512d-b436-46e5-8b85-148222d518fc', NULL, 'Zadanie', '{}', '2026-04-30 13:28:15.85032+00'),
	('e6a4971e-9194-4b59-b0e2-018863ae56f4', '5c5638be-d29c-4726-9816-c1ae4e4e4f1e', 'task_bumped', 'task', '2204512d-b436-46e5-8b85-148222d518fc', '2204512d-b436-46e5-8b85-148222d518fc', NULL, 'Zadanie', '{}', '2026-04-30 13:29:38.125154+00'),
	('416b138c-c5d0-493b-9587-ca74d4d6e47b', '5c5638be-d29c-4726-9816-c1ae4e4e4f1e', 'task_bumped', 'task', '2204512d-b436-46e5-8b85-148222d518fc', '2204512d-b436-46e5-8b85-148222d518fc', NULL, 'Zadanie', '{}', '2026-04-30 13:29:54.93824+00'),
	('fd5f0399-c230-4d06-9afc-4ae16ea26e34', '5c5638be-d29c-4726-9816-c1ae4e4e4f1e', 'task_comment_added', 'task', '2204512d-b436-46e5-8b85-148222d518fc', '2204512d-b436-46e5-8b85-148222d518fc', NULL, 'Hi', '{"comment_id": "5bb2ff40-2195-4096-ac11-4f3565c6392b"}', '2026-04-30 13:30:02.527844+00'),
	('47571ec4-1021-4275-a1e4-c0b4734b311c', '5c5638be-d29c-4726-9816-c1ae4e4e4f1e', 'task_bumped', 'task', '2204512d-b436-46e5-8b85-148222d518fc', '2204512d-b436-46e5-8b85-148222d518fc', NULL, 'Zadanie', '{}', '2026-04-30 13:31:14.438649+00'),
	('75fe8248-a928-457b-aea9-8cbee0da69f9', '5c5638be-d29c-4726-9816-c1ae4e4e4f1e', 'task_bumped', 'task', '2204512d-b436-46e5-8b85-148222d518fc', '2204512d-b436-46e5-8b85-148222d518fc', NULL, 'Zadanie', '{}', '2026-04-30 13:32:00.841096+00'),
	('bf9bb251-8934-45b4-9d8f-b6cf8be62c90', '5c5638be-d29c-4726-9816-c1ae4e4e4f1e', 'task_bumped', 'task', '2204512d-b436-46e5-8b85-148222d518fc', '2204512d-b436-46e5-8b85-148222d518fc', NULL, 'Zadanie', '{}', '2026-04-30 13:32:21.72495+00'),
	('82fe8152-45c2-452a-b8e1-b9c9dfeb7409', '5c5638be-d29c-4726-9816-c1ae4e4e4f1e', 'task_bumped', 'task', '2204512d-b436-46e5-8b85-148222d518fc', '2204512d-b436-46e5-8b85-148222d518fc', NULL, 'Zadanie', '{}', '2026-04-30 13:32:46.789439+00'),
	('ae1d433b-85fe-4922-9f35-b1ee1e959c19', '5c5638be-d29c-4726-9816-c1ae4e4e4f1e', 'task_bumped', 'task', '2204512d-b436-46e5-8b85-148222d518fc', '2204512d-b436-46e5-8b85-148222d518fc', NULL, 'Zadanie', '{}', '2026-04-30 13:33:19.43338+00'),
	('6e2db192-0c87-47eb-adfa-391938772b71', '5c5638be-d29c-4726-9816-c1ae4e4e4f1e', 'task_bumped', 'task', '2204512d-b436-46e5-8b85-148222d518fc', '2204512d-b436-46e5-8b85-148222d518fc', NULL, 'Zadanie', '{}', '2026-04-30 13:33:31.592783+00'),
	('e1fbbbf1-0cb2-49bd-be5f-5350160a2630', '5c5638be-d29c-4726-9816-c1ae4e4e4f1e', 'task_bumped', 'task', '2204512d-b436-46e5-8b85-148222d518fc', '2204512d-b436-46e5-8b85-148222d518fc', NULL, 'Zadanie', '{}', '2026-04-30 13:33:40.414789+00'),
	('3eb964bc-7b33-482a-b2c5-d82a9ed93d29', '5c5638be-d29c-4726-9816-c1ae4e4e4f1e', 'task_status_changed', 'task', '5a624a63-a8c4-4c29-8798-b459e078c05c', '5a624a63-a8c4-4c29-8798-b459e078c05c', NULL, NULL, '{"new_status": "zrobione", "old_status": "do_zrobienia"}', '2026-04-30 13:39:49.967319+00'),
	('2fa1773e-e2df-4317-9ad0-236009fb2409', '5c5638be-d29c-4726-9816-c1ae4e4e4f1e', 'task_status_changed', 'task', 'ccb5e024-8867-4773-bca9-9e86864d51ef', 'ccb5e024-8867-4773-bca9-9e86864d51ef', NULL, NULL, '{"new_status": "zrobione", "old_status": "do_zrobienia"}', '2026-04-30 13:39:52.676399+00'),
	('ef0c01a7-91a6-4ff9-9d00-c598aaa0f49f', '5c5638be-d29c-4726-9816-c1ae4e4e4f1e', 'task_status_changed', 'task', '4e0ed1f3-cd5b-4f1c-8f3f-8fc0395c50e3', '4e0ed1f3-cd5b-4f1c-8f3f-8fc0395c50e3', NULL, NULL, '{"new_status": "zrobione", "old_status": "do_zrobienia"}', '2026-04-30 13:39:54.873132+00'),
	('8ba50a53-f94d-4da6-99fe-af077493ebdd', '5c5638be-d29c-4726-9816-c1ae4e4e4f1e', 'task_status_changed', 'task', '52d6c8c5-f408-4e84-8b09-b867817bc970', '52d6c8c5-f408-4e84-8b09-b867817bc970', NULL, NULL, '{"new_status": "zrobione", "old_status": "w_trakcie"}', '2026-04-30 13:39:57.333321+00'),
	('d55075c2-55db-40ab-83f1-9340c4ba4637', '5c5638be-d29c-4726-9816-c1ae4e4e4f1e', 'task_status_changed', 'task', '7a3ae7b1-b554-4882-b897-34d0b4280be9', '7a3ae7b1-b554-4882-b897-34d0b4280be9', NULL, NULL, '{"new_status": "zrobione", "old_status": "do_zrobienia"}', '2026-04-30 13:40:00.277171+00'),
	('684ee580-0a60-4758-979d-cdddd70f17d0', '5c5638be-d29c-4726-9816-c1ae4e4e4f1e', 'task_status_changed', 'task', 'c595217e-27d0-4aea-aad6-5cddc407eacb', 'c595217e-27d0-4aea-aad6-5cddc407eacb', NULL, NULL, '{"new_status": "zrobione", "old_status": "do_zrobienia"}', '2026-04-30 13:40:02.455958+00'),
	('e826892d-d5ec-4d16-9c0b-02c5118fc2aa', '5c5638be-d29c-4726-9816-c1ae4e4e4f1e', 'task_status_changed', 'task', 'c1dc46e5-c5f4-4663-8cb1-001a17514357', 'c1dc46e5-c5f4-4663-8cb1-001a17514357', NULL, NULL, '{"new_status": "zrobione", "old_status": "w_trakcie"}', '2026-04-30 13:40:04.664754+00'),
	('c483604c-0866-46b3-b42b-fda734898bad', '5c5638be-d29c-4726-9816-c1ae4e4e4f1e', 'task_bumped', 'task', '2204512d-b436-46e5-8b85-148222d518fc', '2204512d-b436-46e5-8b85-148222d518fc', NULL, 'Zadanie', '{}', '2026-04-30 13:40:13.901207+00'),
	('8b8f20c0-8241-45d0-b8fa-56ca81f01730', '5c5638be-d29c-4726-9816-c1ae4e4e4f1e', 'task_created', 'task', 'f2171668-b7f4-4881-a939-d2c582254567', 'f2171668-b7f4-4881-a939-d2c582254567', NULL, 'Test', '{}', '2026-04-30 13:40:31.489427+00'),
	('eb10fb97-d4db-498a-af5f-b02653fbb97d', '5c5638be-d29c-4726-9816-c1ae4e4e4f1e', 'task_bumped', 'task', 'f2171668-b7f4-4881-a939-d2c582254567', 'f2171668-b7f4-4881-a939-d2c582254567', NULL, 'Test', '{}', '2026-04-30 13:41:11.576604+00'),
	('1db0a955-31b8-4870-91ae-fd1f27bacf7c', '5c5638be-d29c-4726-9816-c1ae4e4e4f1e', 'task_bumped', 'task', 'f2171668-b7f4-4881-a939-d2c582254567', 'f2171668-b7f4-4881-a939-d2c582254567', NULL, 'Test', '{}', '2026-04-30 13:41:18.15516+00'),
	('057fbbd9-8e2b-459c-abeb-d4799c480a7b', '5c5638be-d29c-4726-9816-c1ae4e4e4f1e', 'task_bumped', 'task', '2204512d-b436-46e5-8b85-148222d518fc', '2204512d-b436-46e5-8b85-148222d518fc', NULL, 'Zadanie', '{}', '2026-04-30 13:44:39.834539+00'),
	('d75b994b-760a-4b0d-b57d-fdf5f33c7605', '5c5638be-d29c-4726-9816-c1ae4e4e4f1e', 'task_bumped', 'task', '837f204e-0641-4404-a98b-0e14b5c855cc', '837f204e-0641-4404-a98b-0e14b5c855cc', NULL, 'Wykonać przelew', '{}', '2026-04-30 13:44:46.487432+00'),
	('c3685da2-82a7-47fd-857c-8e70a4f0c194', '5c5638be-d29c-4726-9816-c1ae4e4e4f1e', 'task_bumped', 'task', '837f204e-0641-4404-a98b-0e14b5c855cc', '837f204e-0641-4404-a98b-0e14b5c855cc', NULL, 'Wykonać przelew', '{}', '2026-04-30 13:45:07.891407+00'),
	('da5fb1ed-87c5-4239-a1c6-80e2385b653f', '5c5638be-d29c-4726-9816-c1ae4e4e4f1e', 'task_bumped', 'task', '837f204e-0641-4404-a98b-0e14b5c855cc', '837f204e-0641-4404-a98b-0e14b5c855cc', NULL, 'Wykonać przelew', '{}', '2026-04-30 13:45:14.160311+00'),
	('ff72d6d7-a363-4e24-8bd5-e71ada3a731b', '5c5638be-d29c-4726-9816-c1ae4e4e4f1e', 'task_bumped', 'task', '837f204e-0641-4404-a98b-0e14b5c855cc', '837f204e-0641-4404-a98b-0e14b5c855cc', NULL, 'Wykonać przelew', '{}', '2026-04-30 13:45:33.902605+00'),
	('eb5820ce-f97f-48ab-8ae6-60a39c89a402', '5c5638be-d29c-4726-9816-c1ae4e4e4f1e', 'task_bumped', 'task', '837f204e-0641-4404-a98b-0e14b5c855cc', '837f204e-0641-4404-a98b-0e14b5c855cc', NULL, 'Wykonać przelew', '{}', '2026-04-30 13:47:03.995706+00'),
	('6ae5b04b-5a50-455d-9864-ce9dc365816c', '5c5638be-d29c-4726-9816-c1ae4e4e4f1e', 'task_bumped', 'task', '837f204e-0641-4404-a98b-0e14b5c855cc', '837f204e-0641-4404-a98b-0e14b5c855cc', NULL, 'Wykonać przelew', '{}', '2026-04-30 13:47:11.042+00'),
	('e246db2d-dd67-46c8-a659-11bd000f1b4a', '5c5638be-d29c-4726-9816-c1ae4e4e4f1e', 'task_bumped', 'task', 'f2171668-b7f4-4881-a939-d2c582254567', 'f2171668-b7f4-4881-a939-d2c582254567', NULL, 'Test', '{}', '2026-04-30 13:47:42.247517+00'),
	('884312df-b570-471c-ac4a-9ef265f87b52', '5c5638be-d29c-4726-9816-c1ae4e4e4f1e', 'task_bumped', 'task', 'f2171668-b7f4-4881-a939-d2c582254567', 'f2171668-b7f4-4881-a939-d2c582254567', NULL, 'Test', '{}', '2026-04-30 13:47:49.915129+00'),
	('05a99201-82b1-4f6d-bff2-efcccef95f34', '9012ec6c-b061-45ff-be1b-c96018f5b251', 'task_status_changed', 'task', 'f2171668-b7f4-4881-a939-d2c582254567', 'f2171668-b7f4-4881-a939-d2c582254567', NULL, NULL, '{"new_status": "w_trakcie", "old_status": "do_zrobienia"}', '2026-04-30 13:50:09.694474+00'),
	('0b8b5a3a-f280-4300-b88c-5561d5c67f9e', '5c5638be-d29c-4726-9816-c1ae4e4e4f1e', 'task_bumped', 'task', 'f2171668-b7f4-4881-a939-d2c582254567', 'f2171668-b7f4-4881-a939-d2c582254567', NULL, 'Test', '{}', '2026-04-30 13:51:52.76648+00'),
	('744b3719-9f7f-417a-b98d-9ea4395707dc', '5c5638be-d29c-4726-9816-c1ae4e4e4f1e', 'task_bumped', 'task', 'f2171668-b7f4-4881-a939-d2c582254567', 'f2171668-b7f4-4881-a939-d2c582254567', NULL, 'Test', '{}', '2026-04-30 13:52:22.073904+00'),
	('18687c57-9804-42c3-870c-5dbf2a695845', '5c5638be-d29c-4726-9816-c1ae4e4e4f1e', 'task_bumped', 'task', 'f2171668-b7f4-4881-a939-d2c582254567', 'f2171668-b7f4-4881-a939-d2c582254567', NULL, 'Test', '{}', '2026-04-30 13:52:42.322995+00'),
	('5a029a3c-4684-4e7b-8361-49acac39f299', '5c5638be-d29c-4726-9816-c1ae4e4e4f1e', 'task_status_changed', 'task', 'f2171668-b7f4-4881-a939-d2c582254567', 'f2171668-b7f4-4881-a939-d2c582254567', NULL, NULL, '{"new_status": "do_zrobienia", "old_status": "w_trakcie"}', '2026-04-30 13:52:45.206817+00'),
	('8defa17a-95fe-4d85-8f20-88065a55d267', '5c5638be-d29c-4726-9816-c1ae4e4e4f1e', 'task_status_changed', 'task', 'f2171668-b7f4-4881-a939-d2c582254567', 'f2171668-b7f4-4881-a939-d2c582254567', NULL, NULL, '{"new_status": "w_trakcie", "old_status": "do_zrobienia"}', '2026-04-30 13:52:46.777136+00'),
	('e7e3077a-0b32-4e4b-9dad-12d03beb9c72', '5c5638be-d29c-4726-9816-c1ae4e4e4f1e', 'task_status_changed', 'task', 'f2171668-b7f4-4881-a939-d2c582254567', 'f2171668-b7f4-4881-a939-d2c582254567', NULL, NULL, '{"new_status": "do_zrobienia", "old_status": "w_trakcie"}', '2026-04-30 13:52:48.007953+00'),
	('34ba0150-c3df-4a7e-8c1b-36099cbf80d4', '5c5638be-d29c-4726-9816-c1ae4e4e4f1e', 'task_status_changed', 'task', 'f2171668-b7f4-4881-a939-d2c582254567', 'f2171668-b7f4-4881-a939-d2c582254567', NULL, NULL, '{"new_status": "w_trakcie", "old_status": "do_zrobienia"}', '2026-04-30 13:52:48.720426+00'),
	('daf665c5-4268-4150-97bd-2c33139a5c97', '5c5638be-d29c-4726-9816-c1ae4e4e4f1e', 'task_bumped', 'task', 'f2171668-b7f4-4881-a939-d2c582254567', 'f2171668-b7f4-4881-a939-d2c582254567', NULL, 'Test', '{}', '2026-04-30 13:53:15.073529+00'),
	('2eb985b2-57eb-45aa-8e21-44d1dca8bd33', '5c5638be-d29c-4726-9816-c1ae4e4e4f1e', 'task_bumped', 'task', 'f2171668-b7f4-4881-a939-d2c582254567', 'f2171668-b7f4-4881-a939-d2c582254567', NULL, 'Test', '{}', '2026-04-30 13:53:46.253919+00'),
	('56f5c276-c33c-4ac9-b52b-48a2242af29b', '5c5638be-d29c-4726-9816-c1ae4e4e4f1e', 'task_bumped', 'task', '2204512d-b436-46e5-8b85-148222d518fc', '2204512d-b436-46e5-8b85-148222d518fc', NULL, 'Zadanie', '{}', '2026-04-30 13:53:58.175082+00'),
	('de0e6cb7-5265-4a3a-97c5-3af8da63e47e', '5c5638be-d29c-4726-9816-c1ae4e4e4f1e', 'task_bumped', 'task', 'f2171668-b7f4-4881-a939-d2c582254567', 'f2171668-b7f4-4881-a939-d2c582254567', NULL, 'Test', '{}', '2026-04-30 13:54:43.274323+00'),
	('3ba7e708-49cd-4fcb-a6dd-a7d802e9cd3b', '5c5638be-d29c-4726-9816-c1ae4e4e4f1e', 'task_bumped', 'task', 'f2171668-b7f4-4881-a939-d2c582254567', 'f2171668-b7f4-4881-a939-d2c582254567', NULL, 'Test', '{}', '2026-04-30 13:58:12.984587+00'),
	('1b0765b7-c383-4903-b06c-af758962698f', '5c5638be-d29c-4726-9816-c1ae4e4e4f1e', 'task_bumped', 'task', 'f2171668-b7f4-4881-a939-d2c582254567', 'f2171668-b7f4-4881-a939-d2c582254567', NULL, 'Test', '{}', '2026-04-30 13:58:18.454626+00'),
	('00516ec8-d56d-4ba9-b469-ceb6d8d3b829', '5c5638be-d29c-4726-9816-c1ae4e4e4f1e', 'task_bumped', 'task', 'f2171668-b7f4-4881-a939-d2c582254567', 'f2171668-b7f4-4881-a939-d2c582254567', NULL, 'Test', '{}', '2026-04-30 14:09:42.732701+00'),
	('8d99f167-0367-479a-a906-7f093554df9f', '5c5638be-d29c-4726-9816-c1ae4e4e4f1e', 'task_bumped', 'task', 'f2171668-b7f4-4881-a939-d2c582254567', 'f2171668-b7f4-4881-a939-d2c582254567', NULL, 'Test', '{}', '2026-04-30 14:17:48.361346+00'),
	('d524f00b-01a5-478f-9a49-d786a9f9e109', '5c5638be-d29c-4726-9816-c1ae4e4e4f1e', 'task_bumped', 'task', 'f2171668-b7f4-4881-a939-d2c582254567', 'f2171668-b7f4-4881-a939-d2c582254567', NULL, 'Test', '{}', '2026-04-30 14:17:56.082514+00'),
	('228a3939-eec2-4fc6-a423-41a25e2e4564', '5c5638be-d29c-4726-9816-c1ae4e4e4f1e', 'task_bumped', 'task', 'f2171668-b7f4-4881-a939-d2c582254567', 'f2171668-b7f4-4881-a939-d2c582254567', NULL, 'Test', '{}', '2026-04-30 14:18:00.370473+00'),
	('5f09d0e6-ef6d-4c5b-9c93-988edb0926fb', '5c5638be-d29c-4726-9816-c1ae4e4e4f1e', 'task_bumped', 'task', '837f204e-0641-4404-a98b-0e14b5c855cc', '837f204e-0641-4404-a98b-0e14b5c855cc', NULL, 'Wykonać przelew', '{}', '2026-04-30 14:19:12.285539+00'),
	('423a9f43-67f9-4b10-b39e-474c878eabf2', '5c5638be-d29c-4726-9816-c1ae4e4e4f1e', 'task_bumped', 'task', '837f204e-0641-4404-a98b-0e14b5c855cc', '837f204e-0641-4404-a98b-0e14b5c855cc', NULL, 'Wykonać przelew', '{}', '2026-04-30 14:19:21.168383+00'),
	('68a2d689-b61f-4318-9c10-758f552971a4', '5c5638be-d29c-4726-9816-c1ae4e4e4f1e', 'task_created', 'task', 'cc13d215-cc9e-46d9-beff-f77251610184', 'cc13d215-cc9e-46d9-beff-f77251610184', NULL, 'D', '{}', '2026-04-30 14:19:33.224833+00'),
	('cb7d7202-6268-4960-b2b6-b8bd25258c49', '5c5638be-d29c-4726-9816-c1ae4e4e4f1e', 'task_bumped', 'task', 'f2171668-b7f4-4881-a939-d2c582254567', 'f2171668-b7f4-4881-a939-d2c582254567', NULL, 'Test', '{}', '2026-04-30 14:20:37.623514+00'),
	('fdfca291-f00b-4d0c-9909-712be4082b53', '5c5638be-d29c-4726-9816-c1ae4e4e4f1e', 'task_bumped', 'task', 'f2171668-b7f4-4881-a939-d2c582254567', 'f2171668-b7f4-4881-a939-d2c582254567', NULL, 'Test', '{}', '2026-04-30 14:23:15.351275+00'),
	('fec3addb-ceed-4980-a18a-61c91317b565', '5c5638be-d29c-4726-9816-c1ae4e4e4f1e', 'task_bumped', 'task', 'f2171668-b7f4-4881-a939-d2c582254567', 'f2171668-b7f4-4881-a939-d2c582254567', NULL, 'Test', '{}', '2026-04-30 14:23:22.3162+00'),
	('0d8d11b3-c00d-491a-a1e6-5e7bb09d3b32', '9012ec6c-b061-45ff-be1b-c96018f5b251', 'task_comment_added', 'task', 'f2171668-b7f4-4881-a939-d2c582254567', 'f2171668-b7f4-4881-a939-d2c582254567', NULL, 'F', '{"comment_id": "8c2c7f57-3fc4-454a-bf72-1015a42524e8"}', '2026-04-30 14:23:32.635696+00'),
	('e3045ace-7d8e-42dc-8e4b-34131564dfc9', '9012ec6c-b061-45ff-be1b-c96018f5b251', 'task_comment_added', 'task', 'f2171668-b7f4-4881-a939-d2c582254567', 'f2171668-b7f4-4881-a939-d2c582254567', NULL, 'G', '{"comment_id": "ba7823db-07a2-4729-9755-3620f92f77e7"}', '2026-04-30 14:23:44.255989+00'),
	('b01b16a4-a0af-4c48-a06d-7fd90fbb517f', '5c5638be-d29c-4726-9816-c1ae4e4e4f1e', 'task_bumped', 'task', 'f2171668-b7f4-4881-a939-d2c582254567', 'f2171668-b7f4-4881-a939-d2c582254567', NULL, 'Test', '{}', '2026-04-30 14:32:35.926968+00'),
	('f02beb54-bb5b-4566-9a1f-5792c317a238', '5c5638be-d29c-4726-9816-c1ae4e4e4f1e', 'task_bumped', 'task', 'f2171668-b7f4-4881-a939-d2c582254567', 'f2171668-b7f4-4881-a939-d2c582254567', NULL, 'Test', '{}', '2026-04-30 14:32:42.452842+00'),
	('42fc1df0-c38f-4b10-b63a-bd46e7fa20e2', '5c5638be-d29c-4726-9816-c1ae4e4e4f1e', 'task_bumped', 'task', 'f2171668-b7f4-4881-a939-d2c582254567', 'f2171668-b7f4-4881-a939-d2c582254567', NULL, 'Test', '{}', '2026-04-30 14:32:49.667255+00'),
	('c949bbb0-dd1f-4201-a7cd-ad96d2d77392', '9012ec6c-b061-45ff-be1b-c96018f5b251', 'task_comment_added', 'task', 'f2171668-b7f4-4881-a939-d2c582254567', 'f2171668-b7f4-4881-a939-d2c582254567', NULL, 'Ok', '{"comment_id": "5d78d751-6eb3-4efd-bc5c-4c07d7deaa8f"}', '2026-04-30 14:33:00.625617+00'),
	('f7384e44-30d8-47b3-98bf-b0b3f9952f2f', '5c5638be-d29c-4726-9816-c1ae4e4e4f1e', 'task_bumped', 'task', 'f2171668-b7f4-4881-a939-d2c582254567', 'f2171668-b7f4-4881-a939-d2c582254567', NULL, 'Test', '{}', '2026-04-30 14:58:20.674733+00'),
	('994d7d38-d26d-469b-8e38-bf9efb6bafba', '5c5638be-d29c-4726-9816-c1ae4e4e4f1e', 'task_bumped', 'task', 'f2171668-b7f4-4881-a939-d2c582254567', 'f2171668-b7f4-4881-a939-d2c582254567', NULL, 'Test', '{}', '2026-04-30 14:59:42.313905+00'),
	('0ae4f237-5bd7-4c4e-8537-18ff2c310737', '5c5638be-d29c-4726-9816-c1ae4e4e4f1e', 'task_bumped', 'task', 'f2171668-b7f4-4881-a939-d2c582254567', 'f2171668-b7f4-4881-a939-d2c582254567', NULL, 'Test', '{}', '2026-04-30 14:59:50.92101+00'),
	('ceb91053-84b3-4577-b29c-a2094a99d553', '5c5638be-d29c-4726-9816-c1ae4e4e4f1e', 'task_bumped', 'task', 'f2171668-b7f4-4881-a939-d2c582254567', 'f2171668-b7f4-4881-a939-d2c582254567', NULL, 'Test', '{}', '2026-04-30 14:59:52.222237+00'),
	('1592426c-a2c9-489e-8c7a-3c16f46b85df', '5c5638be-d29c-4726-9816-c1ae4e4e4f1e', 'task_bumped', 'task', 'f2171668-b7f4-4881-a939-d2c582254567', 'f2171668-b7f4-4881-a939-d2c582254567', NULL, 'Test', '{}', '2026-04-30 14:59:55.824672+00'),
	('e3ebdf3e-2c2f-4983-b115-34e23f44e582', '5c5638be-d29c-4726-9816-c1ae4e4e4f1e', 'task_bumped', 'task', 'f2171668-b7f4-4881-a939-d2c582254567', 'f2171668-b7f4-4881-a939-d2c582254567', NULL, 'Test', '{}', '2026-04-30 15:00:01.220593+00'),
	('a29f47c1-f986-48cd-ad92-5f0a9b04dd6a', '5c5638be-d29c-4726-9816-c1ae4e4e4f1e', 'task_bumped', 'task', 'f2171668-b7f4-4881-a939-d2c582254567', 'f2171668-b7f4-4881-a939-d2c582254567', NULL, 'Test', '{}', '2026-04-30 15:00:08.176928+00'),
	('c7166363-610c-41cd-b523-49d2856f83d2', '5c5638be-d29c-4726-9816-c1ae4e4e4f1e', 'task_bumped', 'task', 'f2171668-b7f4-4881-a939-d2c582254567', 'f2171668-b7f4-4881-a939-d2c582254567', NULL, 'Test', '{}', '2026-04-30 15:00:14.711815+00'),
	('fca4489c-afe7-4212-b282-6986b7e6fc8d', '5c5638be-d29c-4726-9816-c1ae4e4e4f1e', 'task_bumped', 'task', 'f2171668-b7f4-4881-a939-d2c582254567', 'f2171668-b7f4-4881-a939-d2c582254567', NULL, 'Test', '{}', '2026-04-30 15:00:23.324987+00'),
	('6c012edf-e2ac-40fb-8132-052d0105fd93', '5c5638be-d29c-4726-9816-c1ae4e4e4f1e', 'task_bumped', 'task', 'f2171668-b7f4-4881-a939-d2c582254567', 'f2171668-b7f4-4881-a939-d2c582254567', NULL, 'Test', '{}', '2026-04-30 15:00:33.435538+00'),
	('190fc33e-9328-4d58-a88f-6707725df43b', '5c5638be-d29c-4726-9816-c1ae4e4e4f1e', 'task_comment_added', 'task', 'f2171668-b7f4-4881-a939-d2c582254567', 'f2171668-b7f4-4881-a939-d2c582254567', NULL, 'G', '{"comment_id": "fc2f5f19-a06c-4a32-80b2-2bff27afdabc"}', '2026-04-30 15:00:39.572291+00'),
	('5b4566f3-d986-4426-9ea4-eaabb1fce161', '5c5638be-d29c-4726-9816-c1ae4e4e4f1e', 'task_bumped', 'task', 'f2171668-b7f4-4881-a939-d2c582254567', 'f2171668-b7f4-4881-a939-d2c582254567', NULL, 'Test', '{}', '2026-04-30 15:00:51.056667+00'),
	('9df707dd-16dc-4f06-afef-aabc3a3a37b1', '5c5638be-d29c-4726-9816-c1ae4e4e4f1e', 'task_bumped', 'task', 'f2171668-b7f4-4881-a939-d2c582254567', 'f2171668-b7f4-4881-a939-d2c582254567', NULL, 'Test', '{}', '2026-04-30 15:01:09.994412+00'),
	('b7247523-cc2c-4790-9ada-0191f2496767', '5c5638be-d29c-4726-9816-c1ae4e4e4f1e', 'task_bumped', 'task', 'cc13d215-cc9e-46d9-beff-f77251610184', 'cc13d215-cc9e-46d9-beff-f77251610184', NULL, 'D', '{}', '2026-04-30 15:01:29.738277+00'),
	('da478c05-e130-47a6-b04c-bfc1afe1026f', '5c5638be-d29c-4726-9816-c1ae4e4e4f1e', 'task_bumped', 'task', 'f2171668-b7f4-4881-a939-d2c582254567', 'f2171668-b7f4-4881-a939-d2c582254567', NULL, 'Test', '{}', '2026-04-30 15:01:37.452338+00'),
	('43a5f423-989a-4bd1-90ea-c866293d4f7b', '9012ec6c-b061-45ff-be1b-c96018f5b251', 'task_comment_added', 'task', 'f2171668-b7f4-4881-a939-d2c582254567', 'f2171668-b7f4-4881-a939-d2c582254567', NULL, 'Ok', '{"comment_id": "803da2f1-aae4-4f73-b765-61a67066c011"}', '2026-04-30 15:01:53.963774+00'),
	('13c01951-955c-419a-8398-ae71a255220b', '9012ec6c-b061-45ff-be1b-c96018f5b251', 'task_created_for_investment', 'task', 'e9eb6419-5691-4620-ab5f-970d3a5ac0c8', 'e9eb6419-5691-4620-ab5f-970d3a5ac0c8', '834ea72c-2b03-4747-978a-8bc6991dfff2', 'Hshsh', '{}', '2026-04-30 15:02:22.302215+00'),
	('f7d55fbc-63b7-45fb-bd63-949c83da7f4f', '5c5638be-d29c-4726-9816-c1ae4e4e4f1e', 'task_status_changed', 'task', 'cc13d215-cc9e-46d9-beff-f77251610184', 'cc13d215-cc9e-46d9-beff-f77251610184', NULL, NULL, '{"new_status": "zrobione", "old_status": "do_zrobienia"}', '2026-04-30 15:29:14.099971+00'),
	('91d2b442-4160-4491-bc63-186cb2ab4f80', '9012ec6c-b061-45ff-be1b-c96018f5b251', 'task_created_for_investment', 'task', '56dc2016-017c-4466-9b96-85625f743ec2', '56dc2016-017c-4466-9b96-85625f743ec2', '0b29bed2-f273-4eb7-ba8c-1dcf3597b790', 'Zamówić panele dwa razy', '{}', '2026-04-30 15:52:01.426655+00'),
	('5f655784-cee5-4bc6-b35f-4b848ff00f13', '9012ec6c-b061-45ff-be1b-c96018f5b251', 'task_bumped', 'task', '56dc2016-017c-4466-9b96-85625f743ec2', '56dc2016-017c-4466-9b96-85625f743ec2', NULL, 'Zamówić panele dwa razy', '{}', '2026-04-30 15:52:46.554074+00'),
	('934260dd-9215-4fbc-8280-1c4cfe8ca471', '9012ec6c-b061-45ff-be1b-c96018f5b251', 'task_bumped', 'task', '56dc2016-017c-4466-9b96-85625f743ec2', '56dc2016-017c-4466-9b96-85625f743ec2', NULL, 'Zamówić panele dwa razy', '{}', '2026-04-30 15:56:25.313889+00'),
	('ea06362e-89d3-4f0e-9cfb-2338ced0c2f4', '9012ec6c-b061-45ff-be1b-c96018f5b251', 'task_comment_added', 'task', '2204512d-b436-46e5-8b85-148222d518fc', '2204512d-b436-46e5-8b85-148222d518fc', NULL, 'Ok', '{"comment_id": "6bc5fa00-9df4-4757-8424-d0b35df8afa7"}', '2026-04-30 16:47:39.198314+00'),
	('73aaca01-d745-4138-9eae-a9aba4c505fe', '5c5638be-d29c-4726-9816-c1ae4e4e4f1e', 'task_created', 'task', '6c9a6ba7-3584-4a69-b46d-230063b60ac8', '6c9a6ba7-3584-4a69-b46d-230063b60ac8', NULL, 'Zadanie testowe', '{}', '2026-04-30 16:49:22.576295+00'),
	('da7be4d3-8c38-4f62-bc99-237f2ba3b3e1', '5c5638be-d29c-4726-9816-c1ae4e4e4f1e', 'task_status_changed', 'task', '6c9a6ba7-3584-4a69-b46d-230063b60ac8', '6c9a6ba7-3584-4a69-b46d-230063b60ac8', NULL, NULL, '{"new_status": "w_trakcie", "old_status": "do_zrobienia"}', '2026-04-30 17:09:33.655887+00'),
	('981802cc-28a6-4413-8b30-dbca1239b84c', '5c5638be-d29c-4726-9816-c1ae4e4e4f1e', 'task_archived', 'task', '6c9a6ba7-3584-4a69-b46d-230063b60ac8', '6c9a6ba7-3584-4a69-b46d-230063b60ac8', NULL, 'Zadanie testowe', '{}', '2026-04-30 17:10:01.831668+00'),
	('208ac0d2-1ab1-4cef-bd3c-d7731aa55e83', '5c5638be-d29c-4726-9816-c1ae4e4e4f1e', 'task_status_changed', 'task', '837f204e-0641-4404-a98b-0e14b5c855cc', '837f204e-0641-4404-a98b-0e14b5c855cc', NULL, NULL, '{"new_status": "w_trakcie", "old_status": "do_zrobienia"}', '2026-04-30 17:11:41.512313+00'),
	('f030eb4d-7f21-4c76-a35e-c52b5c1eb21b', '5c5638be-d29c-4726-9816-c1ae4e4e4f1e', 'task_status_changed', 'task', '837f204e-0641-4404-a98b-0e14b5c855cc', '837f204e-0641-4404-a98b-0e14b5c855cc', NULL, NULL, '{"new_status": "zrobione", "old_status": "w_trakcie"}', '2026-04-30 17:11:42.655685+00'),
	('75b8d595-330b-4545-81db-05f8941ad072', '5c5638be-d29c-4726-9816-c1ae4e4e4f1e', 'task_status_changed', 'task', '837f204e-0641-4404-a98b-0e14b5c855cc', '837f204e-0641-4404-a98b-0e14b5c855cc', NULL, NULL, '{"new_status": "do_zrobienia", "old_status": "zrobione"}', '2026-04-30 17:11:44.118578+00'),
	('8af6227c-7641-4a94-9f54-239cd40713ec', '5c5638be-d29c-4726-9816-c1ae4e4e4f1e', 'task_status_changed', 'task', '837f204e-0641-4404-a98b-0e14b5c855cc', '837f204e-0641-4404-a98b-0e14b5c855cc', NULL, NULL, '{"new_status": "w_trakcie", "old_status": "do_zrobienia"}', '2026-04-30 17:11:50.026437+00'),
	('9d93e961-0f6c-4b5d-8a05-28cf2d9e0e6a', '5c5638be-d29c-4726-9816-c1ae4e4e4f1e', 'task_status_changed', 'task', '837f204e-0641-4404-a98b-0e14b5c855cc', '837f204e-0641-4404-a98b-0e14b5c855cc', NULL, NULL, '{"new_status": "zrobione", "old_status": "w_trakcie"}', '2026-04-30 17:11:52.471802+00'),
	('a8281e7d-de99-4d32-875f-2621b0a11fcd', '5c5638be-d29c-4726-9816-c1ae4e4e4f1e', 'task_status_changed', 'task', '837f204e-0641-4404-a98b-0e14b5c855cc', '837f204e-0641-4404-a98b-0e14b5c855cc', NULL, NULL, '{"new_status": "do_zrobienia", "old_status": "zrobione"}', '2026-04-30 17:11:54.704079+00'),
	('28aff2d4-e66d-4cd3-8663-cdeeb5139774', '9012ec6c-b061-45ff-be1b-c96018f5b251', 'task_bumped', 'task', '56dc2016-017c-4466-9b96-85625f743ec2', '56dc2016-017c-4466-9b96-85625f743ec2', NULL, 'Zamówić panele dwa razy', '{}', '2026-04-30 17:59:04.025932+00'),
	('5954b197-0d5f-4511-aca5-e695dc24c630', '9012ec6c-b061-45ff-be1b-c96018f5b251', 'task_bumped', 'task', '56dc2016-017c-4466-9b96-85625f743ec2', '56dc2016-017c-4466-9b96-85625f743ec2', NULL, 'Zamówić panele dwa razy', '{}', '2026-04-30 17:59:13.672565+00'),
	('e33a65aa-0cda-498d-83d9-b0a6448e9756', '9012ec6c-b061-45ff-be1b-c96018f5b251', 'task_comment_added', 'task', '56dc2016-017c-4466-9b96-85625f743ec2', '56dc2016-017c-4466-9b96-85625f743ec2', NULL, 'Hej', '{"comment_id": "21d7a66e-bbad-4e08-a752-474f54f33870"}', '2026-04-30 17:59:21.695408+00'),
	('3742a9e5-fff9-4844-9c2b-f3287c91138b', '9012ec6c-b061-45ff-be1b-c96018f5b251', 'task_bumped', 'task', '56dc2016-017c-4466-9b96-85625f743ec2', '56dc2016-017c-4466-9b96-85625f743ec2', NULL, 'Zamówić panele dwa razy', '{}', '2026-04-30 18:02:32.933982+00'),
	('125f2ad5-106e-4b73-8b94-d265a6a76315', '9012ec6c-b061-45ff-be1b-c96018f5b251', 'task_bumped', 'task', '56dc2016-017c-4466-9b96-85625f743ec2', '56dc2016-017c-4466-9b96-85625f743ec2', NULL, 'Zamówić panele dwa razy', '{}', '2026-04-30 18:02:34.003173+00'),
	('f9276bbe-8701-4e34-a794-3c0a07d1f045', '9012ec6c-b061-45ff-be1b-c96018f5b251', 'task_bumped', 'task', '56dc2016-017c-4466-9b96-85625f743ec2', '56dc2016-017c-4466-9b96-85625f743ec2', NULL, 'Zamówić panele dwa razy', '{}', '2026-04-30 18:02:36.595765+00'),
	('4df72b46-c2cd-47f0-a103-2f6d7a3972ac', '9012ec6c-b061-45ff-be1b-c96018f5b251', 'task_bumped', 'task', '56dc2016-017c-4466-9b96-85625f743ec2', '56dc2016-017c-4466-9b96-85625f743ec2', NULL, 'Zamówić panele dwa razy', '{}', '2026-04-30 18:02:37.368859+00'),
	('17ece846-bc46-43aa-8e95-7a770cfd991e', '9012ec6c-b061-45ff-be1b-c96018f5b251', 'task_status_changed', 'task', '6b99c1a4-7895-4eae-a2af-8310521285a5', '6b99c1a4-7895-4eae-a2af-8310521285a5', NULL, NULL, '{"new_status": "zrobione", "old_status": "do_zrobienia"}', '2026-04-30 18:02:48.992855+00'),
	('5a67b297-e54f-46cc-847c-b5ee77b361e1', '9012ec6c-b061-45ff-be1b-c96018f5b251', 'task_status_changed', 'task', '53273f3a-26a7-478d-8a3e-12d7742901c5', '53273f3a-26a7-478d-8a3e-12d7742901c5', NULL, NULL, '{"new_status": "w_trakcie", "old_status": "do_zrobienia"}', '2026-04-30 18:02:58.512734+00'),
	('99fb8642-836f-452e-affa-30e0b513670d', '9012ec6c-b061-45ff-be1b-c96018f5b251', 'task_status_changed', 'task', '37e90303-900d-4609-8231-5445e8647f61', '37e90303-900d-4609-8231-5445e8647f61', NULL, NULL, '{"new_status": "w_trakcie", "old_status": "do_zrobienia"}', '2026-04-30 18:03:25.301317+00'),
	('a896c170-9214-401e-851d-373404a4103c', '5c5638be-d29c-4726-9816-c1ae4e4e4f1e', 'task_status_changed', 'task', '56dc2016-017c-4466-9b96-85625f743ec2', '56dc2016-017c-4466-9b96-85625f743ec2', NULL, NULL, '{"new_status": "w_trakcie", "old_status": "do_zrobienia"}', '2026-04-30 18:03:55.158011+00'),
	('c4065622-8b23-428d-9d44-9bf37198be34', '5c5638be-d29c-4726-9816-c1ae4e4e4f1e', 'task_comment_added', 'task', '56dc2016-017c-4466-9b96-85625f743ec2', '56dc2016-017c-4466-9b96-85625f743ec2', NULL, 'Zamówione będą jutro', '{"comment_id": "ac289cee-75c6-4a47-b722-537aa981f7c6"}', '2026-04-30 18:03:54.433176+00'),
	('75c6293e-ff2b-439a-96e9-ffdb2bc6ef2c', '9012ec6c-b061-45ff-be1b-c96018f5b251', 'task_bumped', 'task', '56dc2016-017c-4466-9b96-85625f743ec2', '56dc2016-017c-4466-9b96-85625f743ec2', NULL, 'Zamówić panele dwa razy', '{}', '2026-04-30 18:04:21.541271+00'),
	('0a4c10a2-fa70-4f62-9f06-9a4c5856382a', '9012ec6c-b061-45ff-be1b-c96018f5b251', 'task_bumped', 'task', 'e9eb6419-5691-4620-ab5f-970d3a5ac0c8', 'e9eb6419-5691-4620-ab5f-970d3a5ac0c8', NULL, 'Hshsh', '{}', '2026-04-30 18:04:27.057586+00'),
	('3a34b18b-c480-4d86-9ca1-d6265f23c085', '9012ec6c-b061-45ff-be1b-c96018f5b251', 'task_archived', 'task', 'e9eb6419-5691-4620-ab5f-970d3a5ac0c8', 'e9eb6419-5691-4620-ab5f-970d3a5ac0c8', NULL, 'Hshsh', '{}', '2026-04-30 18:05:09.902322+00'),
	('35fcde6b-f6b2-4d96-8cf1-22938bbc2270', '5c5638be-d29c-4726-9816-c1ae4e4e4f1e', 'task_comment_added', 'task', 'e9eb6419-5691-4620-ab5f-970d3a5ac0c8', 'e9eb6419-5691-4620-ab5f-970d3a5ac0c8', NULL, 'Ok', '{"comment_id": "e064559c-9172-4c8b-b63b-820b742fcba1"}', '2026-04-30 18:04:50.184565+00'),
	('b3315bd6-1b23-4e70-b8c2-2099110c5e7b', '5c5638be-d29c-4726-9816-c1ae4e4e4f1e', 'task_archived', 'task', '37e90303-900d-4609-8231-5445e8647f61', '37e90303-900d-4609-8231-5445e8647f61', NULL, 'Xyz', '{}', '2026-04-30 18:22:08.101978+00'),
	('74be7b21-b73d-4aba-8489-b8d51743a5af', '5c5638be-d29c-4726-9816-c1ae4e4e4f1e', 'task_archived', 'task', '53273f3a-26a7-478d-8a3e-12d7742901c5', '53273f3a-26a7-478d-8a3e-12d7742901c5', NULL, 'Zamówić panele drugi raz', '{}', '2026-04-30 18:22:20.950424+00'),
	('c9053f9d-264d-473e-8e77-f4daf0f0f33b', '5c5638be-d29c-4726-9816-c1ae4e4e4f1e', 'task_archived', 'task', '2204512d-b436-46e5-8b85-148222d518fc', '2204512d-b436-46e5-8b85-148222d518fc', NULL, 'Zadanie', '{}', '2026-04-30 18:22:29.198476+00'),
	('791a6c81-26eb-4e37-8109-88a9da359d34', '5c5638be-d29c-4726-9816-c1ae4e4e4f1e', 'task_archived', 'task', 'f2171668-b7f4-4881-a939-d2c582254567', 'f2171668-b7f4-4881-a939-d2c582254567', NULL, 'Test', '{}', '2026-04-30 18:22:47.136357+00'),
	('1e097eb0-a135-4da9-9475-a4e83dbc5267', '5c5638be-d29c-4726-9816-c1ae4e4e4f1e', 'task_created_for_investment', 'task', 'a794329c-8c42-4dfd-847d-ba867ce38908', 'a794329c-8c42-4dfd-847d-ba867ce38908', '0b29bed2-f273-4eb7-ba8c-1dcf3597b790', 'Kup kebaba', '{}', '2026-04-30 18:23:24.399405+00'),
	('0258be9a-a106-4bf4-903d-db95121dc065', '5c5638be-d29c-4726-9816-c1ae4e4e4f1e', 'task_bumped', 'task', 'a794329c-8c42-4dfd-847d-ba867ce38908', 'a794329c-8c42-4dfd-847d-ba867ce38908', NULL, 'Kup kebaba', '{}', '2026-04-30 18:24:02.427751+00'),
	('71723236-a254-4c1c-a818-58419b920edd', '5c5638be-d29c-4726-9816-c1ae4e4e4f1e', 'task_bumped', 'task', 'a794329c-8c42-4dfd-847d-ba867ce38908', 'a794329c-8c42-4dfd-847d-ba867ce38908', NULL, 'Kup kebaba', '{}', '2026-04-30 18:24:03.016541+00'),
	('af7f95ca-19c2-4543-9e75-5401c1f757af', '5c5638be-d29c-4726-9816-c1ae4e4e4f1e', 'task_bumped', 'task', 'a794329c-8c42-4dfd-847d-ba867ce38908', 'a794329c-8c42-4dfd-847d-ba867ce38908', NULL, 'Kup kebaba', '{}', '2026-04-30 18:24:03.624771+00'),
	('269cac78-29cb-40c8-8450-4d34200071d4', '5c5638be-d29c-4726-9816-c1ae4e4e4f1e', 'task_bumped', 'task', 'a794329c-8c42-4dfd-847d-ba867ce38908', 'a794329c-8c42-4dfd-847d-ba867ce38908', NULL, 'Kup kebaba', '{}', '2026-04-30 18:24:04.268438+00'),
	('94433902-7ade-495e-8590-3d297edbc8ea', '5c5638be-d29c-4726-9816-c1ae4e4e4f1e', 'task_bumped', 'task', 'a794329c-8c42-4dfd-847d-ba867ce38908', 'a794329c-8c42-4dfd-847d-ba867ce38908', NULL, 'Kup kebaba', '{}', '2026-04-30 18:24:04.915319+00'),
	('08d114a6-ac5a-4228-9533-bd6351b75292', '5c5638be-d29c-4726-9816-c1ae4e4e4f1e', 'task_bumped', 'task', 'a794329c-8c42-4dfd-847d-ba867ce38908', 'a794329c-8c42-4dfd-847d-ba867ce38908', NULL, 'Kup kebaba', '{}', '2026-04-30 18:24:05.515368+00'),
	('ece2b983-5f31-47df-9107-724ceeab2c61', '5c5638be-d29c-4726-9816-c1ae4e4e4f1e', 'task_bumped', 'task', 'a794329c-8c42-4dfd-847d-ba867ce38908', 'a794329c-8c42-4dfd-847d-ba867ce38908', NULL, 'Kup kebaba', '{}', '2026-04-30 18:24:06.118413+00'),
	('cb788f44-b527-4a5e-adf5-c5352711816d', '5c5638be-d29c-4726-9816-c1ae4e4e4f1e', 'task_bumped', 'task', 'a794329c-8c42-4dfd-847d-ba867ce38908', 'a794329c-8c42-4dfd-847d-ba867ce38908', NULL, 'Kup kebaba', '{}', '2026-04-30 18:24:13.534033+00'),
	('74b7c4fe-6177-421b-a252-ea8397e6f6fa', '5c5638be-d29c-4726-9816-c1ae4e4e4f1e', 'task_bumped', 'task', 'a794329c-8c42-4dfd-847d-ba867ce38908', 'a794329c-8c42-4dfd-847d-ba867ce38908', NULL, 'Kup kebaba', '{}', '2026-04-30 18:24:15.407251+00'),
	('d68a6f29-ad75-46e2-af64-a6c582ff86d3', '5c5638be-d29c-4726-9816-c1ae4e4e4f1e', 'task_bumped', 'task', 'a794329c-8c42-4dfd-847d-ba867ce38908', 'a794329c-8c42-4dfd-847d-ba867ce38908', NULL, 'Kup kebaba', '{}', '2026-04-30 18:24:16.487448+00'),
	('e10a537f-500d-46c2-9a69-177fb6dc641f', '5c5638be-d29c-4726-9816-c1ae4e4e4f1e', 'task_bumped', 'task', 'a794329c-8c42-4dfd-847d-ba867ce38908', 'a794329c-8c42-4dfd-847d-ba867ce38908', NULL, 'Kup kebaba', '{}', '2026-04-30 18:24:18.36578+00'),
	('46339835-edcf-4a0a-a248-1e66a8564d5a', '5c5638be-d29c-4726-9816-c1ae4e4e4f1e', 'task_comment_added', 'task', 'a794329c-8c42-4dfd-847d-ba867ce38908', 'a794329c-8c42-4dfd-847d-ba867ce38908', NULL, 'Ale już', '{"comment_id": "aa2f98fd-ce01-425f-829b-558328700e8b"}', '2026-04-30 18:24:20.854536+00'),
	('84be16a6-b910-4d13-8aea-24620545d6d8', '5c5638be-d29c-4726-9816-c1ae4e4e4f1e', 'task_bumped', 'task', 'a794329c-8c42-4dfd-847d-ba867ce38908', 'a794329c-8c42-4dfd-847d-ba867ce38908', NULL, 'Kup kebaba', '{}', '2026-04-30 18:24:24.425894+00'),
	('4b67e89a-7323-4862-a798-5b881ac1602a', '5c5638be-d29c-4726-9816-c1ae4e4e4f1e', 'task_bumped', 'task', 'a794329c-8c42-4dfd-847d-ba867ce38908', 'a794329c-8c42-4dfd-847d-ba867ce38908', NULL, 'Kup kebaba', '{}', '2026-04-30 18:24:25.239003+00'),
	('1822d9ff-d261-4830-8812-bb831fd7616f', '5c5638be-d29c-4726-9816-c1ae4e4e4f1e', 'task_bumped', 'task', 'a794329c-8c42-4dfd-847d-ba867ce38908', 'a794329c-8c42-4dfd-847d-ba867ce38908', NULL, 'Kup kebaba', '{}', '2026-04-30 18:24:27.398579+00'),
	('14d17195-7f4c-494d-9aa8-b1b251cd7bed', '5c5638be-d29c-4726-9816-c1ae4e4e4f1e', 'task_bumped', 'task', 'a794329c-8c42-4dfd-847d-ba867ce38908', 'a794329c-8c42-4dfd-847d-ba867ce38908', NULL, 'Kup kebaba', '{}', '2026-04-30 18:24:31.747733+00'),
	('dec9fa2b-b1d9-4cc5-b899-5f9810229225', '9012ec6c-b061-45ff-be1b-c96018f5b251', 'task_status_changed', 'task', 'a794329c-8c42-4dfd-847d-ba867ce38908', 'a794329c-8c42-4dfd-847d-ba867ce38908', NULL, NULL, '{"new_status": "w_trakcie", "old_status": "do_zrobienia"}', '2026-04-30 18:24:49.737981+00'),
	('e9008837-489a-4412-b431-b00b6d09d357', '9012ec6c-b061-45ff-be1b-c96018f5b251', 'task_comment_added', 'task', 'a794329c-8c42-4dfd-847d-ba867ce38908', 'a794329c-8c42-4dfd-847d-ba867ce38908', NULL, 'Haha', '{"comment_id": "0b0fd83f-27f6-4f54-9807-99d2a012f6fa"}', '2026-04-30 18:24:56.786722+00'),
	('3579c70a-3d4d-4727-b0e3-b2968c9402dc', '5c5638be-d29c-4726-9816-c1ae4e4e4f1e', 'task_bumped', 'task', 'a794329c-8c42-4dfd-847d-ba867ce38908', 'a794329c-8c42-4dfd-847d-ba867ce38908', NULL, 'Kup kebaba', '{}', '2026-04-30 18:25:09.593965+00'),
	('18ba9ddb-09b5-4d13-b6a5-ce8a96bda879', '9012ec6c-b061-45ff-be1b-c96018f5b251', 'task_status_changed', 'task', 'a794329c-8c42-4dfd-847d-ba867ce38908', 'a794329c-8c42-4dfd-847d-ba867ce38908', NULL, NULL, '{"new_status": "zrobione", "old_status": "w_trakcie"}', '2026-04-30 18:25:09.717358+00'),
	('340ebf16-39d7-4cb9-ba6f-9943a1117903', '5c5638be-d29c-4726-9816-c1ae4e4e4f1e', 'task_status_changed', 'task', 'a794329c-8c42-4dfd-847d-ba867ce38908', 'a794329c-8c42-4dfd-847d-ba867ce38908', NULL, NULL, '{"new_status": "w_trakcie", "old_status": "zrobione"}', '2026-04-30 18:25:14.154369+00'),
	('e7031995-5b57-41cc-8b0d-b3c4b71c287b', '5c5638be-d29c-4726-9816-c1ae4e4e4f1e', 'task_bumped', 'task', 'a794329c-8c42-4dfd-847d-ba867ce38908', 'a794329c-8c42-4dfd-847d-ba867ce38908', NULL, 'Kup kebaba', '{}', '2026-04-30 18:25:16.257347+00'),
	('2167fdc9-5403-4089-bcf2-0f75642de00b', '5c5638be-d29c-4726-9816-c1ae4e4e4f1e', 'task_bumped', 'task', 'a794329c-8c42-4dfd-847d-ba867ce38908', 'a794329c-8c42-4dfd-847d-ba867ce38908', NULL, 'Kup kebaba', '{}', '2026-04-30 18:25:18.031397+00'),
	('9da641ea-486d-4da9-8fe7-0a247e7616fb', '5c5638be-d29c-4726-9816-c1ae4e4e4f1e', 'task_bumped', 'task', 'a794329c-8c42-4dfd-847d-ba867ce38908', 'a794329c-8c42-4dfd-847d-ba867ce38908', NULL, 'Kup kebaba', '{}', '2026-04-30 18:25:19.081978+00'),
	('7598d850-bd15-4526-8fde-5b7ca403da1f', '5c5638be-d29c-4726-9816-c1ae4e4e4f1e', 'task_bumped', 'task', 'a794329c-8c42-4dfd-847d-ba867ce38908', 'a794329c-8c42-4dfd-847d-ba867ce38908', NULL, 'Kup kebaba', '{}', '2026-04-30 18:25:19.76536+00'),
	('91524b1a-e965-4d3d-a5a6-ddac14d4e9a0', '5c5638be-d29c-4726-9816-c1ae4e4e4f1e', 'task_bumped', 'task', 'a794329c-8c42-4dfd-847d-ba867ce38908', 'a794329c-8c42-4dfd-847d-ba867ce38908', NULL, 'Kup kebaba', '{}', '2026-04-30 18:25:20.476786+00'),
	('a4237a76-2a98-4a6c-8a60-ba4af0686e9c', '5c5638be-d29c-4726-9816-c1ae4e4e4f1e', 'task_bumped', 'task', 'a794329c-8c42-4dfd-847d-ba867ce38908', 'a794329c-8c42-4dfd-847d-ba867ce38908', NULL, 'Kup kebaba', '{}', '2026-04-30 18:25:21.251936+00'),
	('29c2fdc2-7cb4-47dd-bda3-478f892ecb4a', '5c5638be-d29c-4726-9816-c1ae4e4e4f1e', 'task_bumped', 'task', 'a794329c-8c42-4dfd-847d-ba867ce38908', 'a794329c-8c42-4dfd-847d-ba867ce38908', NULL, 'Kup kebaba', '{}', '2026-04-30 18:25:21.801239+00'),
	('b4288024-a43c-4724-8d54-d7c5c059bdef', '5c5638be-d29c-4726-9816-c1ae4e4e4f1e', 'task_bumped', 'task', 'a794329c-8c42-4dfd-847d-ba867ce38908', 'a794329c-8c42-4dfd-847d-ba867ce38908', NULL, 'Kup kebaba', '{}', '2026-04-30 18:25:22.345466+00'),
	('ca091712-abb5-4d95-af34-cf290507cb5a', '5c5638be-d29c-4726-9816-c1ae4e4e4f1e', 'task_bumped', 'task', 'a794329c-8c42-4dfd-847d-ba867ce38908', 'a794329c-8c42-4dfd-847d-ba867ce38908', NULL, 'Kup kebaba', '{}', '2026-04-30 18:25:22.868856+00'),
	('c4eba2e5-0e21-44ea-b600-9e02b4a8c8cc', '5c5638be-d29c-4726-9816-c1ae4e4e4f1e', 'task_bumped', 'task', 'a794329c-8c42-4dfd-847d-ba867ce38908', 'a794329c-8c42-4dfd-847d-ba867ce38908', NULL, 'Kup kebaba', '{}', '2026-04-30 18:25:24.612732+00'),
	('10172b64-b449-4448-a4a9-b207d8714bf6', '9012ec6c-b061-45ff-be1b-c96018f5b251', 'task_status_changed', 'task', 'a794329c-8c42-4dfd-847d-ba867ce38908', 'a794329c-8c42-4dfd-847d-ba867ce38908', NULL, NULL, '{"new_status": "zrobione", "old_status": "w_trakcie"}', '2026-04-30 18:25:34.040279+00'),
	('3ffa0630-bfc8-4b9e-8402-0493fe70edeb', '9012ec6c-b061-45ff-be1b-c96018f5b251', 'task_status_changed', 'task', '56dc2016-017c-4466-9b96-85625f743ec2', '56dc2016-017c-4466-9b96-85625f743ec2', NULL, NULL, '{"new_status": "zrobione", "old_status": "w_trakcie"}', '2026-04-30 18:26:21.880899+00'),
	('6eecd817-1385-4565-8830-8fba718ebabb', '9012ec6c-b061-45ff-be1b-c96018f5b251', 'task_created', 'task', '55bfc3e5-fb53-43c9-987a-130f23d3b7dd', '55bfc3e5-fb53-43c9-987a-130f23d3b7dd', NULL, 'Kompletna oferta domu', '{}', '2026-04-30 18:27:13.955035+00'),
	('0f7d1aa6-25f7-441b-8007-558bf629a86c', '9012ec6c-b061-45ff-be1b-c96018f5b251', 'task_created', 'task', 'b7139987-97b7-4672-baf5-0a8851d46d17', 'b7139987-97b7-4672-baf5-0a8851d46d17', NULL, 'Kup 200ml', '{}', '2026-04-30 18:28:00.320619+00'),
	('1557b252-41cd-49e0-8ce0-191e1e8e850f', '9012ec6c-b061-45ff-be1b-c96018f5b251', 'task_bumped', 'task', 'b7139987-97b7-4672-baf5-0a8851d46d17', 'b7139987-97b7-4672-baf5-0a8851d46d17', NULL, 'Kup 200ml', '{}', '2026-04-30 18:28:14.418956+00'),
	('2031a890-9598-4722-9f4b-0283b97c82c1', '9012ec6c-b061-45ff-be1b-c96018f5b251', 'task_bumped', 'task', 'b7139987-97b7-4672-baf5-0a8851d46d17', 'b7139987-97b7-4672-baf5-0a8851d46d17', NULL, 'Kup 200ml', '{}', '2026-04-30 18:28:17.219675+00'),
	('5e1ffca4-ffcf-49a7-8c12-7de1a0f3eb66', '9012ec6c-b061-45ff-be1b-c96018f5b251', 'task_comment_added', 'task', 'b7139987-97b7-4672-baf5-0a8851d46d17', 'b7139987-97b7-4672-baf5-0a8851d46d17', NULL, 'Jestem zawiedziony', '{"comment_id": "9368f82e-3c52-4b01-b209-eb331f9097e7"}', '2026-04-30 18:28:24.851855+00'),
	('c28439ad-0764-48a9-9039-39d76525478c', '79e6eb94-99a8-40df-9bcf-ca6b6a3697f1', 'task_created', 'task', '57a7cd22-f1a4-45ef-b55e-7d0a0bac91ef', '57a7cd22-f1a4-45ef-b55e-7d0a0bac91ef', NULL, 'Pdfgen dokończyć', '{}', '2026-04-30 18:56:58.518769+00'),
	('a1bb94de-c0c4-4f3f-a219-be7e6a0bb67c', '79e6eb94-99a8-40df-9bcf-ca6b6a3697f1', 'task_bumped', 'task', '57a7cd22-f1a4-45ef-b55e-7d0a0bac91ef', '57a7cd22-f1a4-45ef-b55e-7d0a0bac91ef', NULL, 'Pdfgen dokończyć', '{}', '2026-04-30 18:57:04.587998+00'),
	('b0644713-ff58-4fb7-b875-2b58b05ed8a7', '79e6eb94-99a8-40df-9bcf-ca6b6a3697f1', 'task_bumped', 'task', '57a7cd22-f1a4-45ef-b55e-7d0a0bac91ef', '57a7cd22-f1a4-45ef-b55e-7d0a0bac91ef', NULL, 'Pdfgen dokończyć', '{}', '2026-04-30 18:57:05.516911+00'),
	('032377af-5a45-4582-8219-5e08b6741aee', '79e6eb94-99a8-40df-9bcf-ca6b6a3697f1', 'task_bumped', 'task', '57a7cd22-f1a4-45ef-b55e-7d0a0bac91ef', '57a7cd22-f1a4-45ef-b55e-7d0a0bac91ef', NULL, 'Pdfgen dokończyć', '{}', '2026-04-30 18:57:06.368679+00'),
	('27ea82df-931c-4cc8-899d-edf0728d430f', '79e6eb94-99a8-40df-9bcf-ca6b6a3697f1', 'task_bumped', 'task', '57a7cd22-f1a4-45ef-b55e-7d0a0bac91ef', '57a7cd22-f1a4-45ef-b55e-7d0a0bac91ef', NULL, 'Pdfgen dokończyć', '{}', '2026-04-30 18:57:07.14886+00'),
	('88c90148-4b23-4a42-bc93-1020c156fa82', '79e6eb94-99a8-40df-9bcf-ca6b6a3697f1', 'task_bumped', 'task', '57a7cd22-f1a4-45ef-b55e-7d0a0bac91ef', '57a7cd22-f1a4-45ef-b55e-7d0a0bac91ef', NULL, 'Pdfgen dokończyć', '{}', '2026-04-30 18:57:08.168535+00'),
	('65f16bdb-83df-43a5-9aad-38ce20259b4f', '79e6eb94-99a8-40df-9bcf-ca6b6a3697f1', 'task_bumped', 'task', '57a7cd22-f1a4-45ef-b55e-7d0a0bac91ef', '57a7cd22-f1a4-45ef-b55e-7d0a0bac91ef', NULL, 'Pdfgen dokończyć', '{}', '2026-04-30 18:57:08.971855+00'),
	('a44e110a-91e5-4fad-9300-bcf5d9726590', '79e6eb94-99a8-40df-9bcf-ca6b6a3697f1', 'task_bumped', 'task', '57a7cd22-f1a4-45ef-b55e-7d0a0bac91ef', '57a7cd22-f1a4-45ef-b55e-7d0a0bac91ef', NULL, 'Pdfgen dokończyć', '{}', '2026-04-30 18:57:09.847994+00'),
	('9a3d8f0a-2d6c-4ea3-963f-654a1d4ac36c', '79e6eb94-99a8-40df-9bcf-ca6b6a3697f1', 'task_status_changed', 'task', '57a7cd22-f1a4-45ef-b55e-7d0a0bac91ef', '57a7cd22-f1a4-45ef-b55e-7d0a0bac91ef', NULL, NULL, '{"new_status": "w_trakcie", "old_status": "do_zrobienia"}', '2026-04-30 18:57:21.063897+00'),
	('0bd19455-d291-4073-b53e-73da9ef912bc', '79e6eb94-99a8-40df-9bcf-ca6b6a3697f1', 'task_bumped', 'task', '57a7cd22-f1a4-45ef-b55e-7d0a0bac91ef', '57a7cd22-f1a4-45ef-b55e-7d0a0bac91ef', NULL, 'Pdfgen dokończyć', '{}', '2026-04-30 18:57:10.667396+00'),
	('8cbbe3e6-7dbc-4fdb-9d56-389aecede5bd', '79e6eb94-99a8-40df-9bcf-ca6b6a3697f1', 'task_bumped', 'task', '57a7cd22-f1a4-45ef-b55e-7d0a0bac91ef', '57a7cd22-f1a4-45ef-b55e-7d0a0bac91ef', NULL, 'Pdfgen dokończyć', '{}', '2026-04-30 18:57:19.063851+00'),
	('c14769bb-1c3c-47f3-bc76-58ea1ef7920f', '79e6eb94-99a8-40df-9bcf-ca6b6a3697f1', 'task_status_changed', 'task', '57a7cd22-f1a4-45ef-b55e-7d0a0bac91ef', '57a7cd22-f1a4-45ef-b55e-7d0a0bac91ef', NULL, NULL, '{"new_status": "do_zrobienia", "old_status": "w_trakcie"}', '2026-04-30 18:57:23.245762+00'),
	('95b86784-5d20-4143-af66-b6003c539805', '79e6eb94-99a8-40df-9bcf-ca6b6a3697f1', 'task_bumped', 'task', '57a7cd22-f1a4-45ef-b55e-7d0a0bac91ef', '57a7cd22-f1a4-45ef-b55e-7d0a0bac91ef', NULL, 'Pdfgen dokończyć', '{}', '2026-04-30 18:57:24.797427+00'),
	('63799161-c5aa-4955-83c2-5f37f6bef2a3', '79e6eb94-99a8-40df-9bcf-ca6b6a3697f1', 'task_bumped', 'task', '57a7cd22-f1a4-45ef-b55e-7d0a0bac91ef', '57a7cd22-f1a4-45ef-b55e-7d0a0bac91ef', NULL, 'Pdfgen dokończyć', '{}', '2026-04-30 18:57:26.676532+00'),
	('d7828612-2261-401d-8068-ad1f07b83b46', '5c5638be-d29c-4726-9816-c1ae4e4e4f1e', 'task_created', 'task', '50b5ede5-7fc2-4d88-9a5f-e18e3efb5b81', '50b5ede5-7fc2-4d88-9a5f-e18e3efb5b81', NULL, 'Zrób zakupy', '{}', '2026-04-30 18:57:37.664089+00'),
	('c3135c96-033a-4120-b893-4dcda08ad85e', '5c5638be-d29c-4726-9816-c1ae4e4e4f1e', 'task_bumped', 'task', '50b5ede5-7fc2-4d88-9a5f-e18e3efb5b81', '50b5ede5-7fc2-4d88-9a5f-e18e3efb5b81', NULL, 'Zrób zakupy', '{}', '2026-04-30 18:57:45.264541+00'),
	('e060e149-71c8-497a-af10-61cb5e9e6f0a', '5c5638be-d29c-4726-9816-c1ae4e4e4f1e', 'task_bumped', 'task', '50b5ede5-7fc2-4d88-9a5f-e18e3efb5b81', '50b5ede5-7fc2-4d88-9a5f-e18e3efb5b81', NULL, 'Zrób zakupy', '{}', '2026-04-30 18:57:46.110229+00'),
	('d765e27e-32e9-4eed-a0ed-7a3d3e58f5a6', '5c5638be-d29c-4726-9816-c1ae4e4e4f1e', 'task_bumped', 'task', '50b5ede5-7fc2-4d88-9a5f-e18e3efb5b81', '50b5ede5-7fc2-4d88-9a5f-e18e3efb5b81', NULL, 'Zrób zakupy', '{}', '2026-04-30 18:57:46.897668+00'),
	('55246df1-284c-423d-a9d9-fb954970c400', '5c5638be-d29c-4726-9816-c1ae4e4e4f1e', 'task_bumped', 'task', '50b5ede5-7fc2-4d88-9a5f-e18e3efb5b81', '50b5ede5-7fc2-4d88-9a5f-e18e3efb5b81', NULL, 'Zrób zakupy', '{}', '2026-04-30 18:57:53.785136+00'),
	('e3e58461-a558-472c-91df-3aa609b13943', '5c5638be-d29c-4726-9816-c1ae4e4e4f1e', 'task_bumped', 'task', '50b5ede5-7fc2-4d88-9a5f-e18e3efb5b81', '50b5ede5-7fc2-4d88-9a5f-e18e3efb5b81', NULL, 'Zrób zakupy', '{}', '2026-04-30 18:57:54.562144+00'),
	('b8b381ed-f57b-4088-9ea8-1e14d518daef', '5c5638be-d29c-4726-9816-c1ae4e4e4f1e', 'task_bumped', 'task', '50b5ede5-7fc2-4d88-9a5f-e18e3efb5b81', '50b5ede5-7fc2-4d88-9a5f-e18e3efb5b81', NULL, 'Zrób zakupy', '{}', '2026-04-30 18:58:07.348405+00'),
	('8b994f91-ad0b-43ef-ae23-6a5d362fde82', '79e6eb94-99a8-40df-9bcf-ca6b6a3697f1', 'task_comment_added', 'task', '50b5ede5-7fc2-4d88-9a5f-e18e3efb5b81', '50b5ede5-7fc2-4d88-9a5f-e18e3efb5b81', NULL, 'Zaraz zrobię. Muszę aktywować kupony w aplikacji Lidl', '{"comment_id": "7dcd44f9-f9e3-487e-b9b5-c85f93a922b2"}', '2026-04-30 18:58:09.954315+00'),
	('c1b62206-eedc-4361-8f25-ee7b90768c8f', '5c5638be-d29c-4726-9816-c1ae4e4e4f1e', 'task_bumped', 'task', '50b5ede5-7fc2-4d88-9a5f-e18e3efb5b81', '50b5ede5-7fc2-4d88-9a5f-e18e3efb5b81', NULL, 'Zrób zakupy', '{}', '2026-04-30 18:58:15.275681+00'),
	('f4589a97-2d8e-45f1-b2fb-acdc145e017e', '5c5638be-d29c-4726-9816-c1ae4e4e4f1e', 'task_bumped', 'task', '50b5ede5-7fc2-4d88-9a5f-e18e3efb5b81', '50b5ede5-7fc2-4d88-9a5f-e18e3efb5b81', NULL, 'Zrób zakupy', '{}', '2026-04-30 18:58:16.911809+00'),
	('a935d52e-e053-476b-b364-f3e8023bac9e', '5c5638be-d29c-4726-9816-c1ae4e4e4f1e', 'task_bumped', 'task', '50b5ede5-7fc2-4d88-9a5f-e18e3efb5b81', '50b5ede5-7fc2-4d88-9a5f-e18e3efb5b81', NULL, 'Zrób zakupy', '{}', '2026-04-30 18:58:17.713974+00'),
	('77ef90a6-b8b8-4978-8a11-d8c4c845f156', '5c5638be-d29c-4726-9816-c1ae4e4e4f1e', 'task_bumped', 'task', '50b5ede5-7fc2-4d88-9a5f-e18e3efb5b81', '50b5ede5-7fc2-4d88-9a5f-e18e3efb5b81', NULL, 'Zrób zakupy', '{}', '2026-04-30 18:58:18.271218+00'),
	('37457858-e1e4-4ff5-ab67-84d86baf8827', '5c5638be-d29c-4726-9816-c1ae4e4e4f1e', 'task_bumped', 'task', '50b5ede5-7fc2-4d88-9a5f-e18e3efb5b81', '50b5ede5-7fc2-4d88-9a5f-e18e3efb5b81', NULL, 'Zrób zakupy', '{}', '2026-04-30 18:58:18.797726+00'),
	('46ab64de-d400-46bc-85c3-0a45c0dab810', '5c5638be-d29c-4726-9816-c1ae4e4e4f1e', 'task_bumped', 'task', '50b5ede5-7fc2-4d88-9a5f-e18e3efb5b81', '50b5ede5-7fc2-4d88-9a5f-e18e3efb5b81', NULL, 'Zrób zakupy', '{}', '2026-04-30 18:58:19.506403+00'),
	('f8369268-2bde-4f94-9e8f-ea562149a5f9', '5c5638be-d29c-4726-9816-c1ae4e4e4f1e', 'task_bumped', 'task', '50b5ede5-7fc2-4d88-9a5f-e18e3efb5b81', '50b5ede5-7fc2-4d88-9a5f-e18e3efb5b81', NULL, 'Zrób zakupy', '{}', '2026-04-30 18:58:20.117926+00'),
	('7d4b3f4c-8050-41dd-962a-0c4c425fb7f1', '5c5638be-d29c-4726-9816-c1ae4e4e4f1e', 'task_bumped', 'task', '50b5ede5-7fc2-4d88-9a5f-e18e3efb5b81', '50b5ede5-7fc2-4d88-9a5f-e18e3efb5b81', NULL, 'Zrób zakupy', '{}', '2026-04-30 18:58:20.742166+00'),
	('10161a47-5133-48e5-a660-e0a7d2e02f82', '5c5638be-d29c-4726-9816-c1ae4e4e4f1e', 'task_bumped', 'task', '50b5ede5-7fc2-4d88-9a5f-e18e3efb5b81', '50b5ede5-7fc2-4d88-9a5f-e18e3efb5b81', NULL, 'Zrób zakupy', '{}', '2026-04-30 18:58:21.544538+00'),
	('217c13b7-db85-415d-9615-d1ca2abc7eb8', '5c5638be-d29c-4726-9816-c1ae4e4e4f1e', 'task_bumped', 'task', '50b5ede5-7fc2-4d88-9a5f-e18e3efb5b81', '50b5ede5-7fc2-4d88-9a5f-e18e3efb5b81', NULL, 'Zrób zakupy', '{}', '2026-04-30 18:58:35.089569+00'),
	('2324d411-9db6-4151-95ae-a6a248e94f89', '5c5638be-d29c-4726-9816-c1ae4e4e4f1e', 'task_bumped', 'task', '50b5ede5-7fc2-4d88-9a5f-e18e3efb5b81', '50b5ede5-7fc2-4d88-9a5f-e18e3efb5b81', NULL, 'Zrób zakupy', '{}', '2026-04-30 18:58:37.301712+00'),
	('db8d3ec4-0b1f-4e3a-b53f-648aae335fff', '5c5638be-d29c-4726-9816-c1ae4e4e4f1e', 'task_bumped', 'task', '50b5ede5-7fc2-4d88-9a5f-e18e3efb5b81', '50b5ede5-7fc2-4d88-9a5f-e18e3efb5b81', NULL, 'Zrób zakupy', '{}', '2026-04-30 18:58:38.467589+00'),
	('3673671d-9720-4407-9dc4-818e0176d5b0', '5c5638be-d29c-4726-9816-c1ae4e4e4f1e', 'task_bumped', 'task', '50b5ede5-7fc2-4d88-9a5f-e18e3efb5b81', '50b5ede5-7fc2-4d88-9a5f-e18e3efb5b81', NULL, 'Zrób zakupy', '{}', '2026-04-30 18:58:39.212192+00'),
	('c44bf54a-18b0-46c7-9e9a-48242cebca7b', '5c5638be-d29c-4726-9816-c1ae4e4e4f1e', 'task_status_changed', 'task', '50b5ede5-7fc2-4d88-9a5f-e18e3efb5b81', '50b5ede5-7fc2-4d88-9a5f-e18e3efb5b81', NULL, NULL, '{"new_status": "w_trakcie", "old_status": "do_zrobienia"}', '2026-04-30 18:59:28.775949+00'),
	('1c2e09fe-7d11-4e16-90f7-efe2807cf3da', '5c5638be-d29c-4726-9816-c1ae4e4e4f1e', 'task_bumped', 'task', '50b5ede5-7fc2-4d88-9a5f-e18e3efb5b81', '50b5ede5-7fc2-4d88-9a5f-e18e3efb5b81', NULL, 'Zrób zakupy', '{}', '2026-04-30 18:59:29.637707+00'),
	('775ef6d3-741e-4b28-b3d2-212250f0bbd1', '79e6eb94-99a8-40df-9bcf-ca6b6a3697f1', 'task_bumped', 'task', '57a7cd22-f1a4-45ef-b55e-7d0a0bac91ef', '57a7cd22-f1a4-45ef-b55e-7d0a0bac91ef', NULL, 'Pdfgen dokończyć', '{}', '2026-04-30 18:59:30.218896+00'),
	('ef60fc9d-d2d0-4f57-9462-ab955af9ed7a', '5c5638be-d29c-4726-9816-c1ae4e4e4f1e', 'task_bumped', 'task', '50b5ede5-7fc2-4d88-9a5f-e18e3efb5b81', '50b5ede5-7fc2-4d88-9a5f-e18e3efb5b81', NULL, 'Zrób zakupy', '{}', '2026-04-30 19:00:49.463741+00'),
	('94b34a87-cc80-4204-9c42-398e820c7a79', '5c5638be-d29c-4726-9816-c1ae4e4e4f1e', 'task_bumped', 'task', '50b5ede5-7fc2-4d88-9a5f-e18e3efb5b81', '50b5ede5-7fc2-4d88-9a5f-e18e3efb5b81', NULL, 'Zrób zakupy', '{}', '2026-04-30 19:00:53.760938+00'),
	('ca1b62cd-1ebc-47be-a712-b0f88dfe89ae', '5c5638be-d29c-4726-9816-c1ae4e4e4f1e', 'task_comment_added', 'task', '50b5ede5-7fc2-4d88-9a5f-e18e3efb5b81', '50b5ede5-7fc2-4d88-9a5f-e18e3efb5b81', NULL, 'Hhh', '{"comment_id": "d21b93d3-bc47-4d97-b735-502eda1bac8f"}', '2026-04-30 19:00:57.28348+00'),
	('736ab4af-26d5-4075-acf1-d63acd2642aa', '5c5638be-d29c-4726-9816-c1ae4e4e4f1e', 'task_bumped', 'task', '50b5ede5-7fc2-4d88-9a5f-e18e3efb5b81', '50b5ede5-7fc2-4d88-9a5f-e18e3efb5b81', NULL, 'Zrób zakupy', '{}', '2026-04-30 19:02:20.905468+00'),
	('eecc5aa1-9357-4a6f-bcc8-ed5eafefb4c0', '5c5638be-d29c-4726-9816-c1ae4e4e4f1e', 'task_bumped', 'task', '50b5ede5-7fc2-4d88-9a5f-e18e3efb5b81', '50b5ede5-7fc2-4d88-9a5f-e18e3efb5b81', NULL, 'Zrób zakupy', '{}', '2026-04-30 19:02:26.24945+00'),
	('5a967dfb-170d-447b-a199-3692fca4e3a3', '5c5638be-d29c-4726-9816-c1ae4e4e4f1e', 'task_bumped', 'task', '50b5ede5-7fc2-4d88-9a5f-e18e3efb5b81', '50b5ede5-7fc2-4d88-9a5f-e18e3efb5b81', NULL, 'Zrób zakupy', '{}', '2026-04-30 19:02:26.777587+00'),
	('c867ec0f-eed0-41cc-bb08-db5080f637f1', '5c5638be-d29c-4726-9816-c1ae4e4e4f1e', 'task_bumped', 'task', '50b5ede5-7fc2-4d88-9a5f-e18e3efb5b81', '50b5ede5-7fc2-4d88-9a5f-e18e3efb5b81', NULL, 'Zrób zakupy', '{}', '2026-04-30 19:02:27.947849+00'),
	('4e3ee147-db50-453e-befc-05617342e901', '5c5638be-d29c-4726-9816-c1ae4e4e4f1e', 'task_bumped', 'task', '50b5ede5-7fc2-4d88-9a5f-e18e3efb5b81', '50b5ede5-7fc2-4d88-9a5f-e18e3efb5b81', NULL, 'Zrób zakupy', '{}', '2026-04-30 19:02:28.429245+00'),
	('e11c7ba9-b673-455b-a2fd-18e8e207f928', '5c5638be-d29c-4726-9816-c1ae4e4e4f1e', 'task_bumped', 'task', '50b5ede5-7fc2-4d88-9a5f-e18e3efb5b81', '50b5ede5-7fc2-4d88-9a5f-e18e3efb5b81', NULL, 'Zrób zakupy', '{}', '2026-04-30 19:02:29.720016+00'),
	('d1fffcfb-cb1b-4faf-824e-24951236b8a7', '5c5638be-d29c-4726-9816-c1ae4e4e4f1e', 'task_bumped', 'task', '50b5ede5-7fc2-4d88-9a5f-e18e3efb5b81', '50b5ede5-7fc2-4d88-9a5f-e18e3efb5b81', NULL, 'Zrób zakupy', '{}', '2026-04-30 19:02:30.47402+00'),
	('178bea6c-0586-455f-8529-aabee8aea616', '5c5638be-d29c-4726-9816-c1ae4e4e4f1e', 'task_bumped', 'task', '50b5ede5-7fc2-4d88-9a5f-e18e3efb5b81', '50b5ede5-7fc2-4d88-9a5f-e18e3efb5b81', NULL, 'Zrób zakupy', '{}', '2026-04-30 19:02:31.159402+00'),
	('5f9fa459-7180-4681-a5a6-79ae8821d44a', '5c5638be-d29c-4726-9816-c1ae4e4e4f1e', 'task_bumped', 'task', '50b5ede5-7fc2-4d88-9a5f-e18e3efb5b81', '50b5ede5-7fc2-4d88-9a5f-e18e3efb5b81', NULL, 'Zrób zakupy', '{}', '2026-04-30 19:02:31.731609+00'),
	('e1515df4-95f1-4e63-9842-7444409b4998', '5c5638be-d29c-4726-9816-c1ae4e4e4f1e', 'task_bumped', 'task', '50b5ede5-7fc2-4d88-9a5f-e18e3efb5b81', '50b5ede5-7fc2-4d88-9a5f-e18e3efb5b81', NULL, 'Zrób zakupy', '{}', '2026-04-30 19:02:32.421185+00'),
	('3457f5a4-05ab-4aff-aef3-271da995f5f9', '5c5638be-d29c-4726-9816-c1ae4e4e4f1e', 'task_bumped', 'task', '50b5ede5-7fc2-4d88-9a5f-e18e3efb5b81', '50b5ede5-7fc2-4d88-9a5f-e18e3efb5b81', NULL, 'Zrób zakupy', '{}', '2026-04-30 19:02:39.796273+00'),
	('aaa94781-37de-4e14-a9e8-f31eff27b792', '5c5638be-d29c-4726-9816-c1ae4e4e4f1e', 'task_bumped', 'task', '50b5ede5-7fc2-4d88-9a5f-e18e3efb5b81', '50b5ede5-7fc2-4d88-9a5f-e18e3efb5b81', NULL, 'Zrób zakupy', '{}', '2026-04-30 19:02:40.385853+00'),
	('65b18b6d-fe36-4bc0-ba17-d03789c327c5', '5c5638be-d29c-4726-9816-c1ae4e4e4f1e', 'task_bumped', 'task', '50b5ede5-7fc2-4d88-9a5f-e18e3efb5b81', '50b5ede5-7fc2-4d88-9a5f-e18e3efb5b81', NULL, 'Zrób zakupy', '{}', '2026-04-30 19:02:40.936718+00'),
	('ec36f04b-9e15-4af1-8061-6868645d46f2', '79e6eb94-99a8-40df-9bcf-ca6b6a3697f1', 'task_bumped', 'task', '57a7cd22-f1a4-45ef-b55e-7d0a0bac91ef', '57a7cd22-f1a4-45ef-b55e-7d0a0bac91ef', NULL, 'Pdfgen dokończyć', '{}', '2026-04-30 19:30:52.107033+00'),
	('8e8e2b67-10f0-4698-b246-0a8a334a05b1', '5c5638be-d29c-4726-9816-c1ae4e4e4f1e', 'task_comment_added', 'task', '57a7cd22-f1a4-45ef-b55e-7d0a0bac91ef', '57a7cd22-f1a4-45ef-b55e-7d0a0bac91ef', NULL, 'No problem', '{"comment_id": "071ac75b-4f34-4d96-89af-1b39a346b933"}', '2026-04-30 20:02:37.807571+00'),
	('13cc234b-0c1e-4902-a6f7-a3ec733662df', '5c5638be-d29c-4726-9816-c1ae4e4e4f1e', 'task_comment_added', 'task', '57a7cd22-f1a4-45ef-b55e-7d0a0bac91ef', '57a7cd22-f1a4-45ef-b55e-7d0a0bac91ef', NULL, 'Doszło powiadomienie ?', '{"comment_id": "5de3ec66-3c1f-4e2a-b554-44250a163954"}', '2026-04-30 20:03:09.666244+00'),
	('dbd2125e-bfe8-471b-b379-ecb3bfa0628b', '5c5638be-d29c-4726-9816-c1ae4e4e4f1e', 'task_edited', 'task', '50b5ede5-7fc2-4d88-9a5f-e18e3efb5b81', '50b5ede5-7fc2-4d88-9a5f-e18e3efb5b81', NULL, 'Powiadomienie testowe', '{}', '2026-04-30 20:03:30.452071+00'),
	('fdf59bab-ccd5-4bc9-9e5e-2068a5423454', '5c5638be-d29c-4726-9816-c1ae4e4e4f1e', 'task_bumped', 'task', '50b5ede5-7fc2-4d88-9a5f-e18e3efb5b81', '50b5ede5-7fc2-4d88-9a5f-e18e3efb5b81', NULL, 'Powiadomienie testowe', '{}', '2026-04-30 20:03:31.674568+00'),
	('c5407f99-866e-4d6a-aab0-81f7db1cdf9c', '5c5638be-d29c-4726-9816-c1ae4e4e4f1e', 'task_comment_added', 'task', '50b5ede5-7fc2-4d88-9a5f-e18e3efb5b81', '50b5ede5-7fc2-4d88-9a5f-e18e3efb5b81', NULL, 'I co udało się ?', '{"comment_id": "3bc0a5f4-577d-4649-b4fd-d2ce52bcaf6e"}', '2026-04-30 20:03:42.245457+00'),
	('3f895dbb-5206-44f1-a826-fe4c1ed31bbe', '79e6eb94-99a8-40df-9bcf-ca6b6a3697f1', 'task_comment_added', 'task', '50b5ede5-7fc2-4d88-9a5f-e18e3efb5b81', '50b5ede5-7fc2-4d88-9a5f-e18e3efb5b81', NULL, 'Majówka uratowana', '{"comment_id": "561efb99-3018-4de6-98f8-d8c022b18eb5"}', '2026-04-30 20:05:19.59503+00'),
	('4258d4e4-82fa-4c81-8ff1-da7672f6fe04', '79e6eb94-99a8-40df-9bcf-ca6b6a3697f1', 'task_comment_added', 'task', '50b5ede5-7fc2-4d88-9a5f-e18e3efb5b81', '50b5ede5-7fc2-4d88-9a5f-e18e3efb5b81', NULL, 'Mam jajka', '{"comment_id": "2598c52b-69e7-457a-911a-6817e8c766c5"}', '2026-04-30 20:05:23.485184+00'),
	('e2865c74-ef4b-4371-8d5b-39123eaf0ef3', '79e6eb94-99a8-40df-9bcf-ca6b6a3697f1', 'task_comment_added', 'task', '50b5ede5-7fc2-4d88-9a5f-e18e3efb5b81', '50b5ede5-7fc2-4d88-9a5f-e18e3efb5b81', NULL, 'W sensie. Kupiłem jajka…', '{"comment_id": "cda74789-6f91-4287-913e-02bf610f73da"}', '2026-04-30 20:05:29.752812+00'),
	('5342903b-c46a-4ebf-a6a0-934a186ee342', '5c5638be-d29c-4726-9816-c1ae4e4e4f1e', 'task_comment_added', 'task', '50b5ede5-7fc2-4d88-9a5f-e18e3efb5b81', '50b5ede5-7fc2-4d88-9a5f-e18e3efb5b81', NULL, 'Git', '{"comment_id": "22a229af-985e-4319-b2b5-1d7ae0d170a7"}', '2026-04-30 20:05:41.022529+00'),
	('c3fa846a-8399-426c-8c7f-431cde5b2ccc', '79e6eb94-99a8-40df-9bcf-ca6b6a3697f1', 'task_status_changed', 'task', '50b5ede5-7fc2-4d88-9a5f-e18e3efb5b81', '50b5ede5-7fc2-4d88-9a5f-e18e3efb5b81', NULL, NULL, '{"new_status": "zrobione", "old_status": "w_trakcie"}', '2026-04-30 20:07:28.350276+00'),
	('92c6e9d3-dbcd-4692-ac1d-71056fb7cfd4', '79e6eb94-99a8-40df-9bcf-ca6b6a3697f1', 'task_bumped', 'task', '57a7cd22-f1a4-45ef-b55e-7d0a0bac91ef', '57a7cd22-f1a4-45ef-b55e-7d0a0bac91ef', NULL, 'Pdfgen dokończyć', '{}', '2026-04-30 20:07:37.726016+00'),
	('50c13f2b-5b1c-4adc-a1c7-5a391ce1d7d2', '79e6eb94-99a8-40df-9bcf-ca6b6a3697f1', 'task_status_changed', 'task', '57a7cd22-f1a4-45ef-b55e-7d0a0bac91ef', '57a7cd22-f1a4-45ef-b55e-7d0a0bac91ef', NULL, NULL, '{"new_status": "w_trakcie", "old_status": "do_zrobienia"}', '2026-04-30 20:07:55.995193+00'),
	('d7f1bf99-86f0-42f2-8f2e-d11e7ca6b313', '5c5638be-d29c-4726-9816-c1ae4e4e4f1e', 'task_comment_added', 'task', '50b5ede5-7fc2-4d88-9a5f-e18e3efb5b81', '50b5ede5-7fc2-4d88-9a5f-e18e3efb5b81', NULL, 'Czekam na zdjęcie', '{"comment_id": "6bc2b7ce-2484-499a-ac59-01933dbdbe9b"}', '2026-04-30 20:05:46.850104+00'),
	('9a231613-2b55-44cf-a0ca-51ac99f0b23b', '79e6eb94-99a8-40df-9bcf-ca6b6a3697f1', 'task_comment_added', 'task', '50b5ede5-7fc2-4d88-9a5f-e18e3efb5b81', '50b5ede5-7fc2-4d88-9a5f-e18e3efb5b81', NULL, 'Zapomniałem aktywować kupony na truskawki 😭😭😭😭', '{"comment_id": "d97d1bf6-6ae6-4cbb-ba07-8a745908eada"}', '2026-04-30 20:05:56.427786+00'),
	('94126e04-8cd6-4f20-a95b-19c7ebac135b', '79e6eb94-99a8-40df-9bcf-ca6b6a3697f1', 'task_comment_added', 'task', '50b5ede5-7fc2-4d88-9a5f-e18e3efb5b81', '50b5ede5-7fc2-4d88-9a5f-e18e3efb5b81', NULL, 'Czekasz na zdjęcie ;>', '{"comment_id": "1e9298d0-fdd8-4d40-b36a-47ec9cd42782"}', '2026-04-30 20:06:07.172063+00'),
	('32cb70c1-b8e3-4225-992c-837f63f99a43', '5c5638be-d29c-4726-9816-c1ae4e4e4f1e', 'task_comment_added', 'task', '50b5ede5-7fc2-4d88-9a5f-e18e3efb5b81', '50b5ede5-7fc2-4d88-9a5f-e18e3efb5b81', NULL, '😈', '{"comment_id": "7851ad07-d99c-40b6-b8cb-7b8fcc3841bf"}', '2026-04-30 20:06:19.612736+00'),
	('69752ec6-ac0a-40fa-ac27-eb390b61d29b', '5c5638be-d29c-4726-9816-c1ae4e4e4f1e', 'task_comment_added', 'task', '50b5ede5-7fc2-4d88-9a5f-e18e3efb5b81', '50b5ede5-7fc2-4d88-9a5f-e18e3efb5b81', NULL, 'XD', '{"comment_id": "6700abc9-1134-4257-a79f-726a879eb30a"}', '2026-04-30 20:06:40.365554+00'),
	('7e894277-5b24-4588-92e7-ed334ff2ee97', '79e6eb94-99a8-40df-9bcf-ca6b6a3697f1', 'task_comment_added', 'task', '50b5ede5-7fc2-4d88-9a5f-e18e3efb5b81', '50b5ede5-7fc2-4d88-9a5f-e18e3efb5b81', NULL, 'Nie mogę chyba dodać zdjęcia', '{"comment_id": "421ab653-39d8-4844-b454-39d4ca8b7587"}', '2026-04-30 20:07:18.157895+00'),
	('fa38ca74-c4ea-4b40-ad84-e99988a61935', '5c5638be-d29c-4726-9816-c1ae4e4e4f1e', 'task_comment_added', 'task', '50b5ede5-7fc2-4d88-9a5f-e18e3efb5b81', '50b5ede5-7fc2-4d88-9a5f-e18e3efb5b81', NULL, 'Tu sie nie da ale w SMS wyślij to awatar zrobię', '{"comment_id": "08e32f75-2ee1-436e-a144-aab900f335b9"}', '2026-04-30 20:07:34.981343+00'),
	('df675aaa-f2dc-4297-a87d-2ed6c11b0982', '79e6eb94-99a8-40df-9bcf-ca6b6a3697f1', 'task_comment_added', 'task', '57a7cd22-f1a4-45ef-b55e-7d0a0bac91ef', '57a7cd22-f1a4-45ef-b55e-7d0a0bac91ef', NULL, 'Niestety doszło', '{"comment_id": "75644686-4c31-4140-856d-75bef72085cb"}', '2026-04-30 20:07:53.062283+00'),
	('754d986f-683d-4981-b2e9-35dc6c08ab08', '79e6eb94-99a8-40df-9bcf-ca6b6a3697f1', 'task_bumped', 'task', '57a7cd22-f1a4-45ef-b55e-7d0a0bac91ef', '57a7cd22-f1a4-45ef-b55e-7d0a0bac91ef', NULL, 'Pdfgen dokończyć', '{}', '2026-05-01 05:13:34.898701+00'),
	('6ec178fb-d46a-4862-bd05-e71a16bd6de2', '79e6eb94-99a8-40df-9bcf-ca6b6a3697f1', 'task_bumped', 'task', '57a7cd22-f1a4-45ef-b55e-7d0a0bac91ef', '57a7cd22-f1a4-45ef-b55e-7d0a0bac91ef', NULL, 'Pdfgen dokończyć', '{}', '2026-05-01 09:47:07.357825+00'),
	('3e55836c-7e09-4f32-ad43-721355dd5d23', '79e6eb94-99a8-40df-9bcf-ca6b6a3697f1', 'task_bumped', 'task', '57a7cd22-f1a4-45ef-b55e-7d0a0bac91ef', '57a7cd22-f1a4-45ef-b55e-7d0a0bac91ef', NULL, 'Pdfgen dokończyć', '{}', '2026-05-01 09:49:03.561167+00'),
	('f448fb65-151e-4aa6-8313-eaada088330e', '79e6eb94-99a8-40df-9bcf-ca6b6a3697f1', 'task_bumped', 'task', '57a7cd22-f1a4-45ef-b55e-7d0a0bac91ef', '57a7cd22-f1a4-45ef-b55e-7d0a0bac91ef', NULL, 'Pdfgen dokończyć', '{}', '2026-05-01 09:59:02.903532+00'),
	('6c682514-5720-471d-9dca-1dc2e1fc5453', '79e6eb94-99a8-40df-9bcf-ca6b6a3697f1', 'task_bumped', 'task', '57a7cd22-f1a4-45ef-b55e-7d0a0bac91ef', '57a7cd22-f1a4-45ef-b55e-7d0a0bac91ef', NULL, 'Pdfgen dokończyć', '{}', '2026-05-01 09:59:16.016865+00'),
	('e07c5c1e-28ec-45ae-977a-bd1fce9cf81e', '79e6eb94-99a8-40df-9bcf-ca6b6a3697f1', 'task_comment_added', 'task', '57a7cd22-f1a4-45ef-b55e-7d0a0bac91ef', '57a7cd22-f1a4-45ef-b55e-7d0a0bac91ef', NULL, 'Test', '{"comment_id": "ebe58de4-471e-4de0-9564-998822b79793"}', '2026-05-01 09:59:27.84623+00'),
	('fc329035-e032-4a09-b76d-512f17c6b8dd', '79e6eb94-99a8-40df-9bcf-ca6b6a3697f1', 'task_created', 'task', '70f70605-1004-4029-bfa3-a202e8863f16', '70f70605-1004-4029-bfa3-a202e8863f16', NULL, 'Jol jol', '{}', '2026-05-01 09:59:47.100151+00'),
	('5dbd148c-a0c9-4383-ac57-39fc26cb7bc4', '79e6eb94-99a8-40df-9bcf-ca6b6a3697f1', 'task_bumped', 'task', '70f70605-1004-4029-bfa3-a202e8863f16', '70f70605-1004-4029-bfa3-a202e8863f16', NULL, 'Jol jol', '{}', '2026-05-01 09:59:52.451412+00'),
	('ed94d45a-914c-4802-aa04-4dd716bb2e40', '5c5638be-d29c-4726-9816-c1ae4e4e4f1e', 'task_status_changed', 'task', '70f70605-1004-4029-bfa3-a202e8863f16', '70f70605-1004-4029-bfa3-a202e8863f16', NULL, NULL, '{"new_status": "w_trakcie", "old_status": "do_zrobienia"}', '2026-05-01 10:00:13.152816+00'),
	('d6e5b9c3-07e6-4ca6-81d8-e8c9236d377b', '5c5638be-d29c-4726-9816-c1ae4e4e4f1e', 'task_comment_added', 'task', '70f70605-1004-4029-bfa3-a202e8863f16', '70f70605-1004-4029-bfa3-a202e8863f16', NULL, 'H', '{"comment_id": "230588f0-4fb9-46f2-845c-df40f9cf7378"}', '2026-05-01 10:00:21.450695+00'),
	('408ab993-a9ac-41d9-9e5f-1d32712cb078', '5c5638be-d29c-4726-9816-c1ae4e4e4f1e', 'task_comment_added', 'task', '70f70605-1004-4029-bfa3-a202e8863f16', '70f70605-1004-4029-bfa3-a202e8863f16', NULL, 'H', '{"comment_id": "186541fd-69ce-41c7-a562-74d0f1425627"}', '2026-05-01 10:01:01.930806+00'),
	('d2d04507-164e-46be-9e79-3137ffac0694', '5c5638be-d29c-4726-9816-c1ae4e4e4f1e', 'task_comment_added', 'task', '70f70605-1004-4029-bfa3-a202e8863f16', '70f70605-1004-4029-bfa3-a202e8863f16', NULL, 'H', '{"comment_id": "a8b77c4a-6c44-47f9-afd3-33a891325fd0"}', '2026-05-01 10:01:13.688406+00'),
	('68ec6b83-0642-4b5c-ab25-df3042f89af6', '79e6eb94-99a8-40df-9bcf-ca6b6a3697f1', 'task_bumped', 'task', '70f70605-1004-4029-bfa3-a202e8863f16', '70f70605-1004-4029-bfa3-a202e8863f16', NULL, 'Jol jol', '{}', '2026-05-01 10:01:36.798457+00'),
	('128a8583-8d31-4c2e-9580-b66739527f50', '5c5638be-d29c-4726-9816-c1ae4e4e4f1e', 'task_created', 'task', '75e9f768-b5dc-4f69-be80-8b1cee973ae3', '75e9f768-b5dc-4f69-be80-8b1cee973ae3', NULL, 'Test', '{}', '2026-05-01 10:01:43.773172+00'),
	('110c8c0a-8a4c-4430-804a-850ab58ee60c', '5c5638be-d29c-4726-9816-c1ae4e4e4f1e', 'task_bumped', 'task', '75e9f768-b5dc-4f69-be80-8b1cee973ae3', '75e9f768-b5dc-4f69-be80-8b1cee973ae3', NULL, 'Test', '{}', '2026-05-01 10:01:52.714982+00'),
	('fca25ce4-46c6-45c9-b4b1-16925b809c44', '5c5638be-d29c-4726-9816-c1ae4e4e4f1e', 'task_comment_added', 'task', '75e9f768-b5dc-4f69-be80-8b1cee973ae3', '75e9f768-b5dc-4f69-be80-8b1cee973ae3', NULL, 'Hdhnd', '{"comment_id": "d1c5cac5-a61f-43dc-804f-62b528fa027a"}', '2026-05-01 10:01:56.972089+00'),
	('4907a77f-b55f-4244-9574-7d9efe9398bd', '5c5638be-d29c-4726-9816-c1ae4e4e4f1e', 'task_status_changed', 'task', '75e9f768-b5dc-4f69-be80-8b1cee973ae3', '75e9f768-b5dc-4f69-be80-8b1cee973ae3', NULL, NULL, '{"new_status": "w_trakcie", "old_status": "do_zrobienia"}', '2026-05-01 10:02:00.358669+00'),
	('73b64e65-d727-4b2a-b2cb-245441fffb75', '79e6eb94-99a8-40df-9bcf-ca6b6a3697f1', 'task_created', 'task', 'daacdae9-1898-450d-902e-e1ab9f61bd81', 'daacdae9-1898-450d-902e-e1ab9f61bd81', NULL, 'Już nowe zadanie', '{}', '2026-05-01 10:02:25.092659+00'),
	('7863b5a6-332e-4653-b359-52a053518619', '5c5638be-d29c-4726-9816-c1ae4e4e4f1e', 'task_status_changed', 'task', 'daacdae9-1898-450d-902e-e1ab9f61bd81', 'daacdae9-1898-450d-902e-e1ab9f61bd81', NULL, NULL, '{"new_status": "w_trakcie", "old_status": "do_zrobienia"}', '2026-05-01 10:02:55.504833+00'),
	('2c6f1f58-5f81-4384-92d7-018da8139c17', '5c5638be-d29c-4726-9816-c1ae4e4e4f1e', 'task_comment_added', 'task', 'daacdae9-1898-450d-902e-e1ab9f61bd81', 'daacdae9-1898-450d-902e-e1ab9f61bd81', NULL, 'Hdhd', '{"comment_id": "6e37763a-2d33-4cc8-8f89-36940c0db9b3"}', '2026-05-01 10:03:00.919654+00'),
	('06bdd58c-6ede-4e2e-aa64-ab84a9817e4f', '5c5638be-d29c-4726-9816-c1ae4e4e4f1e', 'task_comment_added', 'task', 'daacdae9-1898-450d-902e-e1ab9f61bd81', 'daacdae9-1898-450d-902e-e1ab9f61bd81', NULL, 'Hdheh', '{"comment_id": "0c9aeece-44db-477a-871a-6b2a3ea15762"}', '2026-05-01 10:03:12.373884+00'),
	('154a5e03-be5a-461a-a900-52e1ebbda6eb', '79e6eb94-99a8-40df-9bcf-ca6b6a3697f1', 'task_comment_added', 'task', 'daacdae9-1898-450d-902e-e1ab9f61bd81', 'daacdae9-1898-450d-902e-e1ab9f61bd81', NULL, 'Adhd', '{"comment_id": "e3e92001-5642-42de-9490-f91815bd8ccb"}', '2026-05-01 10:03:14.4349+00'),
	('102c3865-cfa6-464a-bf52-ab7a2f167f0b', '5c5638be-d29c-4726-9816-c1ae4e4e4f1e', 'task_status_changed', 'task', 'daacdae9-1898-450d-902e-e1ab9f61bd81', 'daacdae9-1898-450d-902e-e1ab9f61bd81', NULL, NULL, '{"new_status": "zrobione", "old_status": "w_trakcie"}', '2026-05-01 10:03:16.159923+00'),
	('29d1dbb2-ca56-44bf-89a6-da522c1dc635', '5c5638be-d29c-4726-9816-c1ae4e4e4f1e', 'task_status_changed', 'task', 'daacdae9-1898-450d-902e-e1ab9f61bd81', 'daacdae9-1898-450d-902e-e1ab9f61bd81', NULL, NULL, '{"new_status": "do_zrobienia", "old_status": "zrobione"}', '2026-05-01 10:03:21.033466+00'),
	('6af7aafd-aa22-42a6-8ddc-1fbd213f17ab', '5c5638be-d29c-4726-9816-c1ae4e4e4f1e', 'task_status_changed', 'task', 'daacdae9-1898-450d-902e-e1ab9f61bd81', 'daacdae9-1898-450d-902e-e1ab9f61bd81', NULL, NULL, '{"new_status": "w_trakcie", "old_status": "do_zrobienia"}', '2026-05-01 10:03:24.915436+00'),
	('35c2b53c-5ba5-49ff-b580-253e0a7f4c60', '5c5638be-d29c-4726-9816-c1ae4e4e4f1e', 'investment_comment_added', 'investment', '0b29bed2-f273-4eb7-ba8c-1dcf3597b790', NULL, '0b29bed2-f273-4eb7-ba8c-1dcf3597b790', 'He', '{"comment_id": "4ac647e5-3e74-4bb0-ad15-1c405ac69214"}', '2026-05-01 10:03:34.293188+00'),
	('03870eba-1e20-4f24-8d61-12f823444474', '5c5638be-d29c-4726-9816-c1ae4e4e4f1e', 'investment_created', 'investment', '9c083b4a-ba5d-4b01-9618-bc56bcd47693', NULL, '9c083b4a-ba5d-4b01-9618-bc56bcd47693', NULL, '{}', '2026-05-01 10:04:03.773169+00'),
	('f8970fa2-974d-439d-8b70-f56dedeeeab7', '5c5638be-d29c-4726-9816-c1ae4e4e4f1e', 'task_created_for_investment', 'task', '156fa062-4864-4847-8ec6-493b5223cfcf', '156fa062-4864-4847-8ec6-493b5223cfcf', '9c083b4a-ba5d-4b01-9618-bc56bcd47693', 'Hshns', '{}', '2026-05-01 10:04:25.77194+00'),
	('e7d42b9b-d872-4361-a617-07ff6aafc706', '79e6eb94-99a8-40df-9bcf-ca6b6a3697f1', 'task_status_changed', 'task', '156fa062-4864-4847-8ec6-493b5223cfcf', '156fa062-4864-4847-8ec6-493b5223cfcf', NULL, NULL, '{"new_status": "w_trakcie", "old_status": "do_zrobienia"}', '2026-05-01 10:04:53.988374+00'),
	('c8a6bd13-6d6d-4f12-9574-96e614da79d1', '79e6eb94-99a8-40df-9bcf-ca6b6a3697f1', 'task_status_changed', 'task', '156fa062-4864-4847-8ec6-493b5223cfcf', '156fa062-4864-4847-8ec6-493b5223cfcf', NULL, NULL, '{"new_status": "zrobione", "old_status": "w_trakcie"}', '2026-05-01 10:04:58.624921+00'),
	('fa8f0b34-2ade-4cfe-aad0-a7d9587c5cc6', '79e6eb94-99a8-40df-9bcf-ca6b6a3697f1', 'task_status_changed', 'task', '156fa062-4864-4847-8ec6-493b5223cfcf', '156fa062-4864-4847-8ec6-493b5223cfcf', NULL, NULL, '{"new_status": "do_zrobienia", "old_status": "zrobione"}', '2026-05-01 10:05:02.596667+00'),
	('d395bb74-c8b4-46b7-b25e-df7dc48cc5a7', '79e6eb94-99a8-40df-9bcf-ca6b6a3697f1', 'investment_status_changed', 'investment', '9c083b4a-ba5d-4b01-9618-bc56bcd47693', NULL, '9c083b4a-ba5d-4b01-9618-bc56bcd47693', NULL, '{"new_status": "w_realizacji", "old_status": "czeka_na_wplate"}', '2026-05-01 10:05:24.519313+00'),
	('a00695dc-e7ec-4f20-a249-4f78610a3cf0', '79e6eb94-99a8-40df-9bcf-ca6b6a3697f1', 'investment_comment_added', 'investment', '9c083b4a-ba5d-4b01-9618-bc56bcd47693', NULL, '9c083b4a-ba5d-4b01-9618-bc56bcd47693', 'Hello moto', '{"comment_id": "8910269f-ef1c-4715-a486-53c06dc3b2f4"}', '2026-05-01 10:05:31.884103+00'),
	('2dc380dd-0623-4979-a83b-1a518471b531', '5c5638be-d29c-4726-9816-c1ae4e4e4f1e', 'investment_comment_added', 'investment', '9c083b4a-ba5d-4b01-9618-bc56bcd47693', NULL, '9c083b4a-ba5d-4b01-9618-bc56bcd47693', 'Hfhdhhd', '{"comment_id": "4039e457-18f4-4e4e-96a3-36ea5bbc6de6"}', '2026-05-01 10:05:39.618197+00'),
	('3f2f7341-90ff-4907-b7c0-9e82e09879db', '79e6eb94-99a8-40df-9bcf-ca6b6a3697f1', 'investment_created', 'investment', '1eb636ff-a8d4-4d73-8b35-0aeb646e1af6', NULL, '1eb636ff-a8d4-4d73-8b35-0aeb646e1af6', NULL, '{}', '2026-05-01 10:09:25.050278+00'),
	('b5d099d8-e0ae-4fe5-b250-104d21d6bcba', '79e6eb94-99a8-40df-9bcf-ca6b6a3697f1', 'investment_status_changed', 'investment', '0b29bed2-f273-4eb7-ba8c-1dcf3597b790', NULL, '0b29bed2-f273-4eb7-ba8c-1dcf3597b790', NULL, '{"new_status": "zakonczona", "old_status": "czeka_na_wplate"}', '2026-05-01 10:23:50.702213+00'),
	('01058b6a-84c4-46c5-87d3-df6a0f05fb33', '5c5638be-d29c-4726-9816-c1ae4e4e4f1e', 'task_created', 'task', 'fd2b1cb7-2dbe-4d93-943a-454766b602a9', 'fd2b1cb7-2dbe-4d93-943a-454766b602a9', NULL, 'Xyz', '{}', '2026-05-01 10:24:09.512378+00'),
	('0df7f01e-7d2a-4119-bde1-0d1a89601fbb', '5c5638be-d29c-4726-9816-c1ae4e4e4f1e', 'task_status_changed', 'task', '70f70605-1004-4029-bfa3-a202e8863f16', '70f70605-1004-4029-bfa3-a202e8863f16', NULL, NULL, '{"new_status": "do_zrobienia", "old_status": "w_trakcie"}', '2026-05-01 10:24:38.97888+00'),
	('ac92867a-b465-4b23-8aeb-37efcb9e3691', '5c5638be-d29c-4726-9816-c1ae4e4e4f1e', 'task_status_changed', 'task', '70f70605-1004-4029-bfa3-a202e8863f16', '70f70605-1004-4029-bfa3-a202e8863f16', NULL, NULL, '{"new_status": "w_trakcie", "old_status": "do_zrobienia"}', '2026-05-01 10:24:41.534023+00'),
	('72d12815-3454-49b8-9799-35aea5f27c21', '79e6eb94-99a8-40df-9bcf-ca6b6a3697f1', 'task_status_changed', 'task', '75e9f768-b5dc-4f69-be80-8b1cee973ae3', '75e9f768-b5dc-4f69-be80-8b1cee973ae3', NULL, NULL, '{"new_status": "do_zrobienia", "old_status": "w_trakcie"}', '2026-05-01 10:24:45.917543+00'),
	('22da0c5e-6309-425b-a4bb-eb1ce699939b', '79e6eb94-99a8-40df-9bcf-ca6b6a3697f1', 'task_status_changed', 'task', '75e9f768-b5dc-4f69-be80-8b1cee973ae3', '75e9f768-b5dc-4f69-be80-8b1cee973ae3', NULL, NULL, '{"new_status": "w_trakcie", "old_status": "do_zrobienia"}', '2026-05-01 10:24:48.722097+00'),
	('4722fa10-211c-4ebf-a43f-424ffd52e51f', '79e6eb94-99a8-40df-9bcf-ca6b6a3697f1', 'task_status_changed', 'task', '75e9f768-b5dc-4f69-be80-8b1cee973ae3', '75e9f768-b5dc-4f69-be80-8b1cee973ae3', NULL, NULL, '{"new_status": "do_zrobienia", "old_status": "w_trakcie"}', '2026-05-01 10:24:54.305268+00'),
	('15c244b6-974d-4029-9011-6c23af36ea50', '79e6eb94-99a8-40df-9bcf-ca6b6a3697f1', 'task_status_changed', 'task', '75e9f768-b5dc-4f69-be80-8b1cee973ae3', '75e9f768-b5dc-4f69-be80-8b1cee973ae3', NULL, NULL, '{"new_status": "w_trakcie", "old_status": "do_zrobienia"}', '2026-05-01 10:24:56.318166+00'),
	('10ab1ec4-32d3-47c2-8df2-5eef1f3aa22f', '5c5638be-d29c-4726-9816-c1ae4e4e4f1e', 'task_status_changed', 'task', '70f70605-1004-4029-bfa3-a202e8863f16', '70f70605-1004-4029-bfa3-a202e8863f16', NULL, NULL, '{"new_status": "do_zrobienia", "old_status": "w_trakcie"}', '2026-05-01 10:25:02.405909+00'),
	('017f7857-3cc0-4df3-b032-049e47558026', '5c5638be-d29c-4726-9816-c1ae4e4e4f1e', 'task_status_changed', 'task', '70f70605-1004-4029-bfa3-a202e8863f16', '70f70605-1004-4029-bfa3-a202e8863f16', NULL, NULL, '{"new_status": "w_trakcie", "old_status": "do_zrobienia"}', '2026-05-01 10:25:04.085267+00'),
	('e752f0a4-ece3-4e76-9509-62d590f346dc', '5c5638be-d29c-4726-9816-c1ae4e4e4f1e', 'task_edited', 'task', 'fd2b1cb7-2dbe-4d93-943a-454766b602a9', 'fd2b1cb7-2dbe-4d93-943a-454766b602a9', NULL, 'Test test', '{}', '2026-05-01 10:25:25.252794+00'),
	('ea9e7ba5-5f3d-4939-a645-812f5b21e26d', '79e6eb94-99a8-40df-9bcf-ca6b6a3697f1', 'task_status_changed', 'task', 'daacdae9-1898-450d-902e-e1ab9f61bd81', 'daacdae9-1898-450d-902e-e1ab9f61bd81', NULL, NULL, '{"new_status": "zrobione", "old_status": "w_trakcie"}', '2026-05-01 10:25:39.706454+00'),
	('6dbeda3c-ff81-484c-94b9-832b8893c1c5', '79e6eb94-99a8-40df-9bcf-ca6b6a3697f1', 'task_status_changed', 'task', '70f70605-1004-4029-bfa3-a202e8863f16', '70f70605-1004-4029-bfa3-a202e8863f16', NULL, NULL, '{"new_status": "zrobione", "old_status": "w_trakcie"}', '2026-05-01 10:25:43.340967+00'),
	('14f1368f-d93b-4c2c-acaa-0f1820e3a352', '79e6eb94-99a8-40df-9bcf-ca6b6a3697f1', 'task_status_changed', 'task', '57a7cd22-f1a4-45ef-b55e-7d0a0bac91ef', '57a7cd22-f1a4-45ef-b55e-7d0a0bac91ef', NULL, NULL, '{"new_status": "zrobione", "old_status": "w_trakcie"}', '2026-05-01 10:25:47.576544+00'),
	('452ca774-cf9e-4489-ad3a-8fb38e8cd1cc', '79e6eb94-99a8-40df-9bcf-ca6b6a3697f1', 'task_status_changed', 'task', '75e9f768-b5dc-4f69-be80-8b1cee973ae3', '75e9f768-b5dc-4f69-be80-8b1cee973ae3', NULL, NULL, '{"new_status": "zrobione", "old_status": "w_trakcie"}', '2026-05-01 10:25:50.786234+00'),
	('860ffc06-935b-4e3f-a84e-827cd916346c', '79e6eb94-99a8-40df-9bcf-ca6b6a3697f1', 'task_status_changed', 'task', '156fa062-4864-4847-8ec6-493b5223cfcf', '156fa062-4864-4847-8ec6-493b5223cfcf', NULL, NULL, '{"new_status": "zrobione", "old_status": "do_zrobienia"}', '2026-05-01 10:25:55.405152+00'),
	('6e133f03-f2d0-4bd4-a65d-7e56ed760348', '79e6eb94-99a8-40df-9bcf-ca6b6a3697f1', 'investment_status_changed', 'investment', '4fb0c8ce-ab79-41dc-a235-e3ab1a2d8ba9', NULL, '4fb0c8ce-ab79-41dc-a235-e3ab1a2d8ba9', NULL, '{"new_status": "zakonczona", "old_status": "w_realizacji"}', '2026-05-01 10:26:06.212747+00'),
	('cc306e77-8164-4b6b-bf72-af0e0d1053dc', '79e6eb94-99a8-40df-9bcf-ca6b6a3697f1', 'investment_status_changed', 'investment', '9c083b4a-ba5d-4b01-9618-bc56bcd47693', NULL, '9c083b4a-ba5d-4b01-9618-bc56bcd47693', NULL, '{"new_status": "zakonczona", "old_status": "w_realizacji"}', '2026-05-01 10:26:11.989723+00'),
	('62d03fe1-c4f4-4e0f-8fa3-72c9389f84dc', '5c5638be-d29c-4726-9816-c1ae4e4e4f1e', 'task_status_changed', 'task', 'b7139987-97b7-4672-baf5-0a8851d46d17', 'b7139987-97b7-4672-baf5-0a8851d46d17', NULL, NULL, '{"new_status": "zrobione", "old_status": "do_zrobienia"}', '2026-05-01 10:26:33.305345+00'),
	('d8776b8f-55a4-48a7-9ff3-0fa27cef0e5c', '5c5638be-d29c-4726-9816-c1ae4e4e4f1e', 'task_created', 'task', 'df77e6be-6198-4801-bd82-648df49cfd7c', 'df77e6be-6198-4801-bd82-648df49cfd7c', NULL, 'Zadanie testowe', '{}', '2026-05-01 10:27:26.307559+00'),
	('6729e501-f0ba-4eec-8f63-c8de313a5264', '9012ec6c-b061-45ff-be1b-c96018f5b251', 'task_status_changed', 'task', 'b7139987-97b7-4672-baf5-0a8851d46d17', 'b7139987-97b7-4672-baf5-0a8851d46d17', NULL, NULL, '{"new_status": "w_trakcie", "old_status": "zrobione"}', '2026-05-01 10:27:33.539394+00'),
	('ecff95f0-787b-48a9-b59f-166e573c3eba', '5c5638be-d29c-4726-9816-c1ae4e4e4f1e', 'task_bumped', 'task', 'df77e6be-6198-4801-bd82-648df49cfd7c', 'df77e6be-6198-4801-bd82-648df49cfd7c', NULL, 'Zadanie testowe', '{}', '2026-05-01 10:27:40.535238+00'),
	('f11ff6fd-e088-4966-a1b0-4ff51f85a69c', '5c5638be-d29c-4726-9816-c1ae4e4e4f1e', 'task_bumped', 'task', 'df77e6be-6198-4801-bd82-648df49cfd7c', 'df77e6be-6198-4801-bd82-648df49cfd7c', NULL, 'Zadanie testowe', '{}', '2026-05-01 10:27:45.792419+00'),
	('b6b1c3ce-5e7a-4601-bcd4-eb8bbd736618', '5c5638be-d29c-4726-9816-c1ae4e4e4f1e', 'task_bumped', 'task', 'df77e6be-6198-4801-bd82-648df49cfd7c', 'df77e6be-6198-4801-bd82-648df49cfd7c', NULL, 'Zadanie testowe', '{}', '2026-05-01 10:27:51.459778+00'),
	('10073340-ef53-4b12-83f3-512278663b5b', '5c5638be-d29c-4726-9816-c1ae4e4e4f1e', 'task_bumped', 'task', 'df77e6be-6198-4801-bd82-648df49cfd7c', 'df77e6be-6198-4801-bd82-648df49cfd7c', NULL, 'Zadanie testowe', '{}', '2026-05-01 10:27:58.356549+00'),
	('0fbdba96-b63d-42ce-8391-788d27d62c1e', '5c5638be-d29c-4726-9816-c1ae4e4e4f1e', 'task_bumped', 'task', 'df77e6be-6198-4801-bd82-648df49cfd7c', 'df77e6be-6198-4801-bd82-648df49cfd7c', NULL, 'Zadanie testowe', '{}', '2026-05-01 10:28:07.93781+00'),
	('584df1fc-81fc-44b0-af33-ad8181313696', '5c5638be-d29c-4726-9816-c1ae4e4e4f1e', 'task_comment_added', 'task', 'df77e6be-6198-4801-bd82-648df49cfd7c', 'df77e6be-6198-4801-bd82-648df49cfd7c', NULL, 'Xyz', '{"comment_id": "71309e45-98d0-4ca5-a5a1-c092f61b9baa"}', '2026-05-01 10:28:11.431823+00'),
	('3e56937c-d7d2-47ba-b2c9-1734ef13cdb9', '5c5638be-d29c-4726-9816-c1ae4e4e4f1e', 'task_bumped', 'task', 'df77e6be-6198-4801-bd82-648df49cfd7c', 'df77e6be-6198-4801-bd82-648df49cfd7c', NULL, 'Zadanie testowe', '{}', '2026-05-01 10:28:26.455357+00'),
	('61adbafe-3080-411b-8898-42bddca365ed', '79e6eb94-99a8-40df-9bcf-ca6b6a3697f1', 'task_comment_added', 'task', 'df77e6be-6198-4801-bd82-648df49cfd7c', 'df77e6be-6198-4801-bd82-648df49cfd7c', NULL, 'Xyz', '{"comment_id": "4904a41a-b433-45a3-8c72-95ee723a040b"}', '2026-05-01 10:28:36.848531+00'),
	('04f9985e-dfb2-4a45-8f94-bbcff6aee46e', '5c5638be-d29c-4726-9816-c1ae4e4e4f1e', 'task_bumped', 'task', 'df77e6be-6198-4801-bd82-648df49cfd7c', 'df77e6be-6198-4801-bd82-648df49cfd7c', NULL, 'Zadanie testowe', '{}', '2026-05-01 10:28:41.030701+00'),
	('8f8d8b18-c37c-4c7b-9bbe-5541b08c33a2', '5c5638be-d29c-4726-9816-c1ae4e4e4f1e', 'investment_created', 'investment', 'dc091bcd-3d32-48aa-b413-6e9802bb5044', NULL, 'dc091bcd-3d32-48aa-b413-6e9802bb5044', NULL, '{}', '2026-05-01 10:29:17.630901+00'),
	('b4fc7a77-7082-4c20-8359-ee897ae20f0a', '5c5638be-d29c-4726-9816-c1ae4e4e4f1e', 'investment_status_changed', 'investment', 'dc091bcd-3d32-48aa-b413-6e9802bb5044', NULL, 'dc091bcd-3d32-48aa-b413-6e9802bb5044', NULL, '{"new_status": "w_planowaniu", "old_status": "czeka_na_wplate"}', '2026-05-01 10:29:29.261519+00'),
	('3cd5a94d-28e6-47d8-ba0c-8b6a70bd66a7', '5c5638be-d29c-4726-9816-c1ae4e4e4f1e', 'investment_status_changed', 'investment', 'dc091bcd-3d32-48aa-b413-6e9802bb5044', NULL, 'dc091bcd-3d32-48aa-b413-6e9802bb5044', NULL, '{"new_status": "czeka_na_wplate", "old_status": "w_planowaniu"}', '2026-05-01 10:29:31.373146+00'),
	('40f505ba-d2e5-401e-9307-f274c4f11afb', '5c5638be-d29c-4726-9816-c1ae4e4e4f1e', 'task_status_changed', 'task', 'b7139987-97b7-4672-baf5-0a8851d46d17', 'b7139987-97b7-4672-baf5-0a8851d46d17', NULL, NULL, '{"new_status": "zrobione", "old_status": "w_trakcie"}', '2026-05-01 10:29:38.776945+00'),
	('d63d3c12-63a0-4339-a459-805c7f922bf1', '5c5638be-d29c-4726-9816-c1ae4e4e4f1e', 'task_archived', 'task', '837f204e-0641-4404-a98b-0e14b5c855cc', '837f204e-0641-4404-a98b-0e14b5c855cc', NULL, 'Wykonać przelew', '{}', '2026-05-01 10:30:01.879324+00'),
	('1beabd42-af3c-412b-a894-5fdb32ecaee5', '5c5638be-d29c-4726-9816-c1ae4e4e4f1e', 'task_archived', 'task', '1edc6789-aba0-416c-b78f-7554494e7d7f', '1edc6789-aba0-416c-b78f-7554494e7d7f', NULL, 'Zamówić panele', '{}', '2026-05-01 10:30:05.891811+00'),
	('4be4c81e-691f-4c7c-86f7-1260337862b4', '5c5638be-d29c-4726-9816-c1ae4e4e4f1e', 'task_archived', 'task', 'f00a4641-d3e4-48d5-a3a3-82f1b0e6613a', 'f00a4641-d3e4-48d5-a3a3-82f1b0e6613a', NULL, 'Zamówić towar', '{}', '2026-05-01 10:30:20.286713+00'),
	('67735217-de60-4a51-9ff3-217d88cdf71d', '5c5638be-d29c-4726-9816-c1ae4e4e4f1e', 'task_bumped', 'task', 'fd2b1cb7-2dbe-4d93-943a-454766b602a9', 'fd2b1cb7-2dbe-4d93-943a-454766b602a9', NULL, 'Test test', '{}', '2026-05-01 10:30:25.401305+00'),
	('841a0cbc-f056-4ad0-a0fc-dc55db416a27', '5c5638be-d29c-4726-9816-c1ae4e4e4f1e', 'task_bumped', 'task', 'fd2b1cb7-2dbe-4d93-943a-454766b602a9', 'fd2b1cb7-2dbe-4d93-943a-454766b602a9', NULL, 'Test test', '{}', '2026-05-01 10:31:16.278221+00'),
	('71b14795-546d-4dae-8546-bea7514794f5', '5c5638be-d29c-4726-9816-c1ae4e4e4f1e', 'task_bumped', 'task', 'fd2b1cb7-2dbe-4d93-943a-454766b602a9', 'fd2b1cb7-2dbe-4d93-943a-454766b602a9', NULL, 'Test test', '{}', '2026-05-01 10:31:21.894536+00'),
	('adb4056f-7675-44ca-878e-f980d9b8553f', '79e6eb94-99a8-40df-9bcf-ca6b6a3697f1', 'task_status_changed', 'task', 'fd2b1cb7-2dbe-4d93-943a-454766b602a9', 'fd2b1cb7-2dbe-4d93-943a-454766b602a9', NULL, NULL, '{"new_status": "w_trakcie", "old_status": "do_zrobienia"}', '2026-05-01 10:31:24.524747+00'),
	('eb018eb8-1ac7-4243-aff1-091303204b02', '5c5638be-d29c-4726-9816-c1ae4e4e4f1e', 'task_bumped', 'task', 'fd2b1cb7-2dbe-4d93-943a-454766b602a9', 'fd2b1cb7-2dbe-4d93-943a-454766b602a9', NULL, 'Test test', '{}', '2026-05-01 10:31:35.71466+00'),
	('d8c5c400-e6ff-4c65-94fa-cacf0a30647d', '5c5638be-d29c-4726-9816-c1ae4e4e4f1e', 'task_comment_added', 'task', 'fd2b1cb7-2dbe-4d93-943a-454766b602a9', 'fd2b1cb7-2dbe-4d93-943a-454766b602a9', NULL, 'Ok', '{"comment_id": "e74f9667-0ff1-4720-8e25-d2dd5253e9ea"}', '2026-05-01 10:31:38.79631+00'),
	('aecf13be-2d07-4a36-8154-ea502c19f8ff', '5c5638be-d29c-4726-9816-c1ae4e4e4f1e', 'task_bumped', 'task', 'fd2b1cb7-2dbe-4d93-943a-454766b602a9', 'fd2b1cb7-2dbe-4d93-943a-454766b602a9', NULL, 'Test test', '{}', '2026-05-01 10:32:13.541895+00'),
	('fb32c769-462f-43f7-90b1-1598fff7211d', '5c5638be-d29c-4726-9816-c1ae4e4e4f1e', 'task_bumped', 'task', 'fd2b1cb7-2dbe-4d93-943a-454766b602a9', 'fd2b1cb7-2dbe-4d93-943a-454766b602a9', NULL, 'Test test', '{}', '2026-05-01 10:32:21.741646+00'),
	('fd931782-9f9b-4d1b-98f7-b636375ff44a', '5c5638be-d29c-4726-9816-c1ae4e4e4f1e', 'task_bumped', 'task', 'fd2b1cb7-2dbe-4d93-943a-454766b602a9', 'fd2b1cb7-2dbe-4d93-943a-454766b602a9', NULL, 'Test test', '{}', '2026-05-01 10:32:38.655006+00'),
	('25012add-8c67-450a-a85b-a4b343bb0866', '5c5638be-d29c-4726-9816-c1ae4e4e4f1e', 'investment_created', 'investment', '30bb87ca-7b72-422a-8c24-04a4b4597c47', NULL, '30bb87ca-7b72-422a-8c24-04a4b4597c47', NULL, '{}', '2026-05-01 10:33:13.57543+00'),
	('3cd3ef14-9b89-4c0f-98bc-936dbdcf7e00', '5c5638be-d29c-4726-9816-c1ae4e4e4f1e', 'investment_comment_added', 'investment', '30bb87ca-7b72-422a-8c24-04a4b4597c47', NULL, '30bb87ca-7b72-422a-8c24-04a4b4597c47', 'Test', '{"comment_id": "cb864814-1437-45ec-b56b-b4fb2d9338e2"}', '2026-05-01 10:33:26.068877+00'),
	('9a5bdc77-e560-4d81-9526-92784ef89b31', '5c5638be-d29c-4726-9816-c1ae4e4e4f1e', 'investment_comment_added', 'investment', '30bb87ca-7b72-422a-8c24-04a4b4597c47', NULL, '30bb87ca-7b72-422a-8c24-04a4b4597c47', 'Test', '{"comment_id": "6babcf69-ec51-4b9b-b9ce-518cb8a3c8fc"}', '2026-05-01 10:33:57.330931+00'),
	('a7f4e4de-280e-40f2-b15e-eaabf498880b', '5c5638be-d29c-4726-9816-c1ae4e4e4f1e', 'investment_status_changed', 'investment', '30bb87ca-7b72-422a-8c24-04a4b4597c47', NULL, '30bb87ca-7b72-422a-8c24-04a4b4597c47', NULL, '{"new_status": "w_planowaniu", "old_status": "czeka_na_wplate"}', '2026-05-01 10:33:33.335989+00'),
	('ca17b88c-9660-4454-a644-6d257ae0503c', '5c5638be-d29c-4726-9816-c1ae4e4e4f1e', 'investment_created', 'investment', 'f918b069-9cbe-41b7-8dad-ea287c7f0dec', NULL, 'f918b069-9cbe-41b7-8dad-ea287c7f0dec', NULL, '{}', '2026-05-01 10:40:56.659065+00'),
	('0d69f818-956d-4a21-a6d0-efb408517ef6', '5c5638be-d29c-4726-9816-c1ae4e4e4f1e', 'investment_status_changed', 'investment', 'f918b069-9cbe-41b7-8dad-ea287c7f0dec', NULL, 'f918b069-9cbe-41b7-8dad-ea287c7f0dec', NULL, '{"new_status": "w_planowaniu", "old_status": "czeka_na_wplate"}', '2026-05-01 10:41:15.683881+00'),
	('8634f3e6-fcb0-4366-986c-2855a2356cb0', '5c5638be-d29c-4726-9816-c1ae4e4e4f1e', 'investment_status_changed', 'investment', 'f918b069-9cbe-41b7-8dad-ea287c7f0dec', NULL, 'f918b069-9cbe-41b7-8dad-ea287c7f0dec', NULL, '{"new_status": "w_realizacji", "old_status": "w_planowaniu"}', '2026-05-01 10:41:17.259123+00'),
	('eb3794a4-9144-42ab-a47a-4711eeec0438', '5c5638be-d29c-4726-9816-c1ae4e4e4f1e', 'investment_status_changed', 'investment', 'f918b069-9cbe-41b7-8dad-ea287c7f0dec', NULL, 'f918b069-9cbe-41b7-8dad-ea287c7f0dec', NULL, '{"new_status": "zakonczona", "old_status": "w_realizacji"}', '2026-05-01 10:41:18.620031+00'),
	('ab6a869b-6861-47a1-924b-ea8178526b25', '5c5638be-d29c-4726-9816-c1ae4e4e4f1e', 'investment_status_changed', 'investment', 'f918b069-9cbe-41b7-8dad-ea287c7f0dec', NULL, 'f918b069-9cbe-41b7-8dad-ea287c7f0dec', NULL, '{"new_status": "czeka_na_wplate", "old_status": "zakonczona"}', '2026-05-01 10:41:19.956712+00'),
	('677e9fc0-a28d-4f3b-9f4e-43fa49fda2d7', '5c5638be-d29c-4726-9816-c1ae4e4e4f1e', 'investment_comment_added', 'investment', 'f918b069-9cbe-41b7-8dad-ea287c7f0dec', NULL, 'f918b069-9cbe-41b7-8dad-ea287c7f0dec', 'Hdh', '{"comment_id": "c9c21ac5-f5ed-4be6-a609-3e6f065a0b47"}', '2026-05-01 10:41:27.915322+00'),
	('474e6a65-ed2e-4c65-857b-51ce42b4176d', '5c5638be-d29c-4726-9816-c1ae4e4e4f1e', 'investment_status_changed', 'investment', '1eb636ff-a8d4-4d73-8b35-0aeb646e1af6', NULL, '1eb636ff-a8d4-4d73-8b35-0aeb646e1af6', NULL, '{"new_status": "w_planowaniu", "old_status": "czeka_na_wplate"}', '2026-05-01 10:42:04.325404+00'),
	('7fa2cffe-0b3e-4b71-9ec5-a3d7f1b88eb6', '5c5638be-d29c-4726-9816-c1ae4e4e4f1e', 'investment_status_changed', 'investment', '1eb636ff-a8d4-4d73-8b35-0aeb646e1af6', NULL, '1eb636ff-a8d4-4d73-8b35-0aeb646e1af6', NULL, '{"new_status": "w_realizacji", "old_status": "w_planowaniu"}', '2026-05-01 10:42:05.600548+00'),
	('9cbc7464-7087-4f0d-8c31-8d1cb73a7e63', '5c5638be-d29c-4726-9816-c1ae4e4e4f1e', 'task_bumped', 'task', 'fd2b1cb7-2dbe-4d93-943a-454766b602a9', 'fd2b1cb7-2dbe-4d93-943a-454766b602a9', NULL, 'Test test', '{}', '2026-05-01 10:44:41.477818+00'),
	('a63d3603-f736-4d4f-9520-2646d396b12d', '5c5638be-d29c-4726-9816-c1ae4e4e4f1e', 'task_bumped', 'task', 'fd2b1cb7-2dbe-4d93-943a-454766b602a9', 'fd2b1cb7-2dbe-4d93-943a-454766b602a9', NULL, 'Test test', '{}', '2026-05-01 10:44:43.301633+00'),
	('26ab02b0-9b3c-4c1d-add6-c4b951a11bc2', '5c5638be-d29c-4726-9816-c1ae4e4e4f1e', 'investment_created', 'investment', '1e4aaa1d-65a7-4aab-9d64-f9e8f02f8398', NULL, '1e4aaa1d-65a7-4aab-9d64-f9e8f02f8398', NULL, '{}', '2026-05-01 11:01:40.849788+00'),
	('3071023a-0900-4cfb-895e-de85abb798c1', '5c5638be-d29c-4726-9816-c1ae4e4e4f1e', 'investment_status_changed', 'investment', '1e4aaa1d-65a7-4aab-9d64-f9e8f02f8398', NULL, '1e4aaa1d-65a7-4aab-9d64-f9e8f02f8398', NULL, '{"new_status": "w_planowaniu", "old_status": "czeka_na_wplate"}', '2026-05-01 11:15:34.273978+00'),
	('20173b78-5864-4f7d-8d22-89c8f1e56aaa', '5c5638be-d29c-4726-9816-c1ae4e4e4f1e', 'investment_status_changed', 'investment', '1e4aaa1d-65a7-4aab-9d64-f9e8f02f8398', NULL, '1e4aaa1d-65a7-4aab-9d64-f9e8f02f8398', NULL, '{"new_status": "czeka_na_wplate", "old_status": "w_planowaniu"}', '2026-05-01 11:15:36.086721+00'),
	('3e9f3ee7-c01d-44fd-8ac5-04a8273a05ae', '79e6eb94-99a8-40df-9bcf-ca6b6a3697f1', 'task_created', 'task', '65b01f01-2ae6-40c5-ac0e-be2ea8f8ad02', '65b01f01-2ae6-40c5-ac0e-be2ea8f8ad02', NULL, 'Formularz do PDF gen', '{}', '2026-05-01 12:56:16.393515+00'),
	('7d8efe87-f6c1-4ebb-83de-a23e8c49d7c7', '5c5638be-d29c-4726-9816-c1ae4e4e4f1e', 'task_bumped', 'task', 'fd2b1cb7-2dbe-4d93-943a-454766b602a9', 'fd2b1cb7-2dbe-4d93-943a-454766b602a9', NULL, 'Test test', '{}', '2026-05-01 13:01:02.32989+00'),
	('9b0562e3-8546-4440-a934-13f6bb5b191d', '5c5638be-d29c-4726-9816-c1ae4e4e4f1e', 'task_bumped', 'task', 'fd2b1cb7-2dbe-4d93-943a-454766b602a9', 'fd2b1cb7-2dbe-4d93-943a-454766b602a9', NULL, 'Test test', '{}', '2026-05-01 13:01:08.387483+00'),
	('59c330be-f554-4493-a88a-b4711949d171', '5c5638be-d29c-4726-9816-c1ae4e4e4f1e', 'task_bumped', 'task', 'fd2b1cb7-2dbe-4d93-943a-454766b602a9', 'fd2b1cb7-2dbe-4d93-943a-454766b602a9', NULL, 'Test test', '{}', '2026-05-01 13:01:34.097085+00'),
	('ad4bf927-1cbb-4454-96c8-517c95fd4cab', '79e6eb94-99a8-40df-9bcf-ca6b6a3697f1', 'task_created', 'task', 'f672d918-9962-4d0b-a36d-98890b667423', 'f672d918-9962-4d0b-a36d-98890b667423', NULL, 'Hello world', '{}', '2026-05-01 13:01:41.679278+00'),
	('b8c0a5c9-5f96-4c7b-8945-5b6fd83e88f9', '5c5638be-d29c-4726-9816-c1ae4e4e4f1e', 'investment_created', 'investment', '684b6b02-bb49-4740-bfdc-b439371f2cc2', NULL, '684b6b02-bb49-4740-bfdc-b439371f2cc2', NULL, '{}', '2026-05-01 14:45:38.914126+00'),
	('b7576672-243b-4302-97f1-02463377ad67', '79e6eb94-99a8-40df-9bcf-ca6b6a3697f1', 'task_bumped', 'task', 'f672d918-9962-4d0b-a36d-98890b667423', 'f672d918-9962-4d0b-a36d-98890b667423', NULL, 'Hello world', '{}', '2026-05-01 15:13:27.786102+00'),
	('b2173202-da20-4e66-a7e9-98c1424ec7e5', '79e6eb94-99a8-40df-9bcf-ca6b6a3697f1', 'task_bumped', 'task', 'f672d918-9962-4d0b-a36d-98890b667423', 'f672d918-9962-4d0b-a36d-98890b667423', NULL, 'Hello world', '{}', '2026-05-01 15:39:49.112767+00'),
	('376fccf6-f955-4441-a4e3-0f3db9f62e50', '79e6eb94-99a8-40df-9bcf-ca6b6a3697f1', 'task_bumped', 'task', '65b01f01-2ae6-40c5-ac0e-be2ea8f8ad02', '65b01f01-2ae6-40c5-ac0e-be2ea8f8ad02', NULL, 'Formularz do PDF gen', '{}', '2026-05-01 15:59:59.213943+00'),
	('1877050e-5104-49c0-8366-bb97b4346f9d', '79e6eb94-99a8-40df-9bcf-ca6b6a3697f1', 'task_status_changed', 'task', '65b01f01-2ae6-40c5-ac0e-be2ea8f8ad02', '65b01f01-2ae6-40c5-ac0e-be2ea8f8ad02', NULL, NULL, '{"new_status": "w_trakcie", "old_status": "do_zrobienia"}', '2026-05-01 16:00:00.985299+00'),
	('b5945f71-5e7c-4b7d-93f1-52ddd9f4ad35', '79e6eb94-99a8-40df-9bcf-ca6b6a3697f1', 'task_status_changed', 'task', '65b01f01-2ae6-40c5-ac0e-be2ea8f8ad02', '65b01f01-2ae6-40c5-ac0e-be2ea8f8ad02', NULL, NULL, '{"new_status": "zrobione", "old_status": "w_trakcie"}', '2026-05-01 16:00:05.580086+00'),
	('207efd59-67ac-4133-bf1c-88d589139c5f', '79e6eb94-99a8-40df-9bcf-ca6b6a3697f1', 'task_status_changed', 'task', '65b01f01-2ae6-40c5-ac0e-be2ea8f8ad02', '65b01f01-2ae6-40c5-ac0e-be2ea8f8ad02', NULL, NULL, '{"new_status": "do_zrobienia", "old_status": "zrobione"}', '2026-05-01 16:00:17.471623+00'),
	('4bc14d85-9c8c-4836-8271-4ffda871e08b', '79e6eb94-99a8-40df-9bcf-ca6b6a3697f1', 'task_bumped', 'task', '65b01f01-2ae6-40c5-ac0e-be2ea8f8ad02', '65b01f01-2ae6-40c5-ac0e-be2ea8f8ad02', NULL, 'Formularz do PDF gen', '{}', '2026-05-01 16:00:18.515277+00'),
	('d4849a4a-de71-4c73-93ca-4346a493e290', '79e6eb94-99a8-40df-9bcf-ca6b6a3697f1', 'task_bumped', 'task', '65b01f01-2ae6-40c5-ac0e-be2ea8f8ad02', '65b01f01-2ae6-40c5-ac0e-be2ea8f8ad02', NULL, 'Formularz do PDF gen', '{}', '2026-05-01 16:00:19.249145+00'),
	('aab9e128-04ec-40b2-86cb-eea86ce3da21', '79e6eb94-99a8-40df-9bcf-ca6b6a3697f1', 'task_bumped', 'task', '65b01f01-2ae6-40c5-ac0e-be2ea8f8ad02', '65b01f01-2ae6-40c5-ac0e-be2ea8f8ad02', NULL, 'Formularz do PDF gen', '{}', '2026-05-01 16:00:19.946004+00'),
	('8e462295-9224-400d-8736-eb5658e6b51e', '79e6eb94-99a8-40df-9bcf-ca6b6a3697f1', 'task_bumped', 'task', '65b01f01-2ae6-40c5-ac0e-be2ea8f8ad02', '65b01f01-2ae6-40c5-ac0e-be2ea8f8ad02', NULL, 'Formularz do PDF gen', '{}', '2026-05-01 16:00:20.616929+00'),
	('c82b2d33-2287-4f0f-94a8-02c4bc648af4', '79e6eb94-99a8-40df-9bcf-ca6b6a3697f1', 'task_bumped', 'task', '65b01f01-2ae6-40c5-ac0e-be2ea8f8ad02', '65b01f01-2ae6-40c5-ac0e-be2ea8f8ad02', NULL, 'Formularz do PDF gen', '{}', '2026-05-01 16:00:21.297427+00'),
	('edf6b84e-717e-412e-870f-92fb54742d57', '79e6eb94-99a8-40df-9bcf-ca6b6a3697f1', 'task_bumped', 'task', '65b01f01-2ae6-40c5-ac0e-be2ea8f8ad02', '65b01f01-2ae6-40c5-ac0e-be2ea8f8ad02', NULL, 'Formularz do PDF gen', '{}', '2026-05-01 16:02:19.714477+00'),
	('f71219f0-2bb3-43c6-b693-503e64c5fd54', '79e6eb94-99a8-40df-9bcf-ca6b6a3697f1', 'task_bumped', 'task', '65b01f01-2ae6-40c5-ac0e-be2ea8f8ad02', '65b01f01-2ae6-40c5-ac0e-be2ea8f8ad02', NULL, 'Formularz do PDF gen', '{}', '2026-05-01 16:02:30.773905+00'),
	('6dba6eb2-7dfd-460b-8b48-ee8843fa7226', '79e6eb94-99a8-40df-9bcf-ca6b6a3697f1', 'task_bumped', 'task', '65b01f01-2ae6-40c5-ac0e-be2ea8f8ad02', '65b01f01-2ae6-40c5-ac0e-be2ea8f8ad02', NULL, 'Formularz do PDF gen', '{}', '2026-05-01 16:02:41.921486+00'),
	('11ff93ba-ef99-4e6a-b7c9-c128b1cf9473', '79e6eb94-99a8-40df-9bcf-ca6b6a3697f1', 'task_bumped', 'task', '65b01f01-2ae6-40c5-ac0e-be2ea8f8ad02', '65b01f01-2ae6-40c5-ac0e-be2ea8f8ad02', NULL, 'Formularz do PDF gen', '{}', '2026-05-01 16:09:56.749122+00'),
	('71db37ea-4ec0-4974-a453-a3ba62bb4822', '5c5638be-d29c-4726-9816-c1ae4e4e4f1e', 'task_bumped', 'task', 'fd2b1cb7-2dbe-4d93-943a-454766b602a9', 'fd2b1cb7-2dbe-4d93-943a-454766b602a9', NULL, 'Test test', '{}', '2026-05-01 16:28:29.287758+00'),
	('1b5c5956-6533-4b49-af70-5c5f0ba3fd94', '79e6eb94-99a8-40df-9bcf-ca6b6a3697f1', 'task_bumped', 'task', '65b01f01-2ae6-40c5-ac0e-be2ea8f8ad02', '65b01f01-2ae6-40c5-ac0e-be2ea8f8ad02', NULL, 'Formularz do PDF gen', '{}', '2026-05-01 16:28:37.328821+00'),
	('1a1a92c3-8f72-4521-9944-f0a889f2e82f', '79e6eb94-99a8-40df-9bcf-ca6b6a3697f1', 'task_bumped', 'task', '65b01f01-2ae6-40c5-ac0e-be2ea8f8ad02', '65b01f01-2ae6-40c5-ac0e-be2ea8f8ad02', NULL, 'Formularz do PDF gen', '{}', '2026-05-01 17:01:46.533386+00'),
	('870f1e08-d6e1-475a-b273-6f6d044d86b8', '79e6eb94-99a8-40df-9bcf-ca6b6a3697f1', 'task_bumped', 'task', '65b01f01-2ae6-40c5-ac0e-be2ea8f8ad02', '65b01f01-2ae6-40c5-ac0e-be2ea8f8ad02', NULL, 'Formularz do PDF gen', '{}', '2026-05-01 17:01:48.032585+00'),
	('9457e7c4-3ce2-4a23-986a-6e7236d3b7e4', '79e6eb94-99a8-40df-9bcf-ca6b6a3697f1', 'task_bumped', 'task', '65b01f01-2ae6-40c5-ac0e-be2ea8f8ad02', '65b01f01-2ae6-40c5-ac0e-be2ea8f8ad02', NULL, 'Formularz do PDF gen', '{}', '2026-05-01 17:01:48.851869+00'),
	('f1541aed-e0ad-4fbc-a3c8-21e372a7fcba', '79e6eb94-99a8-40df-9bcf-ca6b6a3697f1', 'task_bumped', 'task', '65b01f01-2ae6-40c5-ac0e-be2ea8f8ad02', '65b01f01-2ae6-40c5-ac0e-be2ea8f8ad02', NULL, 'Formularz do PDF gen', '{}', '2026-05-01 17:01:49.468001+00'),
	('ea6f0d91-c780-4368-87b1-6173116a14e7', '79e6eb94-99a8-40df-9bcf-ca6b6a3697f1', 'task_bumped', 'task', '65b01f01-2ae6-40c5-ac0e-be2ea8f8ad02', '65b01f01-2ae6-40c5-ac0e-be2ea8f8ad02', NULL, 'Formularz do PDF gen', '{}', '2026-05-01 17:01:50.017768+00'),
	('e4911703-8fc4-4b80-a593-5b6d6db6cbca', '79e6eb94-99a8-40df-9bcf-ca6b6a3697f1', 'task_bumped', 'task', '65b01f01-2ae6-40c5-ac0e-be2ea8f8ad02', '65b01f01-2ae6-40c5-ac0e-be2ea8f8ad02', NULL, 'Formularz do PDF gen', '{}', '2026-05-01 17:01:50.476255+00'),
	('658ff65d-062f-44db-8483-25533ca606d5', '79e6eb94-99a8-40df-9bcf-ca6b6a3697f1', 'task_bumped', 'task', '65b01f01-2ae6-40c5-ac0e-be2ea8f8ad02', '65b01f01-2ae6-40c5-ac0e-be2ea8f8ad02', NULL, 'Formularz do PDF gen', '{}', '2026-05-01 17:01:50.870655+00'),
	('84b81e66-6923-4973-a25f-1de11340935f', '79e6eb94-99a8-40df-9bcf-ca6b6a3697f1', 'task_bumped', 'task', '65b01f01-2ae6-40c5-ac0e-be2ea8f8ad02', '65b01f01-2ae6-40c5-ac0e-be2ea8f8ad02', NULL, 'Formularz do PDF gen', '{}', '2026-05-01 17:01:51.654612+00'),
	('06abb714-4042-4c4b-ace2-706e8a6ff78e', '79e6eb94-99a8-40df-9bcf-ca6b6a3697f1', 'task_bumped', 'task', '65b01f01-2ae6-40c5-ac0e-be2ea8f8ad02', '65b01f01-2ae6-40c5-ac0e-be2ea8f8ad02', NULL, 'Formularz do PDF gen', '{}', '2026-05-01 17:05:59.622362+00'),
	('d7cd25bf-eb75-43d5-a8ce-66bdac3cd4c6', '79e6eb94-99a8-40df-9bcf-ca6b6a3697f1', 'task_bumped', 'task', '65b01f01-2ae6-40c5-ac0e-be2ea8f8ad02', '65b01f01-2ae6-40c5-ac0e-be2ea8f8ad02', NULL, 'Formularz do PDF gen', '{}', '2026-05-01 19:47:34.152785+00'),
	('1e862f9e-0935-4e2a-8f1f-0341cb4b5fc4', '79e6eb94-99a8-40df-9bcf-ca6b6a3697f1', 'task_bumped', 'task', '65b01f01-2ae6-40c5-ac0e-be2ea8f8ad02', '65b01f01-2ae6-40c5-ac0e-be2ea8f8ad02', NULL, 'Formularz do PDF gen', '{}', '2026-05-01 19:47:34.784933+00'),
	('0f6cc72a-5ccf-47d6-9eda-6ff7f84f3fc4', '79e6eb94-99a8-40df-9bcf-ca6b6a3697f1', 'task_bumped', 'task', '65b01f01-2ae6-40c5-ac0e-be2ea8f8ad02', '65b01f01-2ae6-40c5-ac0e-be2ea8f8ad02', NULL, 'Formularz do PDF gen', '{}', '2026-05-01 19:47:35.461877+00'),
	('7334ed2e-7bbe-4491-8677-30d3e22b4b01', '79e6eb94-99a8-40df-9bcf-ca6b6a3697f1', 'task_bumped', 'task', '65b01f01-2ae6-40c5-ac0e-be2ea8f8ad02', '65b01f01-2ae6-40c5-ac0e-be2ea8f8ad02', NULL, 'Formularz do PDF gen', '{}', '2026-05-01 19:47:38.108606+00'),
	('5d9b2800-e1ae-41df-99d5-4e5ceb41e92c', '79e6eb94-99a8-40df-9bcf-ca6b6a3697f1', 'task_comment_added', 'task', '65b01f01-2ae6-40c5-ac0e-be2ea8f8ad02', '65b01f01-2ae6-40c5-ac0e-be2ea8f8ad02', NULL, 'Nie spac', '{"comment_id": "d2958eff-0488-411c-8031-5870d1624dfc"}', '2026-05-01 19:47:52.327458+00'),
	('35e53ace-eb30-4530-b801-13f5cbaebb97', '79e6eb94-99a8-40df-9bcf-ca6b6a3697f1', 'task_bumped', 'task', '65b01f01-2ae6-40c5-ac0e-be2ea8f8ad02', '65b01f01-2ae6-40c5-ac0e-be2ea8f8ad02', NULL, 'Formularz do PDF gen', '{}', '2026-05-01 19:47:53.479904+00'),
	('aa487f52-c73f-415c-8115-3826fbdc6664', '79e6eb94-99a8-40df-9bcf-ca6b6a3697f1', 'task_bumped', 'task', '65b01f01-2ae6-40c5-ac0e-be2ea8f8ad02', '65b01f01-2ae6-40c5-ac0e-be2ea8f8ad02', NULL, 'Formularz do PDF gen', '{}', '2026-05-01 19:47:36.148682+00'),
	('c7d6a876-3182-4135-b820-d6f2ce93a1b5', '79e6eb94-99a8-40df-9bcf-ca6b6a3697f1', 'task_bumped', 'task', '65b01f01-2ae6-40c5-ac0e-be2ea8f8ad02', '65b01f01-2ae6-40c5-ac0e-be2ea8f8ad02', NULL, 'Formularz do PDF gen', '{}', '2026-05-01 19:47:37.454603+00'),
	('f85c87d4-dcef-4c6e-b16f-355d9facc2e0', '79e6eb94-99a8-40df-9bcf-ca6b6a3697f1', 'task_comment_added', 'task', '65b01f01-2ae6-40c5-ac0e-be2ea8f8ad02', '65b01f01-2ae6-40c5-ac0e-be2ea8f8ad02', NULL, 'Hello!!!!!', '{"comment_id": "787e41c0-d04e-4f80-9184-0673ad30a0df"}', '2026-05-01 19:47:43.09911+00'),
	('6e348c84-0762-42d9-82dd-9cb1949c01cc', '5c5638be-d29c-4726-9816-c1ae4e4e4f1e', 'task_comment_added', 'task', '65b01f01-2ae6-40c5-ac0e-be2ea8f8ad02', '65b01f01-2ae6-40c5-ac0e-be2ea8f8ad02', NULL, 'Ale zajbiestabjest ta funkcja w tej apce', '{"comment_id": "ecc2c9ba-abb8-4764-a4dd-62b3925b34a3"}', '2026-05-01 19:49:30.418232+00'),
	('7bc4ef2d-cac1-49f9-9e42-7963cd30ca7e', '79e6eb94-99a8-40df-9bcf-ca6b6a3697f1', 'task_comment_added', 'task', '65b01f01-2ae6-40c5-ac0e-be2ea8f8ad02', '65b01f01-2ae6-40c5-ac0e-be2ea8f8ad02', NULL, 'Przepraszam hahaha. Nie chciałem obudzić', '{"comment_id": "c1901121-2dfa-4018-ba89-3855ddb73cc0"}', '2026-05-01 19:49:45.986102+00'),
	('cb655435-0211-49c4-86fe-9a8eabcb9725', '79e6eb94-99a8-40df-9bcf-ca6b6a3697f1', 'task_bumped', 'task', '65b01f01-2ae6-40c5-ac0e-be2ea8f8ad02', '65b01f01-2ae6-40c5-ac0e-be2ea8f8ad02', NULL, 'Formularz do PDF gen', '{}', '2026-05-01 19:47:36.813567+00'),
	('30c5988f-f820-4f46-bbed-d8858b90ee97', '79e6eb94-99a8-40df-9bcf-ca6b6a3697f1', 'task_bumped', 'task', '65b01f01-2ae6-40c5-ac0e-be2ea8f8ad02', '65b01f01-2ae6-40c5-ac0e-be2ea8f8ad02', NULL, 'Formularz do PDF gen', '{}', '2026-05-01 19:47:38.762314+00'),
	('6a57f2fc-5fd4-439f-9d6f-38fc52c16208', '79e6eb94-99a8-40df-9bcf-ca6b6a3697f1', 'task_comment_added', 'task', '65b01f01-2ae6-40c5-ac0e-be2ea8f8ad02', '65b01f01-2ae6-40c5-ac0e-be2ea8f8ad02', NULL, 'Plik jest pusty', '{"comment_id": "d32ae78a-148d-469c-843a-b97d6b6e6e3c"}', '2026-05-01 19:47:47.33414+00'),
	('197e8cad-809c-4e58-8828-50ac54324749', '5c5638be-d29c-4726-9816-c1ae4e4e4f1e', 'task_status_changed', 'task', '65b01f01-2ae6-40c5-ac0e-be2ea8f8ad02', '65b01f01-2ae6-40c5-ac0e-be2ea8f8ad02', NULL, NULL, '{"new_status": "w_trakcie", "old_status": "do_zrobienia"}', '2026-05-01 19:48:19.983442+00'),
	('b3e07feb-6352-4904-bda6-18110e3b4fb2', '5c5638be-d29c-4726-9816-c1ae4e4e4f1e', 'task_comment_added', 'task', '65b01f01-2ae6-40c5-ac0e-be2ea8f8ad02', '65b01f01-2ae6-40c5-ac0e-be2ea8f8ad02', NULL, 'Niemożliwe', '{"comment_id": "ea1ffa14-9206-458e-a87c-a9de0a1aeb4d"}', '2026-05-01 19:48:37.037554+00'),
	('6c09f645-b114-4e56-87cd-11c2d04252e5', '79e6eb94-99a8-40df-9bcf-ca6b6a3697f1', 'task_comment_added', 'task', '65b01f01-2ae6-40c5-ac0e-be2ea8f8ad02', '65b01f01-2ae6-40c5-ac0e-be2ea8f8ad02', NULL, 'A jednak', '{"comment_id": "bdbf6e01-2e1a-467e-9cdc-fba3c0065520"}', '2026-05-01 19:48:45.946143+00'),
	('4f11af1d-e608-4347-9e3d-efecc9b0093b', '5c5638be-d29c-4726-9816-c1ae4e4e4f1e', 'task_comment_added', 'task', '65b01f01-2ae6-40c5-ac0e-be2ea8f8ad02', '65b01f01-2ae6-40c5-ac0e-be2ea8f8ad02', NULL, 'Obczaję niedługo 🥱', '{"comment_id": "b1ea18d0-0306-47e6-a9cb-77c111388981"}', '2026-05-01 19:48:48.598745+00'),
	('ea1ee206-a815-4b76-bc9b-c32b331b43e8', '5c5638be-d29c-4726-9816-c1ae4e4e4f1e', 'task_comment_added', 'task', '65b01f01-2ae6-40c5-ac0e-be2ea8f8ad02', '65b01f01-2ae6-40c5-ac0e-be2ea8f8ad02', NULL, 'Obudziłeś mnie hah', '{"comment_id": "30fbfec3-676e-4393-832e-cefc02e4ab41"}', '2026-05-01 19:48:58.070297+00'),
	('907ce9f7-6c3b-4670-bbc6-f56928a9cbc5', '79e6eb94-99a8-40df-9bcf-ca6b6a3697f1', 'task_comment_added', 'task', '65b01f01-2ae6-40c5-ac0e-be2ea8f8ad02', '65b01f01-2ae6-40c5-ac0e-be2ea8f8ad02', NULL, 'Leć spać. To mały task. Ja też już się kładę', '{"comment_id": "03014604-8d06-4580-b686-ac77fda5a1cd"}', '2026-05-01 19:49:01.706591+00'),
	('dcd9a78f-ee05-48d7-b0d4-fd59ffdec6ec', '5c5638be-d29c-4726-9816-c1ae4e4e4f1e', 'task_comment_added', 'task', '65b01f01-2ae6-40c5-ac0e-be2ea8f8ad02', '65b01f01-2ae6-40c5-ac0e-be2ea8f8ad02', NULL, 'Spoko', '{"comment_id": "e5f1da0c-f0ac-4155-92b4-f72eacd41e59"}', '2026-05-01 19:49:14.926959+00'),
	('edd4c3fc-9bd2-4363-97e5-db90013387ac', '5c5638be-d29c-4726-9816-c1ae4e4e4f1e', 'task_created', 'task', '5c9c0b27-7876-4d94-b07c-c22897eb5206', '5c9c0b27-7876-4d94-b07c-c22897eb5206', NULL, 'Jestem', '{}', '2026-05-02 06:28:04.982696+00'),
	('15cfa219-0580-4435-840d-2dd9c335fbdf', '5c5638be-d29c-4726-9816-c1ae4e4e4f1e', 'task_bumped', 'task', '5c9c0b27-7876-4d94-b07c-c22897eb5206', '5c9c0b27-7876-4d94-b07c-c22897eb5206', NULL, 'Jestem', '{}', '2026-05-02 06:28:08.830807+00'),
	('fb77cf2a-3364-45fd-9248-c081a9683dfb', '5c5638be-d29c-4726-9816-c1ae4e4e4f1e', 'task_bumped', 'task', '5c9c0b27-7876-4d94-b07c-c22897eb5206', '5c9c0b27-7876-4d94-b07c-c22897eb5206', NULL, 'Jestem', '{}', '2026-05-02 06:28:09.736917+00'),
	('8bf653eb-103f-41ba-9a50-c08687b23f0d', '5c5638be-d29c-4726-9816-c1ae4e4e4f1e', 'task_bumped', 'task', '5c9c0b27-7876-4d94-b07c-c22897eb5206', '5c9c0b27-7876-4d94-b07c-c22897eb5206', NULL, 'Jestem', '{}', '2026-05-02 06:28:10.499963+00'),
	('d55d3881-7ae6-45e7-b118-b757c0d4e8d9', '5c5638be-d29c-4726-9816-c1ae4e4e4f1e', 'task_bumped', 'task', '5c9c0b27-7876-4d94-b07c-c22897eb5206', '5c9c0b27-7876-4d94-b07c-c22897eb5206', NULL, 'Jestem', '{}', '2026-05-02 06:28:11.310188+00'),
	('ea5a2245-3a91-4e6b-ad1b-b996c5e5f6f5', '5c5638be-d29c-4726-9816-c1ae4e4e4f1e', 'task_bumped', 'task', '5c9c0b27-7876-4d94-b07c-c22897eb5206', '5c9c0b27-7876-4d94-b07c-c22897eb5206', NULL, 'Jestem', '{}', '2026-05-02 06:28:13.192894+00'),
	('9dcd5807-8ab8-4e62-a8e4-a14ec8a61bcc', '5c5638be-d29c-4726-9816-c1ae4e4e4f1e', 'task_status_changed', 'task', '5c9c0b27-7876-4d94-b07c-c22897eb5206', '5c9c0b27-7876-4d94-b07c-c22897eb5206', NULL, NULL, '{"new_status": "w_trakcie", "old_status": "do_zrobienia"}', '2026-05-02 06:28:14.009358+00'),
	('8e91ec90-a931-48a3-9a5c-8e1f954317fb', '5c5638be-d29c-4726-9816-c1ae4e4e4f1e', 'task_bumped', 'task', '5c9c0b27-7876-4d94-b07c-c22897eb5206', '5c9c0b27-7876-4d94-b07c-c22897eb5206', NULL, 'Jestem', '{}', '2026-05-02 06:28:14.781541+00'),
	('6ffc7c0e-fdd7-4326-9d0f-1e3dc1831c21', '9012ec6c-b061-45ff-be1b-c96018f5b251', 'task_bumped', 'task', '55bfc3e5-fb53-43c9-987a-130f23d3b7dd', '55bfc3e5-fb53-43c9-987a-130f23d3b7dd', NULL, 'Kompletna oferta domu', '{}', '2026-05-02 12:00:55.077152+00'),
	('70eb3dfb-3204-43ad-a22d-0f1b5b44834b', '9012ec6c-b061-45ff-be1b-c96018f5b251', 'task_bumped', 'task', '55bfc3e5-fb53-43c9-987a-130f23d3b7dd', '55bfc3e5-fb53-43c9-987a-130f23d3b7dd', NULL, 'Kompletna oferta domu', '{}', '2026-05-02 12:00:56.003411+00'),
	('f30d57ef-e8ef-4f59-97cb-871d5782c924', '9012ec6c-b061-45ff-be1b-c96018f5b251', 'task_bumped', 'task', '55bfc3e5-fb53-43c9-987a-130f23d3b7dd', '55bfc3e5-fb53-43c9-987a-130f23d3b7dd', NULL, 'Kompletna oferta domu', '{}', '2026-05-02 12:00:57.450406+00'),
	('06a1c704-87f8-4725-bf04-2dc31f50311d', '9012ec6c-b061-45ff-be1b-c96018f5b251', 'task_bumped', 'task', '55bfc3e5-fb53-43c9-987a-130f23d3b7dd', '55bfc3e5-fb53-43c9-987a-130f23d3b7dd', NULL, 'Kompletna oferta domu', '{}', '2026-05-02 12:00:59.998207+00'),
	('15976f08-89bb-4cd5-9d85-bb8dfebc92c8', '9012ec6c-b061-45ff-be1b-c96018f5b251', 'task_bumped', 'task', '55bfc3e5-fb53-43c9-987a-130f23d3b7dd', '55bfc3e5-fb53-43c9-987a-130f23d3b7dd', NULL, 'Kompletna oferta domu', '{}', '2026-05-02 12:01:00.502774+00'),
	('29c5113c-e51b-4392-9f33-e2f36e27a8f0', '9012ec6c-b061-45ff-be1b-c96018f5b251', 'task_bumped', 'task', '55bfc3e5-fb53-43c9-987a-130f23d3b7dd', '55bfc3e5-fb53-43c9-987a-130f23d3b7dd', NULL, 'Kompletna oferta domu', '{}', '2026-05-02 12:01:01.298925+00'),
	('4cfc07fe-8902-4a45-84e1-a57deba5c9e7', '9012ec6c-b061-45ff-be1b-c96018f5b251', 'task_bumped', 'task', '55bfc3e5-fb53-43c9-987a-130f23d3b7dd', '55bfc3e5-fb53-43c9-987a-130f23d3b7dd', NULL, 'Kompletna oferta domu', '{}', '2026-05-02 12:01:03.032093+00'),
	('e7d7385a-d87a-451c-91b1-846ba8f886e0', '9012ec6c-b061-45ff-be1b-c96018f5b251', 'task_bumped', 'task', '55bfc3e5-fb53-43c9-987a-130f23d3b7dd', '55bfc3e5-fb53-43c9-987a-130f23d3b7dd', NULL, 'Kompletna oferta domu', '{}', '2026-05-02 12:01:04.218364+00'),
	('5ab796e5-30e2-4f17-be2c-2cc91416b0dc', '9012ec6c-b061-45ff-be1b-c96018f5b251', 'task_bumped', 'task', '55bfc3e5-fb53-43c9-987a-130f23d3b7dd', '55bfc3e5-fb53-43c9-987a-130f23d3b7dd', NULL, 'Kompletna oferta domu', '{}', '2026-05-02 12:01:05.751663+00'),
	('358e1002-86c5-48c1-b9c5-d9ab78b45abb', '9012ec6c-b061-45ff-be1b-c96018f5b251', 'task_bumped', 'task', '55bfc3e5-fb53-43c9-987a-130f23d3b7dd', '55bfc3e5-fb53-43c9-987a-130f23d3b7dd', NULL, 'Kompletna oferta domu', '{}', '2026-05-02 12:01:06.88671+00'),
	('6430d3c8-f3db-4eef-93ca-fea3fe2b20b3', '9012ec6c-b061-45ff-be1b-c96018f5b251', 'task_bumped', 'task', '55bfc3e5-fb53-43c9-987a-130f23d3b7dd', '55bfc3e5-fb53-43c9-987a-130f23d3b7dd', NULL, 'Kompletna oferta domu', '{}', '2026-05-02 12:01:08.024118+00'),
	('f38b80ae-f501-4fcd-9c29-0969bbdb0b9b', '9012ec6c-b061-45ff-be1b-c96018f5b251', 'task_bumped', 'task', '55bfc3e5-fb53-43c9-987a-130f23d3b7dd', '55bfc3e5-fb53-43c9-987a-130f23d3b7dd', NULL, 'Kompletna oferta domu', '{}', '2026-05-02 12:01:21.984716+00'),
	('e1b78f1b-e034-4ee3-8ba3-6631a9d9c6d1', '9012ec6c-b061-45ff-be1b-c96018f5b251', 'task_bumped', 'task', '55bfc3e5-fb53-43c9-987a-130f23d3b7dd', '55bfc3e5-fb53-43c9-987a-130f23d3b7dd', NULL, 'Kompletna oferta domu', '{}', '2026-05-02 12:01:23.612848+00'),
	('5fb06180-87cf-4a58-a4e7-85c1ae2a824b', '9012ec6c-b061-45ff-be1b-c96018f5b251', 'task_bumped', 'task', '55bfc3e5-fb53-43c9-987a-130f23d3b7dd', '55bfc3e5-fb53-43c9-987a-130f23d3b7dd', NULL, 'Kompletna oferta domu', '{}', '2026-05-02 12:01:24.986607+00'),
	('956bd5bd-a29f-4a36-b88f-a93141299941', '9012ec6c-b061-45ff-be1b-c96018f5b251', 'task_bumped', 'task', '55bfc3e5-fb53-43c9-987a-130f23d3b7dd', '55bfc3e5-fb53-43c9-987a-130f23d3b7dd', NULL, 'Kompletna oferta domu', '{}', '2026-05-02 12:01:25.652759+00'),
	('dfd8bd53-ff1c-41aa-abc3-6c698008175d', '9012ec6c-b061-45ff-be1b-c96018f5b251', 'task_bumped', 'task', '55bfc3e5-fb53-43c9-987a-130f23d3b7dd', '55bfc3e5-fb53-43c9-987a-130f23d3b7dd', NULL, 'Kompletna oferta domu', '{}', '2026-05-02 12:01:26.465548+00'),
	('24832a61-37a8-4fe0-9b68-6dc159badbed', '9012ec6c-b061-45ff-be1b-c96018f5b251', 'task_bumped', 'task', '55bfc3e5-fb53-43c9-987a-130f23d3b7dd', '55bfc3e5-fb53-43c9-987a-130f23d3b7dd', NULL, 'Kompletna oferta domu', '{}', '2026-05-02 12:01:27.028154+00'),
	('fc484b0a-5551-466d-a58d-5308b0c39d43', '9012ec6c-b061-45ff-be1b-c96018f5b251', 'task_bumped', 'task', '55bfc3e5-fb53-43c9-987a-130f23d3b7dd', '55bfc3e5-fb53-43c9-987a-130f23d3b7dd', NULL, 'Kompletna oferta domu', '{}', '2026-05-02 12:01:27.696372+00'),
	('be8fe81e-1f90-415d-994b-14442495bb2b', '79e6eb94-99a8-40df-9bcf-ca6b6a3697f1', 'task_status_changed', 'task', '65b01f01-2ae6-40c5-ac0e-be2ea8f8ad02', '65b01f01-2ae6-40c5-ac0e-be2ea8f8ad02', NULL, NULL, '{"new_status": "zrobione", "old_status": "w_trakcie"}', '2026-05-02 18:13:03.366517+00'),
	('0f8ded47-aa66-4957-8215-5f80bdf5499d', '79e6eb94-99a8-40df-9bcf-ca6b6a3697f1', 'task_status_changed', 'task', 'f672d918-9962-4d0b-a36d-98890b667423', 'f672d918-9962-4d0b-a36d-98890b667423', NULL, NULL, '{"new_status": "zrobione", "old_status": "do_zrobienia"}', '2026-05-02 18:13:16.586231+00'),
	('dae9b6dd-7909-44c2-8b99-0bf524dc5869', '79e6eb94-99a8-40df-9bcf-ca6b6a3697f1', 'task_created', 'task', 'cb4a809c-33bf-4d03-9976-76779741e105', 'cb4a809c-33bf-4d03-9976-76779741e105', NULL, 'Wypełnić formularz na Pdfgen.pl', '{}', '2026-05-02 20:54:46.519148+00'),
	('564296aa-2514-4947-ad60-bd870a8599bb', '5c5638be-d29c-4726-9816-c1ae4e4e4f1e', 'task_comment_added', 'task', 'cb4a809c-33bf-4d03-9976-76779741e105', 'cb4a809c-33bf-4d03-9976-76779741e105', NULL, 'Powoli', '{"comment_id": "47b88704-dbec-4317-864d-4f696241e256"}', '2026-05-02 22:38:11.603407+00'),
	('ac0328cf-1220-41e5-9306-1885ee8c613c', '5c5638be-d29c-4726-9816-c1ae4e4e4f1e', 'task_comment_added', 'task', 'cb4a809c-33bf-4d03-9976-76779741e105', 'cb4a809c-33bf-4d03-9976-76779741e105', NULL, 'Jestem', '{"comment_id": "0632ce11-54a0-4729-aeef-eee9db25147b"}', '2026-05-03 07:19:26.956631+00'),
	('e37abd99-53b4-431d-a430-d649bf01b4d6', '5c5638be-d29c-4726-9816-c1ae4e4e4f1e', 'task_bumped', 'task', '5c9c0b27-7876-4d94-b07c-c22897eb5206', '5c9c0b27-7876-4d94-b07c-c22897eb5206', NULL, 'Jestem', '{}', '2026-05-03 07:20:18.653546+00'),
	('7c7e33ab-ed73-4101-a506-b1bc9e85b810', '5c5638be-d29c-4726-9816-c1ae4e4e4f1e', 'task_bumped', 'task', '5c9c0b27-7876-4d94-b07c-c22897eb5206', '5c9c0b27-7876-4d94-b07c-c22897eb5206', NULL, 'Jestem', '{}', '2026-05-03 07:20:19.704034+00'),
	('1156905a-7f68-4c14-a2dd-4a1f69d9f049', '5c5638be-d29c-4726-9816-c1ae4e4e4f1e', 'task_bumped', 'task', '5c9c0b27-7876-4d94-b07c-c22897eb5206', '5c9c0b27-7876-4d94-b07c-c22897eb5206', NULL, 'Jestem', '{}', '2026-05-03 07:20:20.531381+00'),
	('37cf162e-1558-47af-adff-6f528fd323f5', '5c5638be-d29c-4726-9816-c1ae4e4e4f1e', 'task_bumped', 'task', '5c9c0b27-7876-4d94-b07c-c22897eb5206', '5c9c0b27-7876-4d94-b07c-c22897eb5206', NULL, 'Jestem', '{}', '2026-05-03 07:20:21.407232+00'),
	('84e19996-e7be-40c6-8aa4-227134286b74', '5c5638be-d29c-4726-9816-c1ae4e4e4f1e', 'task_bumped', 'task', '5c9c0b27-7876-4d94-b07c-c22897eb5206', '5c9c0b27-7876-4d94-b07c-c22897eb5206', NULL, 'Jestem', '{}', '2026-05-03 07:20:22.285125+00'),
	('54ca7c1a-7fb0-4f37-8921-af38980c7e96', '5c5638be-d29c-4726-9816-c1ae4e4e4f1e', 'task_bumped', 'task', '5c9c0b27-7876-4d94-b07c-c22897eb5206', '5c9c0b27-7876-4d94-b07c-c22897eb5206', NULL, 'Jestem', '{}', '2026-05-03 07:20:23.107701+00'),
	('4310056f-1b21-4ab4-ae31-4673188131b9', '5c5638be-d29c-4726-9816-c1ae4e4e4f1e', 'task_bumped', 'task', '5c9c0b27-7876-4d94-b07c-c22897eb5206', '5c9c0b27-7876-4d94-b07c-c22897eb5206', NULL, 'Jestem', '{}', '2026-05-03 07:20:24.63914+00'),
	('80712ac8-4132-4321-8212-a99e12e5edb2', '5c5638be-d29c-4726-9816-c1ae4e4e4f1e', 'task_bumped', 'task', '5c9c0b27-7876-4d94-b07c-c22897eb5206', '5c9c0b27-7876-4d94-b07c-c22897eb5206', NULL, 'Jestem', '{}', '2026-05-03 07:20:25.527072+00'),
	('661b6154-f274-46df-88f1-4677d169f4ea', '5c5638be-d29c-4726-9816-c1ae4e4e4f1e', 'task_bumped', 'task', '5c9c0b27-7876-4d94-b07c-c22897eb5206', '5c9c0b27-7876-4d94-b07c-c22897eb5206', NULL, 'Jestem', '{}', '2026-05-03 07:20:26.806906+00'),
	('5bae6180-4d6c-4f57-b328-4c2d6cc7eb7b', '5c5638be-d29c-4726-9816-c1ae4e4e4f1e', 'task_bumped', 'task', '5c9c0b27-7876-4d94-b07c-c22897eb5206', '5c9c0b27-7876-4d94-b07c-c22897eb5206', NULL, 'Jestem', '{}', '2026-05-03 07:20:27.738767+00'),
	('0da3093e-98c2-4af3-93d3-5ca261dda585', '5c5638be-d29c-4726-9816-c1ae4e4e4f1e', 'task_bumped', 'task', '5c9c0b27-7876-4d94-b07c-c22897eb5206', '5c9c0b27-7876-4d94-b07c-c22897eb5206', NULL, 'Jestem', '{}', '2026-05-03 07:20:28.599348+00'),
	('0e0ab0a1-4f90-4397-ae3a-f48a5148bada', '5c5638be-d29c-4726-9816-c1ae4e4e4f1e', 'task_bumped', 'task', '5c9c0b27-7876-4d94-b07c-c22897eb5206', '5c9c0b27-7876-4d94-b07c-c22897eb5206', NULL, 'Jestem', '{}', '2026-05-03 07:20:29.357879+00'),
	('3fca6672-db3a-47ff-8690-ab178e732ec8', '5c5638be-d29c-4726-9816-c1ae4e4e4f1e', 'task_bumped', 'task', '5c9c0b27-7876-4d94-b07c-c22897eb5206', '5c9c0b27-7876-4d94-b07c-c22897eb5206', NULL, 'Jestem', '{}', '2026-05-03 07:20:30.232731+00'),
	('592c48ca-d421-4b6d-93fe-c315a46ea91e', '5c5638be-d29c-4726-9816-c1ae4e4e4f1e', 'task_bumped', 'task', '5c9c0b27-7876-4d94-b07c-c22897eb5206', '5c9c0b27-7876-4d94-b07c-c22897eb5206', NULL, 'Jestem', '{}', '2026-05-03 07:20:31.069469+00'),
	('a976d75f-b932-4a31-80c9-c8abcb2bc51f', '5c5638be-d29c-4726-9816-c1ae4e4e4f1e', 'task_bumped', 'task', '5c9c0b27-7876-4d94-b07c-c22897eb5206', '5c9c0b27-7876-4d94-b07c-c22897eb5206', NULL, 'Jestem', '{}', '2026-05-03 07:20:31.861858+00'),
	('ad045632-5fff-486a-ab9b-ed31388b2866', '5c5638be-d29c-4726-9816-c1ae4e4e4f1e', 'task_bumped', 'task', '5c9c0b27-7876-4d94-b07c-c22897eb5206', '5c9c0b27-7876-4d94-b07c-c22897eb5206', NULL, 'Jestem', '{}', '2026-05-03 07:20:32.551898+00'),
	('8a76892b-12d5-4001-99d4-2ba91efe5e39', '5c5638be-d29c-4726-9816-c1ae4e4e4f1e', 'task_bumped', 'task', '5c9c0b27-7876-4d94-b07c-c22897eb5206', '5c9c0b27-7876-4d94-b07c-c22897eb5206', NULL, 'Jestem', '{}', '2026-05-03 07:20:33.305697+00'),
	('d8fc2991-10d0-4e62-b231-d7ef9b68a5fe', '5c5638be-d29c-4726-9816-c1ae4e4e4f1e', 'task_bumped', 'task', '5c9c0b27-7876-4d94-b07c-c22897eb5206', '5c9c0b27-7876-4d94-b07c-c22897eb5206', NULL, 'Jestem', '{}', '2026-05-03 07:20:34.143732+00'),
	('95d5bdd6-272e-4d8e-901e-47e001c01012', '5c5638be-d29c-4726-9816-c1ae4e4e4f1e', 'task_bumped', 'task', '5c9c0b27-7876-4d94-b07c-c22897eb5206', '5c9c0b27-7876-4d94-b07c-c22897eb5206', NULL, 'Jestem', '{}', '2026-05-03 07:20:35.018708+00'),
	('d9877088-f27e-4cd7-a636-83ce334292d2', '5c5638be-d29c-4726-9816-c1ae4e4e4f1e', 'task_bumped', 'task', '5c9c0b27-7876-4d94-b07c-c22897eb5206', '5c9c0b27-7876-4d94-b07c-c22897eb5206', NULL, 'Jestem', '{}', '2026-05-03 07:20:35.752357+00'),
	('3569ba05-cb02-4690-a129-2d0fa5464b37', '5c5638be-d29c-4726-9816-c1ae4e4e4f1e', 'task_bumped', 'task', '5c9c0b27-7876-4d94-b07c-c22897eb5206', '5c9c0b27-7876-4d94-b07c-c22897eb5206', NULL, 'Jestem', '{}', '2026-05-03 07:20:36.453548+00'),
	('4e919b02-deb3-4f3e-b5c1-d38613997d3b', '5c5638be-d29c-4726-9816-c1ae4e4e4f1e', 'task_bumped', 'task', '5c9c0b27-7876-4d94-b07c-c22897eb5206', '5c9c0b27-7876-4d94-b07c-c22897eb5206', NULL, 'Jestem', '{}', '2026-05-03 07:20:37.255995+00'),
	('12501d01-6353-4d26-b6d5-7eb78a2cdfe0', '5c5638be-d29c-4726-9816-c1ae4e4e4f1e', 'task_bumped', 'task', '5c9c0b27-7876-4d94-b07c-c22897eb5206', '5c9c0b27-7876-4d94-b07c-c22897eb5206', NULL, 'Jestem', '{}', '2026-05-03 07:20:37.993797+00'),
	('2b96dc18-3e8c-4e18-a972-1c20a84d5f55', '5c5638be-d29c-4726-9816-c1ae4e4e4f1e', 'task_bumped', 'task', '5c9c0b27-7876-4d94-b07c-c22897eb5206', '5c9c0b27-7876-4d94-b07c-c22897eb5206', NULL, 'Jestem', '{}', '2026-05-03 07:20:38.751702+00'),
	('cfc29d5c-92cb-4c26-a171-2c8a766509fd', '5c5638be-d29c-4726-9816-c1ae4e4e4f1e', 'task_bumped', 'task', '5c9c0b27-7876-4d94-b07c-c22897eb5206', '5c9c0b27-7876-4d94-b07c-c22897eb5206', NULL, 'Jestem', '{}', '2026-05-03 07:20:39.576414+00'),
	('1e831d2c-f3c0-4ae8-9086-d8876ddb9a47', 'c01f1de2-6b07-4375-b34a-3c861a2ec31a', 'investment_created', 'investment', '8745dcf7-cbac-4cdc-9ea2-cbbe5ac45dfb', NULL, '8745dcf7-cbac-4cdc-9ea2-cbbe5ac45dfb', NULL, '{}', '2026-05-04 07:46:21.114513+00'),
	('8ac197af-c515-44aa-9df0-392b6886d683', 'c01f1de2-6b07-4375-b34a-3c861a2ec31a', 'task_created', 'task', '112fe1a4-01d2-4bb8-80f6-b5f9c024b478', '112fe1a4-01d2-4bb8-80f6-b5f9c024b478', NULL, 'upoważnienie', '{}', '2026-05-04 07:47:23.009612+00'),
	('48d57eea-d5c3-4884-82ca-eff47199e405', 'c01f1de2-6b07-4375-b34a-3c861a2ec31a', 'task_bumped', 'task', '112fe1a4-01d2-4bb8-80f6-b5f9c024b478', '112fe1a4-01d2-4bb8-80f6-b5f9c024b478', NULL, 'upoważnienie', '{}', '2026-05-04 07:47:35.77604+00'),
	('c8c3b38f-048d-4793-9290-600f9eebf52b', 'c01f1de2-6b07-4375-b34a-3c861a2ec31a', 'task_bumped', 'task', '112fe1a4-01d2-4bb8-80f6-b5f9c024b478', '112fe1a4-01d2-4bb8-80f6-b5f9c024b478', NULL, 'upoważnienie', '{}', '2026-05-04 07:47:36.897182+00'),
	('554f3b82-ade1-49bf-b63d-8dd68f6637b8', '5c5638be-d29c-4726-9816-c1ae4e4e4f1e', 'task_comment_added', 'task', '112fe1a4-01d2-4bb8-80f6-b5f9c024b478', '112fe1a4-01d2-4bb8-80f6-b5f9c024b478', NULL, 'Ok', '{"comment_id": "b6832dc7-86ee-4373-82f5-81cf9fe8df12"}', '2026-05-04 07:48:00.869299+00'),
	('a5e41047-92ba-4529-9820-0eb0fe4ba5c0', 'c01f1de2-6b07-4375-b34a-3c861a2ec31a', 'task_created', 'task', '35836f77-cfd2-465c-9e6e-ca73af1695ee', '35836f77-cfd2-465c-9e6e-ca73af1695ee', NULL, 'bhp - ogólnobudowlane', '{}', '2026-05-04 07:48:13.522646+00'),
	('404e046f-ccfd-4835-bac8-0e03e924931c', 'c01f1de2-6b07-4375-b34a-3c861a2ec31a', 'task_created', 'task', 'ce2b9b72-4291-447f-9654-2281816aed44', 'ce2b9b72-4291-447f-9654-2281816aed44', NULL, 'czyste powietrze tarnowski, mikucki', '{}', '2026-05-04 07:49:59.74112+00'),
	('c5ed09e3-9f3a-456c-9973-25440c549f08', 'c01f1de2-6b07-4375-b34a-3c861a2ec31a', 'task_bumped', 'task', '112fe1a4-01d2-4bb8-80f6-b5f9c024b478', '112fe1a4-01d2-4bb8-80f6-b5f9c024b478', NULL, 'upoważnienie', '{}', '2026-05-04 07:50:18.68134+00'),
	('4c4576b1-065e-4854-9297-1c09259557c2', '5c5638be-d29c-4726-9816-c1ae4e4e4f1e', 'investment_archived', 'investment', '684b6b02-bb49-4740-bfdc-b439371f2cc2', NULL, '684b6b02-bb49-4740-bfdc-b439371f2cc2', NULL, '{}', '2026-05-04 07:52:34.218729+00'),
	('957cd1e2-6b4d-4a9d-9db4-2363107d7198', '5c5638be-d29c-4726-9816-c1ae4e4e4f1e', 'investment_archived', 'investment', '1e4aaa1d-65a7-4aab-9d64-f9e8f02f8398', NULL, '1e4aaa1d-65a7-4aab-9d64-f9e8f02f8398', NULL, '{}', '2026-05-04 07:52:37.512514+00'),
	('fcc02f7e-024a-46c7-a3ff-f3d739e7e19c', '5c5638be-d29c-4726-9816-c1ae4e4e4f1e', 'investment_archived', 'investment', 'f918b069-9cbe-41b7-8dad-ea287c7f0dec', NULL, 'f918b069-9cbe-41b7-8dad-ea287c7f0dec', NULL, '{}', '2026-05-04 07:52:40.314687+00'),
	('ea0d3703-cad0-4cfc-b8bc-19042141308d', '5c5638be-d29c-4726-9816-c1ae4e4e4f1e', 'investment_archived', 'investment', '30bb87ca-7b72-422a-8c24-04a4b4597c47', NULL, '30bb87ca-7b72-422a-8c24-04a4b4597c47', NULL, '{}', '2026-05-04 07:52:43.352701+00'),
	('0b57cddf-0c64-4239-be75-fa297d8cd10c', '5c5638be-d29c-4726-9816-c1ae4e4e4f1e', 'investment_archived', 'investment', 'dc091bcd-3d32-48aa-b413-6e9802bb5044', NULL, 'dc091bcd-3d32-48aa-b413-6e9802bb5044', NULL, '{}', '2026-05-04 07:52:46.172177+00'),
	('21832f7d-b3ff-439a-b8d5-5114519c7c57', '5c5638be-d29c-4726-9816-c1ae4e4e4f1e', 'investment_archived', 'investment', '1eb636ff-a8d4-4d73-8b35-0aeb646e1af6', NULL, '1eb636ff-a8d4-4d73-8b35-0aeb646e1af6', NULL, '{}', '2026-05-04 07:52:49.191622+00'),
	('a85ade47-87c8-40ed-b3b9-4d9d2a6eabfd', '5c5638be-d29c-4726-9816-c1ae4e4e4f1e', 'investment_archived', 'investment', '834ea72c-2b03-4747-978a-8bc6991dfff2', NULL, '834ea72c-2b03-4747-978a-8bc6991dfff2', NULL, '{}', '2026-05-04 07:52:52.374746+00'),
	('c11f0fe4-2a66-4ade-acb0-17327e010fd7', '5c5638be-d29c-4726-9816-c1ae4e4e4f1e', 'task_status_changed', 'task', '55bfc3e5-fb53-43c9-987a-130f23d3b7dd', '55bfc3e5-fb53-43c9-987a-130f23d3b7dd', NULL, NULL, '{"new_status": "zrobione", "old_status": "do_zrobienia"}', '2026-05-04 07:53:25.740715+00'),
	('e8b6525e-bbc4-43cd-a979-b61af4e3bdba', '5c5638be-d29c-4726-9816-c1ae4e4e4f1e', 'task_status_changed', 'task', 'cb4a809c-33bf-4d03-9976-76779741e105', 'cb4a809c-33bf-4d03-9976-76779741e105', NULL, NULL, '{"new_status": "zrobione", "old_status": "do_zrobienia"}', '2026-05-04 07:53:30.067167+00'),
	('6fe867c4-add7-4017-8538-6cdfde1874aa', '5c5638be-d29c-4726-9816-c1ae4e4e4f1e', 'task_archived', 'task', '5c9c0b27-7876-4d94-b07c-c22897eb5206', '5c9c0b27-7876-4d94-b07c-c22897eb5206', NULL, 'Jestem', '{}', '2026-05-04 07:53:36.249872+00'),
	('81be18ad-3e09-47af-86bb-bbe001751615', '5c5638be-d29c-4726-9816-c1ae4e4e4f1e', 'task_archived', 'task', 'fd2b1cb7-2dbe-4d93-943a-454766b602a9', 'fd2b1cb7-2dbe-4d93-943a-454766b602a9', NULL, 'Test test', '{}', '2026-05-04 07:53:40.747977+00'),
	('7c9f70c6-8203-4c28-bef6-67bbcd809e3e', '5c5638be-d29c-4726-9816-c1ae4e4e4f1e', 'task_archived', 'task', 'df77e6be-6198-4801-bd82-648df49cfd7c', 'df77e6be-6198-4801-bd82-648df49cfd7c', NULL, 'Zadanie testowe', '{}', '2026-05-04 07:53:45.704291+00'),
	('a8d82501-58e0-4cb5-8c5c-6b4469a5e297', 'c01f1de2-6b07-4375-b34a-3c861a2ec31a', 'task_created', 'task', 'b32d81ea-c6aa-4845-a11c-87710fb0b74d', 'b32d81ea-c6aa-4845-a11c-87710fb0b74d', NULL, 'bard -sad', '{}', '2026-05-04 07:53:54.821203+00'),
	('ab64db9e-3534-4dc5-b4e9-81f6a911b379', '5c5638be-d29c-4726-9816-c1ae4e4e4f1e', 'task_comment_added', 'task', '112fe1a4-01d2-4bb8-80f6-b5f9c024b478', '112fe1a4-01d2-4bb8-80f6-b5f9c024b478', NULL, 'Działam do końca tygodnia zrobię', '{"comment_id": "c93bd522-e782-43b7-aa3a-6bb23b616887"}', '2026-05-04 07:54:08.737302+00'),
	('ba67996c-939a-416b-851b-38610d36a167', 'c01f1de2-6b07-4375-b34a-3c861a2ec31a', 'task_bumped', 'task', '112fe1a4-01d2-4bb8-80f6-b5f9c024b478', '112fe1a4-01d2-4bb8-80f6-b5f9c024b478', NULL, 'upoważnienie', '{}', '2026-05-04 07:54:52.64534+00'),
	('2cf07bde-b6cc-476b-b673-5d7e886e05f0', '5c5638be-d29c-4726-9816-c1ae4e4e4f1e', 'task_created', 'task', '771f9f7e-87b3-453f-b3ee-775e155a5419', '771f9f7e-87b3-453f-b3ee-775e155a5419', NULL, 'Wprowadzić inwestycję - Klientka Niemcy', '{}', '2026-05-04 07:56:23.642075+00'),
	('b82e4499-b494-4ec1-ab4b-f8ccd09d1f6b', '5c5638be-d29c-4726-9816-c1ae4e4e4f1e', 'task_bumped', 'task', '771f9f7e-87b3-453f-b3ee-775e155a5419', '771f9f7e-87b3-453f-b3ee-775e155a5419', NULL, 'Wprowadzić inwestycję - Klientka Niemcy', '{}', '2026-05-04 07:56:27.255594+00'),
	('0ed29b2c-f98c-4a86-8b7a-01b535ad26df', 'c01f1de2-6b07-4375-b34a-3c861a2ec31a', 'task_comment_added', 'task', '771f9f7e-87b3-453f-b3ee-775e155a5419', '771f9f7e-87b3-453f-b3ee-775e155a5419', NULL, 'ok. zrovbimy do konca tyg', '{"comment_id": "85a8c282-ab57-42d4-8553-24375addab90"}', '2026-05-04 07:57:04.809316+00'),
	('f6081599-eb92-4b3c-aab9-b10c1ba902ad', 'c01f1de2-6b07-4375-b34a-3c861a2ec31a', 'task_created', 'task', '02b9993d-f81f-4c4a-9fdc-efe246781d7c', '02b9993d-f81f-4c4a-9fdc-efe246781d7c', NULL, 'klient', '{}', '2026-05-04 08:01:13.671427+00'),
	('7ff1ed4b-d6e1-49ca-80b2-bae4de058f98', 'c01f1de2-6b07-4375-b34a-3c861a2ec31a', 'task_edited', 'task', '02b9993d-f81f-4c4a-9fdc-efe246781d7c', '02b9993d-f81f-4c4a-9fdc-efe246781d7c', NULL, 'klient', '{}', '2026-05-04 08:01:43.88776+00'),
	('4aefa4dc-3416-46e4-9a56-8b65872d7f2d', 'c01f1de2-6b07-4375-b34a-3c861a2ec31a', 'task_edited', 'task', '02b9993d-f81f-4c4a-9fdc-efe246781d7c', '02b9993d-f81f-4c4a-9fdc-efe246781d7c', NULL, 'klient', '{}', '2026-05-04 08:04:22.420043+00'),
	('c62f32fc-122d-4cf7-9eab-61761af6046c', 'c01f1de2-6b07-4375-b34a-3c861a2ec31a', 'task_bumped', 'task', '02b9993d-f81f-4c4a-9fdc-efe246781d7c', '02b9993d-f81f-4c4a-9fdc-efe246781d7c', NULL, 'klient', '{}', '2026-05-04 08:04:25.856629+00'),
	('bae2e3c1-08d0-433c-94c0-f313a3c81770', 'c01f1de2-6b07-4375-b34a-3c861a2ec31a', 'task_bumped', 'task', '02b9993d-f81f-4c4a-9fdc-efe246781d7c', '02b9993d-f81f-4c4a-9fdc-efe246781d7c', NULL, 'klient', '{}', '2026-05-04 08:04:31.867868+00'),
	('10a41f89-1359-4056-b7ba-2159bbe9f67e', 'c01f1de2-6b07-4375-b34a-3c861a2ec31a', 'task_status_changed', 'task', '771f9f7e-87b3-453f-b3ee-775e155a5419', '771f9f7e-87b3-453f-b3ee-775e155a5419', NULL, NULL, '{"new_status": "w_trakcie", "old_status": "do_zrobienia"}', '2026-05-04 08:14:46.392295+00'),
	('3f31c08e-550a-4853-b44d-ecf200c866a1', 'a06e0744-d20c-486b-a1ba-f8c2931d03a2', 'task_created', 'task', '9e5f6d08-3fc7-402f-ac6d-45977d95b9c1', '9e5f6d08-3fc7-402f-ac6d-45977d95b9c1', NULL, 'Opłacić kable metical', '{}', '2026-05-04 09:54:03.214109+00'),
	('91d99266-4ac8-4c40-8079-bfc724227e94', 'a06e0744-d20c-486b-a1ba-f8c2931d03a2', 'task_bumped', 'task', '9e5f6d08-3fc7-402f-ac6d-45977d95b9c1', '9e5f6d08-3fc7-402f-ac6d-45977d95b9c1', NULL, 'Opłacić kable metical', '{}', '2026-05-04 09:54:08.503115+00'),
	('a6ddb17a-83ed-4487-8f66-5df1aa9522bf', '5c5638be-d29c-4726-9816-c1ae4e4e4f1e', 'task_comment_added', 'task', '9e5f6d08-3fc7-402f-ac6d-45977d95b9c1', '9e5f6d08-3fc7-402f-ac6d-45977d95b9c1', NULL, 'Ok', '{"comment_id": "1795453b-083b-4d86-b843-e2b39300ec16"}', '2026-05-04 09:54:39.395678+00'),
	('72c82d1f-fd4a-4426-8c59-8950845e132e', '5c5638be-d29c-4726-9816-c1ae4e4e4f1e', 'task_created', 'task', '57d98206-7122-47a0-a6cb-c2b8d60f8e22', '57d98206-7122-47a0-a6cb-c2b8d60f8e22', NULL, 'Odnowienie obrotówki ST', '{}', '2026-05-04 10:30:07.583381+00'),
	('e81bbe71-6b12-4be4-8481-d160c002c077', '5c5638be-d29c-4726-9816-c1ae4e4e4f1e', 'task_created', 'task', '5b4593cf-9266-4a89-a008-5ba400d6b955', '5b4593cf-9266-4a89-a008-5ba400d6b955', NULL, 'Do oplacenia geal brama Ciubak', '{}', '2026-05-04 11:44:04.901285+00'),
	('60e8a7bb-10a5-4bed-9fe9-96d52040191b', '5c5638be-d29c-4726-9816-c1ae4e4e4f1e', 'investment_archived', 'investment', '9c083b4a-ba5d-4b01-9618-bc56bcd47693', NULL, '9c083b4a-ba5d-4b01-9618-bc56bcd47693', NULL, '{}', '2026-05-04 11:44:13.632531+00'),
	('20cda431-9bba-492f-97dc-40d635f009a6', '5c5638be-d29c-4726-9816-c1ae4e4e4f1e', 'investment_archived', 'investment', '0b29bed2-f273-4eb7-ba8c-1dcf3597b790', NULL, '0b29bed2-f273-4eb7-ba8c-1dcf3597b790', NULL, '{}', '2026-05-04 11:44:18.092372+00'),
	('b7d587c3-28dd-4af3-a22f-dc42c053ad0c', '5c5638be-d29c-4726-9816-c1ae4e4e4f1e', 'investment_archived', 'investment', '4fb0c8ce-ab79-41dc-a235-e3ab1a2d8ba9', NULL, '4fb0c8ce-ab79-41dc-a235-e3ab1a2d8ba9', NULL, '{}', '2026-05-04 11:44:21.73808+00'),
	('73fce175-bb23-4954-a51c-be959b76d560', '5c5638be-d29c-4726-9816-c1ae4e4e4f1e', 'task_status_changed', 'task', 'b32d81ea-c6aa-4845-a11c-87710fb0b74d', 'b32d81ea-c6aa-4845-a11c-87710fb0b74d', NULL, NULL, '{"new_status": "w_trakcie", "old_status": "do_zrobienia"}', '2026-05-04 11:44:42.113724+00'),
	('b29d61f3-4d00-4f48-9156-f7a651dac6f6', '5c5638be-d29c-4726-9816-c1ae4e4e4f1e', 'task_comment_added', 'task', 'b32d81ea-c6aa-4845-a11c-87710fb0b74d', 'b32d81ea-c6aa-4845-a11c-87710fb0b74d', NULL, 'umówiłem sie z klientem na za tydzien na rozlcizenie', '{"comment_id": "28aa090f-18c0-491a-847c-c55e872ff9a8"}', '2026-05-04 11:44:55.676345+00'),
	('7291f9e3-7732-47bf-94d5-634bb0b9afa8', '5c5638be-d29c-4726-9816-c1ae4e4e4f1e', 'task_status_changed', 'task', '9e5f6d08-3fc7-402f-ac6d-45977d95b9c1', '9e5f6d08-3fc7-402f-ac6d-45977d95b9c1', NULL, NULL, '{"new_status": "zrobione", "old_status": "do_zrobienia"}', '2026-05-04 11:45:07.963231+00'),
	('6eb5a384-c43a-4522-9b1b-725e12beb2fc', '5c5638be-d29c-4726-9816-c1ae4e4e4f1e', 'task_created', 'task', '8e63c910-3a8e-4e0c-9962-1f8541a09410', '8e63c910-3a8e-4e0c-9962-1f8541a09410', NULL, 'Zadzwonić do klienta', '{}', '2026-05-04 20:51:10.27399+00'),
	('2fb7dfc0-efa6-41a1-95c2-4ac3230eebfc', 'c01f1de2-6b07-4375-b34a-3c861a2ec31a', 'task_created', 'task', '1766ab0e-a96a-4ce3-844a-fa1060463b92', '1766ab0e-a96a-4ce3-844a-fa1060463b92', NULL, 'ppoż- dane do schematu dla Bączka', '{}', '2026-05-05 08:17:02.83992+00');


--
-- Data for Name: client_comments; Type: TABLE DATA; Schema: public; Owner: postgres
--

INSERT INTO "public"."client_comments" ("id", "client_id", "author_id", "body", "created_at") VALUES
	('71b4f052-5422-4a59-a8ac-39c62827f503', 'df6068ff-8a31-49f5-9316-78d7af7993b3', '5c5638be-d29c-4726-9816-c1ae4e4e4f1e', 'Czekamy na zaliczkę', '2026-05-01 13:56:06.774756+00');


--
-- Data for Name: investment_comments; Type: TABLE DATA; Schema: public; Owner: postgres
--

INSERT INTO "public"."investment_comments" ("id", "investment_id", "author_id", "body", "created_at") VALUES
	('6841ddf1-55e4-442c-b1af-e5429ad3503d', '834ea72c-2b03-4747-978a-8bc6991dfff2', '5c5638be-d29c-4726-9816-c1ae4e4e4f1e', 'Co z klientem ?', '2026-04-29 17:32:33.052019+00'),
	('50951854-1d91-4930-982d-9234342ec049', '4fb0c8ce-ab79-41dc-a235-e3ab1a2d8ba9', '5c5638be-d29c-4726-9816-c1ae4e4e4f1e', 'Hej', '2026-04-29 18:24:48.616236+00'),
	('230149ae-a897-4231-9383-71c70054109b', '4fb0c8ce-ab79-41dc-a235-e3ab1a2d8ba9', '5c5638be-d29c-4726-9816-c1ae4e4e4f1e', 'Hej', '2026-04-29 19:19:00.369243+00'),
	('b1f0053d-483d-4729-aa4f-8c4699b09f8a', '0b29bed2-f273-4eb7-ba8c-1dcf3597b790', 'c01f1de2-6b07-4375-b34a-3c861a2ec31a', 'Co z klientem ?', '2026-04-30 12:10:14.291966+00'),
	('1ceca0ca-ab47-4b2a-b681-f4167ce1642a', '4fb0c8ce-ab79-41dc-a235-e3ab1a2d8ba9', 'c01f1de2-6b07-4375-b34a-3c861a2ec31a', 'Hola', '2026-04-30 12:50:17.677086+00'),
	('4ac647e5-3e74-4bb0-ad15-1c405ac69214', '0b29bed2-f273-4eb7-ba8c-1dcf3597b790', '5c5638be-d29c-4726-9816-c1ae4e4e4f1e', 'He', '2026-05-01 10:03:34.178872+00'),
	('8910269f-ef1c-4715-a486-53c06dc3b2f4', '9c083b4a-ba5d-4b01-9618-bc56bcd47693', '79e6eb94-99a8-40df-9bcf-ca6b6a3697f1', 'Hello moto', '2026-05-01 10:05:31.794413+00'),
	('4039e457-18f4-4e4e-96a3-36ea5bbc6de6', '9c083b4a-ba5d-4b01-9618-bc56bcd47693', '5c5638be-d29c-4726-9816-c1ae4e4e4f1e', 'Hfhdhhd', '2026-05-01 10:05:39.453943+00'),
	('cb864814-1437-45ec-b56b-b4fb2d9338e2', '30bb87ca-7b72-422a-8c24-04a4b4597c47', '5c5638be-d29c-4726-9816-c1ae4e4e4f1e', 'Test', '2026-05-01 10:33:25.972591+00'),
	('6babcf69-ec51-4b9b-b9ce-518cb8a3c8fc', '30bb87ca-7b72-422a-8c24-04a4b4597c47', '5c5638be-d29c-4726-9816-c1ae4e4e4f1e', 'Test', '2026-05-01 10:33:57.23258+00'),
	('c9c21ac5-f5ed-4be6-a609-3e6f065a0b47', 'f918b069-9cbe-41b7-8dad-ea287c7f0dec', '5c5638be-d29c-4726-9816-c1ae4e4e4f1e', 'Hdh', '2026-05-01 10:41:27.812873+00');


--
-- Data for Name: investment_members; Type: TABLE DATA; Schema: public; Owner: postgres
--

INSERT INTO "public"."investment_members" ("investment_id", "user_id", "assigned_at") VALUES
	('834ea72c-2b03-4747-978a-8bc6991dfff2', '5c5638be-d29c-4726-9816-c1ae4e4e4f1e', '2026-04-29 17:32:16.258603+00'),
	('4fb0c8ce-ab79-41dc-a235-e3ab1a2d8ba9', '5c5638be-d29c-4726-9816-c1ae4e4e4f1e', '2026-04-29 17:53:19.319945+00'),
	('0b29bed2-f273-4eb7-ba8c-1dcf3597b790', '5c5638be-d29c-4726-9816-c1ae4e4e4f1e', '2026-04-30 11:41:53.584766+00'),
	('9c083b4a-ba5d-4b01-9618-bc56bcd47693', '5c5638be-d29c-4726-9816-c1ae4e4e4f1e', '2026-05-01 10:04:03.666822+00'),
	('1eb636ff-a8d4-4d73-8b35-0aeb646e1af6', '79e6eb94-99a8-40df-9bcf-ca6b6a3697f1', '2026-05-01 10:09:24.91832+00'),
	('dc091bcd-3d32-48aa-b413-6e9802bb5044', '5c5638be-d29c-4726-9816-c1ae4e4e4f1e', '2026-05-01 10:29:17.534172+00'),
	('30bb87ca-7b72-422a-8c24-04a4b4597c47', '5c5638be-d29c-4726-9816-c1ae4e4e4f1e', '2026-05-01 10:33:13.456548+00'),
	('f918b069-9cbe-41b7-8dad-ea287c7f0dec', '5c5638be-d29c-4726-9816-c1ae4e4e4f1e', '2026-05-01 10:40:56.459516+00'),
	('1e4aaa1d-65a7-4aab-9d64-f9e8f02f8398', '5c5638be-d29c-4726-9816-c1ae4e4e4f1e', '2026-05-01 11:01:40.704027+00'),
	('684b6b02-bb49-4740-bfdc-b439371f2cc2', '5c5638be-d29c-4726-9816-c1ae4e4e4f1e', '2026-05-01 14:45:38.78837+00'),
	('8745dcf7-cbac-4cdc-9ea2-cbbe5ac45dfb', 'c01f1de2-6b07-4375-b34a-3c861a2ec31a', '2026-05-04 07:46:20.814999+00');


--
-- Data for Name: lead_activity_log; Type: TABLE DATA; Schema: public; Owner: postgres
--

INSERT INTO "public"."lead_activity_log" ("id", "lead_id", "actor_id", "event_type", "body", "created_at") VALUES
	('0481e8d1-6faf-4c19-96fb-cf62672636c0', '1fae7c12-4446-4a80-ae8d-19b9543e8fd5', '5c5638be-d29c-4726-9816-c1ae4e4e4f1e', 'lead_followup_changed', 'Ustawiono follow-up na 1 maj 2026 o 00:00', '2026-05-01 13:24:18.209349+00'),
	('4fdbf7b6-d659-44ad-9ad3-9b53d1dbb375', '1fae7c12-4446-4a80-ae8d-19b9543e8fd5', '5c5638be-d29c-4726-9816-c1ae4e4e4f1e', 'lead_followup_changed', 'Ustawiono follow-up na 1 maj 2026 o 19:00', '2026-05-01 13:24:35.166306+00'),
	('a47a13dc-d0e5-4d67-87f7-8adc203c87e0', '1fae7c12-4446-4a80-ae8d-19b9543e8fd5', '5c5638be-d29c-4726-9816-c1ae4e4e4f1e', 'lead_comment_added', 'Dodano komentarz', '2026-05-01 13:24:58.365549+00'),
	('2b26360c-e593-44fd-8617-ce1b7d7c513e', '1fae7c12-4446-4a80-ae8d-19b9543e8fd5', '5c5638be-d29c-4726-9816-c1ae4e4e4f1e', 'lead_followup_changed', 'Ustawiono follow-up na 1 maj 2026 o 17:00', '2026-05-01 13:31:38.499377+00'),
	('80d55a42-c6bf-4247-9aaf-cbd90c0bc60c', '1fae7c12-4446-4a80-ae8d-19b9543e8fd5', '5c5638be-d29c-4726-9816-c1ae4e4e4f1e', 'lead_comment_added', 'Dodano komentarz', '2026-05-01 13:31:41.205665+00'),
	('0cb6b618-5b58-4f2a-8157-07682c33b262', '1fae7c12-4446-4a80-ae8d-19b9543e8fd5', '5c5638be-d29c-4726-9816-c1ae4e4e4f1e', 'lead_updated', 'Zaktualizowano dane leadu', '2026-05-01 13:31:43.917101+00'),
	('61fefe30-56f3-42a3-976f-d83e7f39974a', '1fae7c12-4446-4a80-ae8d-19b9543e8fd5', '5c5638be-d29c-4726-9816-c1ae4e4e4f1e', 'lead_followup_changed', 'Przełożono follow-up na 2 maj', '2026-05-01 13:32:52.411341+00'),
	('f5950195-69a9-4b52-9bd3-050f8e42ba9f', '1fae7c12-4446-4a80-ae8d-19b9543e8fd5', '5c5638be-d29c-4726-9816-c1ae4e4e4f1e', 'lead_followup_changed', 'Ustawiono follow-up na 1 maj 2026 o 07:00', '2026-05-01 13:33:03.322807+00'),
	('ea0d3077-593d-440b-9670-770602ab6361', '1fae7c12-4446-4a80-ae8d-19b9543e8fd5', '5c5638be-d29c-4726-9816-c1ae4e4e4f1e', 'lead_followup_changed', 'Przełożono follow-up na 4 maj', '2026-05-01 13:33:20.211699+00'),
	('194d3231-c96a-47cc-b15e-c7a5f6b9ad29', '1fae7c12-4446-4a80-ae8d-19b9543e8fd5', '5c5638be-d29c-4726-9816-c1ae4e4e4f1e', 'lead_updated', 'Utworzono kartę klienta', '2026-05-01 13:54:44.346921+00'),
	('5924325f-e708-4b62-82ed-03c1e7925d0b', '1fae7c12-4446-4a80-ae8d-19b9543e8fd5', '5c5638be-d29c-4726-9816-c1ae4e4e4f1e', 'lead_status_changed', 'Zmieniono status z Wygrany na Follow-up', '2026-05-01 13:57:09.68726+00'),
	('7ad4a545-c58a-462d-8aee-071a00acb3f0', '31628270-2ac2-4276-8354-d96e04e91828', '5c5638be-d29c-4726-9816-c1ae4e4e4f1e', 'lead_status_changed', 'Zmieniono status z Przegrany na Follow-up', '2026-05-01 14:03:42.558148+00'),
	('74da755c-e356-4468-8248-4786ead24d8a', '31628270-2ac2-4276-8354-d96e04e91828', '5c5638be-d29c-4726-9816-c1ae4e4e4f1e', 'lead_updated', 'Utworzono kartę klienta', '2026-05-01 14:05:44.821561+00'),
	('fa3628b7-9d72-4ead-9341-7a7a95be0212', 'cf9485e5-7ff4-482c-a899-530d4f27a8ac', '5c5638be-d29c-4726-9816-c1ae4e4e4f1e', 'lead_created', 'Utworzono lead', '2026-05-01 14:19:22.85911+00'),
	('42ab07f8-ad7e-4055-a316-07bd8255e926', '3129e813-677c-49df-bdc2-87c2caa84435', '5c5638be-d29c-4726-9816-c1ae4e4e4f1e', 'lead_created', 'Utworzono lead', '2026-05-02 16:10:41.587369+00'),
	('9db11a5c-8a24-4ea6-93c6-1d571e8e7479', '3129e813-677c-49df-bdc2-87c2caa84435', '5c5638be-d29c-4726-9816-c1ae4e4e4f1e', 'lead_status_changed', 'Zmieniono status na Follow-up', '2026-05-02 16:11:04.504897+00'),
	('a83ab359-3d98-4c89-859c-a56a01ba5080', '3129e813-677c-49df-bdc2-87c2caa84435', '5c5638be-d29c-4726-9816-c1ae4e4e4f1e', 'lead_followup_changed', 'Ustawiono follow-up: 2 maj 2026, 18:10 — zadzwonic powiedziec ze cos tam', '2026-05-02 16:11:04.621195+00'),
	('84886f44-b27a-4812-834c-2504a7b22431', '07dea59a-8177-4ad9-a4c3-0f4286b232f7', '5c5638be-d29c-4726-9816-c1ae4e4e4f1e', 'lead_created', 'Utworzono lead', '2026-05-03 10:52:04.202523+00'),
	('0d16b9f6-7f2c-47fd-a37e-cd555ad77b9e', '1fae7c12-4446-4a80-ae8d-19b9543e8fd5', '5c5638be-d29c-4726-9816-c1ae4e4e4f1e', 'lead_followup_changed', 'Przełożono follow-up na 5 maj', '2026-05-03 23:21:58.138603+00'),
	('b29805b7-728a-45e6-804d-0f05ed6cf85d', '1fae7c12-4446-4a80-ae8d-19b9543e8fd5', '5c5638be-d29c-4726-9816-c1ae4e4e4f1e', 'lead_followup_changed', 'Ustawiono follow-up na 4 maj 2026 o 07:00', '2026-05-03 23:22:17.201159+00'),
	('671332e4-4857-40bc-9783-4d1da063cb3b', '1fae7c12-4446-4a80-ae8d-19b9543e8fd5', '5c5638be-d29c-4726-9816-c1ae4e4e4f1e', 'lead_followup_changed', 'Ustawiono follow-up na 4 maj 2026 o 05:00', '2026-05-03 23:22:39.32951+00'),
	('b8917265-e28d-4a1b-8fe7-2463ba18f2a6', '1fae7c12-4446-4a80-ae8d-19b9543e8fd5', '5c5638be-d29c-4726-9816-c1ae4e4e4f1e', 'lead_followup_changed', 'Przełożono follow-up na 7 maj', '2026-05-03 23:22:44.917326+00'),
	('f4f025a7-b806-4b02-8f1a-32b4ae260eb2', '1fae7c12-4446-4a80-ae8d-19b9543e8fd5', '5c5638be-d29c-4726-9816-c1ae4e4e4f1e', 'lead_status_changed', 'Zmieniono status z Follow-up na Przegrany', '2026-05-03 23:23:19.997518+00'),
	('af443ca4-5ee3-4eaf-94d9-5acec930f1fd', '1fae7c12-4446-4a80-ae8d-19b9543e8fd5', '5c5638be-d29c-4726-9816-c1ae4e4e4f1e', 'lead_status_changed', 'Zmieniono status z Przegrany na Wygrany', '2026-05-03 23:24:07.891064+00'),
	('92a51b8b-8f57-468e-8f23-24f0a2cca360', '3129e813-677c-49df-bdc2-87c2caa84435', 'c01f1de2-6b07-4375-b34a-3c861a2ec31a', 'lead_followup_changed', 'Ustawiono follow-up na 4 maj 2026 o 16:10', '2026-05-04 07:29:14.686982+00'),
	('e361011b-c632-44de-805e-4aeecbfbc94c', '3129e813-677c-49df-bdc2-87c2caa84435', 'c01f1de2-6b07-4375-b34a-3c861a2ec31a', 'lead_followup_changed', 'Ustawiono follow-up na 4 maj 2026, 14:10', '2026-05-04 07:31:54.409674+00'),
	('6af8b0e0-28d6-4d93-9cd7-9cbcf386671c', '3129e813-677c-49df-bdc2-87c2caa84435', 'c01f1de2-6b07-4375-b34a-3c861a2ec31a', 'lead_followup_changed', 'Przełożono follow-up na 7 maj', '2026-05-04 07:32:01.956969+00'),
	('38b1b990-49c5-4ff3-a81b-66bac4c0acad', '3129e813-677c-49df-bdc2-87c2caa84435', 'c01f1de2-6b07-4375-b34a-3c861a2ec31a', 'lead_followup_changed', 'Ustawiono follow-up na 4 maj 2026, 07:00', '2026-05-04 07:32:20.675339+00'),
	('c1277577-a9f9-4769-91e2-dadb0e56239c', '1fae7c12-4446-4a80-ae8d-19b9543e8fd5', 'c01f1de2-6b07-4375-b34a-3c861a2ec31a', 'lead_followup_changed', 'Ustawiono follow-up na 4 maj 2026, 07:00', '2026-05-04 07:32:28.936281+00'),
	('b757c05d-f0d6-48ba-84df-c7f691f81866', '3129e813-677c-49df-bdc2-87c2caa84435', 'c01f1de2-6b07-4375-b34a-3c861a2ec31a', 'lead_status_changed', 'Zmieniono status z Follow-up na Przegrany', '2026-05-04 07:33:32.222855+00');


--
-- Data for Name: lead_comments; Type: TABLE DATA; Schema: public; Owner: postgres
--

INSERT INTO "public"."lead_comments" ("id", "lead_id", "author_id", "body", "created_at") VALUES
	('f066919e-fb16-43e1-b6be-d0bab22fc842', '1fae7c12-4446-4a80-ae8d-19b9543e8fd5', '5c5638be-d29c-4726-9816-c1ae4e4e4f1e', 'Hah', '2026-05-01 13:04:23.805767+00'),
	('49fb4e2c-3a81-4fe6-8d58-6c87d6b53f83', '1fae7c12-4446-4a80-ae8d-19b9543e8fd5', '5c5638be-d29c-4726-9816-c1ae4e4e4f1e', 'Hej', '2026-05-01 13:24:58.176678+00'),
	('273768d5-0746-4260-a952-c0d7cb642d58', '1fae7c12-4446-4a80-ae8d-19b9543e8fd5', '5c5638be-d29c-4726-9816-c1ae4e4e4f1e', 'Heh', '2026-05-01 13:31:41.07403+00');


--
-- Data for Name: notifications; Type: TABLE DATA; Schema: public; Owner: postgres
--

INSERT INTO "public"."notifications" ("id", "recipient_id", "type", "title", "body", "task_id", "investment_id", "is_read", "priority", "created_at") VALUES
	('0e83a8a5-0663-4b61-86b3-bd015b37b44b', 'a06e0744-d20c-486b-a1ba-f8c2931d03a2', 'task_created', 'Nowe zadanie', 'Zamówić panele', '1edc6789-aba0-416c-b78f-7554494e7d7f', NULL, false, 'normal', '2026-04-29 17:35:57.929136+00'),
	('92e7f8b4-dce6-4e84-8201-bb846000d62b', 'c01f1de2-6b07-4375-b34a-3c861a2ec31a', 'task_bumped', 'Podbito zadanie', 'Wykonać przelew', '837f204e-0641-4404-a98b-0e14b5c855cc', NULL, false, 'critical', '2026-04-30 13:02:48.748768+00'),
	('2739c852-96a4-44d2-b689-75db4669e4fb', '9012ec6c-b061-45ff-be1b-c96018f5b251', 'task_created', 'Nowe zadanie', 'Zamówić panele drugi raz', '53273f3a-26a7-478d-8a3e-12d7742901c5', NULL, true, 'normal', '2026-04-29 17:43:24.073611+00'),
	('c1142cb7-a7d4-46bd-b6ed-dacc4f316ef2', '79e6eb94-99a8-40df-9bcf-ca6b6a3697f1', 'investment_created', 'Joanna W dodał(a) inwestycję', 'grupa nowa farmacja me — grupa nowa farmacja', NULL, '8745dcf7-cbac-4cdc-9ea2-cbbe5ac45dfb', false, 'normal', '2026-05-04 07:46:21.345366+00'),
	('a208ec9a-cd56-4d29-b27a-d4429b6e9125', '9012ec6c-b061-45ff-be1b-c96018f5b251', 'task_created', 'Nowe zadanie', 'Xyz', '37e90303-900d-4609-8231-5445e8647f61', NULL, true, 'normal', '2026-04-29 17:44:24.815235+00'),
	('d0792a0c-ff0b-4c89-8860-3d5e353b2969', '9012ec6c-b061-45ff-be1b-c96018f5b251', 'task_bumped', 'Podbito zadanie', 'Hehe', '6b99c1a4-7895-4eae-a2af-8310521285a5', NULL, true, 'critical', '2026-04-30 13:08:59.949976+00'),
	('a517bdd1-36d0-4703-9939-c070a4d41175', '9012ec6c-b061-45ff-be1b-c96018f5b251', 'task_comment_added', 'Nowy komentarz w zadaniu', 'Ok', 'e9eb6419-5691-4620-ab5f-970d3a5ac0c8', NULL, true, 'normal', '2026-04-30 18:04:50.311716+00'),
	('4d85a42a-1080-4b4d-beae-3d07e8693296', '9012ec6c-b061-45ff-be1b-c96018f5b251', 'task_comment_added', 'Nowy komentarz w zadaniu', 'Hej', '37e90303-900d-4609-8231-5445e8647f61', NULL, true, 'normal', '2026-04-29 17:45:43.596146+00'),
	('c1106ae2-07b7-497e-84db-937b05a5e3d2', '9012ec6c-b061-45ff-be1b-c96018f5b251', 'task_bumped', 'Podbito zadanie', 'Xyz', '37e90303-900d-4609-8231-5445e8647f61', NULL, true, 'critical', '2026-04-29 17:45:12.493406+00'),
	('02ad7cb5-c1ee-403a-a905-1976c19c6274', '9012ec6c-b061-45ff-be1b-c96018f5b251', 'task_created', 'Nowe zadanie', 'Hehe', '6b99c1a4-7895-4eae-a2af-8310521285a5', NULL, true, 'normal', '2026-04-29 17:54:42.423418+00'),
	('ac3c4cf8-fa05-4a62-ac67-dd5a4788404a', '9012ec6c-b061-45ff-be1b-c96018f5b251', 'task_bumped', 'Podbito zadanie', 'Xyz', '37e90303-900d-4609-8231-5445e8647f61', NULL, true, 'critical', '2026-04-29 17:56:43.634866+00'),
	('8eddbf09-fb30-4a83-9836-cf17aa932a3d', '9012ec6c-b061-45ff-be1b-c96018f5b251', 'task_bumped', 'Podbito zadanie', 'Kup kebaba', 'a794329c-8c42-4dfd-847d-ba867ce38908', NULL, true, 'critical', '2026-04-30 18:25:22.761518+00'),
	('54c17a7b-aa16-4d95-b9e3-16673f9ed520', '5c5638be-d29c-4726-9816-c1ae4e4e4f1e', 'task_created', 'Nowe zadanie', 'asd', '7a3ae7b1-b554-4882-b897-34d0b4280be9', NULL, true, 'normal', '2026-04-29 18:26:10.212112+00'),
	('09f3cd8e-4668-43e0-bca6-2bb044b74b9e', '9012ec6c-b061-45ff-be1b-c96018f5b251', 'task_bumped', 'Podbito zadanie', 'Test', 'f2171668-b7f4-4881-a939-d2c582254567', NULL, true, 'critical', '2026-04-30 15:01:09.897621+00'),
	('adfde7d9-008e-4fec-8aed-0eacfcbc96c0', '9012ec6c-b061-45ff-be1b-c96018f5b251', 'task_status_changed', 'Łukasz W zmienił(a) status', 'Kup 200ml → Zrobione', 'b7139987-97b7-4672-baf5-0a8851d46d17', NULL, false, 'normal', '2026-05-01 10:29:38.872571+00'),
	('cdcaee92-8e98-4726-a568-ed11c3199020', 'c01f1de2-6b07-4375-b34a-3c861a2ec31a', 'investment_status_changed', 'Łukasz W zmienił(a) status inwestycji', 'Testowa inwestycja Xyz → W planowaniu', NULL, 'dc091bcd-3d32-48aa-b413-6e9802bb5044', true, 'normal', '2026-05-01 10:29:29.466742+00'),
	('6f44ff8e-7270-4dcc-847f-e3befb12a309', '5c5638be-d29c-4726-9816-c1ae4e4e4f1e', 'task_bumped', 'Podbito zadanie', 'Zamówić panele dwa razy', '56dc2016-017c-4466-9b96-85625f743ec2', NULL, true, 'critical', '2026-04-30 17:59:03.831031+00'),
	('1ede9ebf-0043-4d78-9d9b-e03fb4f4eafd', 'a06e0744-d20c-486b-a1ba-f8c2931d03a2', 'task_bumped', 'Podbito zadanie', 'Zamówić panele', '1edc6789-aba0-416c-b78f-7554494e7d7f', NULL, false, 'critical', '2026-04-29 19:35:48.26744+00'),
	('289ef89a-3274-4bf2-8ea3-470ca840e519', 'a06e0744-d20c-486b-a1ba-f8c2931d03a2', 'task_status_changed', 'Zmieniono status zadania', 'Zamówić panele → w_trakcie', '1edc6789-aba0-416c-b78f-7554494e7d7f', NULL, false, 'normal', '2026-04-29 19:37:51.754178+00'),
	('2920dac1-e9c8-4e8d-ad6d-750cb2e7da3a', 'a06e0744-d20c-486b-a1ba-f8c2931d03a2', 'task_status_changed', 'Zmieniono status zadania', 'Zamówić panele → do_zrobienia', '1edc6789-aba0-416c-b78f-7554494e7d7f', NULL, false, 'normal', '2026-04-29 19:37:53.614311+00'),
	('83409431-d7fa-4144-9664-b1c8cbe9da18', 'a06e0744-d20c-486b-a1ba-f8c2931d03a2', 'task_status_changed', 'Zmieniono status zadania', 'Zamówić panele → zrobione', '1edc6789-aba0-416c-b78f-7554494e7d7f', NULL, false, 'normal', '2026-04-29 19:37:55.641116+00'),
	('27c03818-66de-477c-ba6d-e0145dc2e025', 'a06e0744-d20c-486b-a1ba-f8c2931d03a2', 'task_status_changed', 'Zmieniono status zadania', 'Zamówić panele → do_zrobienia', '1edc6789-aba0-416c-b78f-7554494e7d7f', NULL, false, 'normal', '2026-04-29 19:37:56.829966+00'),
	('ba4ddd45-98c6-45b9-a7c9-280d89cb06b4', 'a06e0744-d20c-486b-a1ba-f8c2931d03a2', 'task_created', 'Nowe zadanie', 'Zamówić towar', 'f00a4641-d3e4-48d5-a3a3-82f1b0e6613a', NULL, false, 'normal', '2026-04-30 11:43:24.156761+00'),
	('dfb7f756-0dbc-4561-8f35-f9b838eb5f3d', 'a06e0744-d20c-486b-a1ba-f8c2931d03a2', 'task_bumped', 'Podbito zadanie', 'Zamówić towar', 'f00a4641-d3e4-48d5-a3a3-82f1b0e6613a', NULL, false, 'critical', '2026-04-30 11:43:37.19855+00'),
	('578be473-7707-427e-aa2b-1d69348cf35f', '5c5638be-d29c-4726-9816-c1ae4e4e4f1e', 'task_bumped', 'Podbito zadanie', 'Hshsh', 'e9eb6419-5691-4620-ab5f-970d3a5ac0c8', NULL, true, 'critical', '2026-04-30 18:04:26.938272+00'),
	('85d9c8f8-8e7d-4fe4-a507-52a92f41e877', 'c01f1de2-6b07-4375-b34a-3c861a2ec31a', 'task_created', 'Nowe zadanie', 'Wykonać przelew', '837f204e-0641-4404-a98b-0e14b5c855cc', NULL, false, 'normal', '2026-04-30 12:33:34.440881+00'),
	('d39688f1-5420-4df4-a61d-fc64c3bf8fdb', 'c01f1de2-6b07-4375-b34a-3c861a2ec31a', 'task_bumped', 'Podbito zadanie', 'Wykonać przelew', '837f204e-0641-4404-a98b-0e14b5c855cc', NULL, false, 'critical', '2026-04-30 12:34:04.975582+00'),
	('0bd08921-ca7b-4c96-afe1-3e07eb3ea7d9', 'c01f1de2-6b07-4375-b34a-3c861a2ec31a', 'task_bumped', 'Podbito zadanie', 'Wykonać przelew', '837f204e-0641-4404-a98b-0e14b5c855cc', NULL, false, 'critical', '2026-04-30 12:34:19.03095+00'),
	('689b2b88-e863-4f2a-b3f6-1a98583d39c5', 'c01f1de2-6b07-4375-b34a-3c861a2ec31a', 'task_bumped', 'Podbito zadanie', 'Wykonać przelew', '837f204e-0641-4404-a98b-0e14b5c855cc', NULL, false, 'critical', '2026-04-30 12:35:07.944914+00'),
	('e91b03f1-0500-4ca4-9fd9-9e444b74d8c3', 'c01f1de2-6b07-4375-b34a-3c861a2ec31a', 'task_bumped', 'Podbito zadanie', 'Wykonać przelew', '837f204e-0641-4404-a98b-0e14b5c855cc', NULL, false, 'critical', '2026-04-30 13:44:46.372977+00'),
	('cadd6f17-fcaf-46ae-9961-b9d927268b86', '5c5638be-d29c-4726-9816-c1ae4e4e4f1e', 'task_status_changed', 'Zmieniono status zadania', 'Kup kebaba → zrobione', 'a794329c-8c42-4dfd-847d-ba867ce38908', NULL, true, 'normal', '2026-04-30 18:25:34.139186+00'),
	('39f1a0d9-01dc-4e22-8fc7-024df361db96', '9012ec6c-b061-45ff-be1b-c96018f5b251', 'task_bumped', 'Podbito zadanie', 'Zadanie', '2204512d-b436-46e5-8b85-148222d518fc', NULL, true, 'critical', '2026-04-30 13:26:42.448074+00'),
	('0d645320-0272-423b-92ac-b2f062d3582e', '9012ec6c-b061-45ff-be1b-c96018f5b251', 'task_bumped', 'Podbito zadanie', 'Zadanie', '2204512d-b436-46e5-8b85-148222d518fc', NULL, true, 'critical', '2026-04-30 13:26:47.825072+00'),
	('274e2b79-ac49-453f-a836-b77db9ed174e', '9012ec6c-b061-45ff-be1b-c96018f5b251', 'task_bumped', 'Podbito zadanie', 'Zadanie', '2204512d-b436-46e5-8b85-148222d518fc', NULL, true, 'critical', '2026-04-30 13:33:19.323384+00'),
	('850793e7-9171-4268-b584-12c539d9577b', '9012ec6c-b061-45ff-be1b-c96018f5b251', 'task_status_changed', 'Zmieniono status zadania', 'asd → w_trakcie', '7a3ae7b1-b554-4882-b897-34d0b4280be9', NULL, true, 'normal', '2026-04-29 18:28:52.365995+00'),
	('ba5f252a-e36a-4f6a-91b2-c757fb245dc4', '9012ec6c-b061-45ff-be1b-c96018f5b251', 'task_status_changed', 'Zmieniono status zadania', 'asd → zrobione', '7a3ae7b1-b554-4882-b897-34d0b4280be9', NULL, true, 'normal', '2026-04-29 18:28:52.759349+00'),
	('f555d6c5-9c0a-43a7-8080-9f28783dee56', '9012ec6c-b061-45ff-be1b-c96018f5b251', 'task_status_changed', 'Zmieniono status zadania', 'asd → czeka', '7a3ae7b1-b554-4882-b897-34d0b4280be9', NULL, true, 'normal', '2026-04-29 18:28:53.703469+00'),
	('77407eb8-5682-4381-aaf7-c708e22518f0', '9012ec6c-b061-45ff-be1b-c96018f5b251', 'task_status_changed', 'Zmieniono status zadania', 'asd → do_zrobienia', '7a3ae7b1-b554-4882-b897-34d0b4280be9', NULL, true, 'normal', '2026-04-29 18:28:54.455872+00'),
	('05a4450b-63aa-4367-b160-ab8318ec83ea', '9012ec6c-b061-45ff-be1b-c96018f5b251', 'task_bumped', 'Podbito zadanie', 'Hehe', '6b99c1a4-7895-4eae-a2af-8310521285a5', NULL, true, 'critical', '2026-04-29 19:35:30.105115+00'),
	('cc80c2a9-7175-424e-a069-102ae7f8226f', '9012ec6c-b061-45ff-be1b-c96018f5b251', 'task_bumped', 'Podbito zadanie', 'Xyz', '37e90303-900d-4609-8231-5445e8647f61', NULL, true, 'critical', '2026-04-29 19:35:34.371747+00'),
	('9f723865-9357-443f-a2e7-488b5b8b5f34', '9012ec6c-b061-45ff-be1b-c96018f5b251', 'task_bumped', 'Podbito zadanie', 'Zamówić panele drugi raz', '53273f3a-26a7-478d-8a3e-12d7742901c5', NULL, true, 'critical', '2026-04-29 19:35:38.878894+00'),
	('3c130b7e-9b5c-44b9-a03c-fa34750dcfe4', '9012ec6c-b061-45ff-be1b-c96018f5b251', 'task_bumped', 'Podbito zadanie', 'Zadanie', '2204512d-b436-46e5-8b85-148222d518fc', NULL, true, 'critical', '2026-04-30 13:44:39.652103+00'),
	('2decec98-2332-4228-baf0-9b6a321545b0', '9012ec6c-b061-45ff-be1b-c96018f5b251', 'task_bumped', 'Podbito zadanie', 'Zadanie', '2204512d-b436-46e5-8b85-148222d518fc', NULL, true, 'critical', '2026-04-30 13:53:58.063357+00'),
	('cf86cfe2-3178-4364-a665-836c9d47707d', '9012ec6c-b061-45ff-be1b-c96018f5b251', 'task_bumped', 'Podbito zadanie', 'Test', 'f2171668-b7f4-4881-a939-d2c582254567', NULL, true, 'critical', '2026-04-30 14:17:55.97762+00'),
	('89b7d7c9-7d09-4da3-8a33-61cadcf507c9', '9012ec6c-b061-45ff-be1b-c96018f5b251', 'task_bumped', 'Podbito zadanie', 'Test', 'f2171668-b7f4-4881-a939-d2c582254567', NULL, true, 'critical', '2026-04-30 14:32:42.353289+00'),
	('07e70945-f7fc-4b32-bedc-497c6c6e2cf4', '5c5638be-d29c-4726-9816-c1ae4e4e4f1e', 'task_status_changed', 'Zmieniono status zadania', 'Zadanie → w_trakcie', '2204512d-b436-46e5-8b85-148222d518fc', NULL, true, 'normal', '2026-04-30 13:15:34.834149+00'),
	('d13dbaca-7100-4658-8557-654c5285d01b', '5c5638be-d29c-4726-9816-c1ae4e4e4f1e', 'task_status_changed', 'Zmieniono status zadania', 'Test → w_trakcie', 'f2171668-b7f4-4881-a939-d2c582254567', NULL, true, 'normal', '2026-04-30 13:50:09.854519+00'),
	('431a4ff2-2b19-445a-9840-a4e257e44cd7', 'c01f1de2-6b07-4375-b34a-3c861a2ec31a', 'task_status_changed', 'Zmieniono status zadania', 'D → zrobione', 'cc13d215-cc9e-46d9-beff-f77251610184', NULL, false, 'normal', '2026-04-30 15:29:14.250728+00'),
	('aed0058a-eeb6-4d92-bbab-649d38fcf457', 'c01f1de2-6b07-4375-b34a-3c861a2ec31a', 'task_status_changed', 'Zmieniono status zadania', 'Wykonać przelew → w_trakcie', '837f204e-0641-4404-a98b-0e14b5c855cc', NULL, false, 'normal', '2026-04-30 17:11:41.678532+00'),
	('b98186c7-d677-438b-9af5-cd2336c43716', 'c01f1de2-6b07-4375-b34a-3c861a2ec31a', 'task_status_changed', 'Zmieniono status zadania', 'Wykonać przelew → w_trakcie', '837f204e-0641-4404-a98b-0e14b5c855cc', NULL, false, 'normal', '2026-04-30 17:11:50.128388+00'),
	('5bc278a9-0371-43d1-aa2b-bdcbc9a573b0', 'c01f1de2-6b07-4375-b34a-3c861a2ec31a', 'task_bumped', 'Podbito zadanie', 'Wykonać przelew', '837f204e-0641-4404-a98b-0e14b5c855cc', NULL, false, 'critical', '2026-04-30 13:03:11.078209+00'),
	('6393e78a-7134-44f8-b7f1-327c91c78658', '9012ec6c-b061-45ff-be1b-c96018f5b251', 'investment_created', 'Joanna W dodał(a) inwestycję', 'grupa nowa farmacja me — grupa nowa farmacja', NULL, '8745dcf7-cbac-4cdc-9ea2-cbbe5ac45dfb', false, 'normal', '2026-05-04 07:46:21.46617+00'),
	('e08d8752-d3b3-4f40-8869-f45ab62161bf', 'c01f1de2-6b07-4375-b34a-3c861a2ec31a', 'investment_status_changed', 'Łukasz W zmienił(a) status inwestycji', 'Nowa inwestycja w Łomży 12345 → W planowaniu', NULL, '1eb636ff-a8d4-4d73-8b35-0aeb646e1af6', true, 'normal', '2026-05-01 10:42:04.58648+00'),
	('131fea97-f2c9-4671-9e46-e57d2c318a3a', '5c5638be-d29c-4726-9816-c1ae4e4e4f1e', 'task_bumped', 'Podbito zadanie', 'Zamówić panele', '5a624a63-a8c4-4c29-8798-b459e078c05c', NULL, true, 'critical', '2026-04-30 12:36:56.417182+00'),
	('59525c9c-903d-44e2-8be2-071975893cdc', '5c5638be-d29c-4726-9816-c1ae4e4e4f1e', 'task_bumped', 'Podbito zadanie', 'Zamówić panele', '5a624a63-a8c4-4c29-8798-b459e078c05c', NULL, true, 'critical', '2026-04-30 12:36:57.765933+00'),
	('1116899c-edf3-4c76-961c-1458efe06290', '5c5638be-d29c-4726-9816-c1ae4e4e4f1e', 'task_bumped', 'Podbito zadanie', 'Zamówić panele', '5a624a63-a8c4-4c29-8798-b459e078c05c', NULL, true, 'critical', '2026-04-30 12:37:02.10248+00'),
	('b4e13757-ffc7-4289-aeee-14f804c24f68', '5c5638be-d29c-4726-9816-c1ae4e4e4f1e', 'task_bumped', 'Podbito zadanie', 'Zamówić panele', '5a624a63-a8c4-4c29-8798-b459e078c05c', NULL, true, 'critical', '2026-04-30 12:37:13.422658+00'),
	('5efa45b9-9060-40d8-8089-7e92c2f58f7d', '5c5638be-d29c-4726-9816-c1ae4e4e4f1e', 'task_bumped', 'Podbito zadanie', 'Zamówić panele', '5a624a63-a8c4-4c29-8798-b459e078c05c', NULL, true, 'critical', '2026-04-30 12:37:14.687336+00'),
	('18c157d7-f767-45b6-b48e-3823fa3a2214', 'c01f1de2-6b07-4375-b34a-3c861a2ec31a', 'task_bumped', 'Podbito zadanie', 'Wykonać przelew', '837f204e-0641-4404-a98b-0e14b5c855cc', NULL, false, 'critical', '2026-04-30 13:45:07.792067+00'),
	('6e1d5399-4636-4f55-8828-d696c9cd7663', 'c01f1de2-6b07-4375-b34a-3c861a2ec31a', 'task_bumped', 'Podbito zadanie', 'Wykonać przelew', '837f204e-0641-4404-a98b-0e14b5c855cc', NULL, false, 'critical', '2026-04-30 14:19:12.188698+00'),
	('b3e9b1d9-62a3-4212-b6ec-cb5a9f9d9e2e', 'c01f1de2-6b07-4375-b34a-3c861a2ec31a', 'task_bumped', 'Podbito zadanie', 'Wykonać przelew', '837f204e-0641-4404-a98b-0e14b5c855cc', NULL, false, 'critical', '2026-04-30 14:19:21.066929+00'),
	('47b26d0b-9ee9-49da-9ba3-f60bab68a4f6', 'c01f1de2-6b07-4375-b34a-3c861a2ec31a', 'task_created', 'Nowe zadanie', 'D', 'cc13d215-cc9e-46d9-beff-f77251610184', NULL, false, 'normal', '2026-04-30 14:19:33.341407+00'),
	('32d8d366-b535-47f9-a572-308804dd89eb', '9012ec6c-b061-45ff-be1b-c96018f5b251', 'task_created', 'Nowe zadanie', 'Kup kebaba', 'a794329c-8c42-4dfd-847d-ba867ce38908', NULL, true, 'normal', '2026-04-30 18:23:24.537091+00'),
	('7fcd33b2-07ee-46de-b143-372fcaece376', '9012ec6c-b061-45ff-be1b-c96018f5b251', 'task_bumped', 'Podbito zadanie', 'Kup kebaba', 'a794329c-8c42-4dfd-847d-ba867ce38908', NULL, true, 'critical', '2026-04-30 18:25:24.466382+00'),
	('84f836b9-45e5-4e4c-8360-18a62e9b56c2', '9012ec6c-b061-45ff-be1b-c96018f5b251', 'task_bumped', 'Podbito zadanie', 'Kup kebaba', 'a794329c-8c42-4dfd-847d-ba867ce38908', NULL, true, 'critical', '2026-04-30 18:24:02.328255+00'),
	('5fa2d03d-4db9-4681-87a6-b35171b44b43', '9012ec6c-b061-45ff-be1b-c96018f5b251', 'task_bumped', 'Podbito zadanie', 'Test', 'f2171668-b7f4-4881-a939-d2c582254567', NULL, true, 'critical', '2026-04-30 14:59:55.701671+00'),
	('0a578ebb-9ee3-4648-a55a-fa10c8323ca4', '9012ec6c-b061-45ff-be1b-c96018f5b251', 'task_bumped', 'Podbito zadanie', 'Hehe', '6b99c1a4-7895-4eae-a2af-8310521285a5', NULL, true, 'critical', '2026-04-30 13:09:26.309999+00'),
	('e89e28c9-9dde-457d-b0aa-ebe6d6ae6a98', '9012ec6c-b061-45ff-be1b-c96018f5b251', 'task_bumped', 'Podbito zadanie', 'Zadanie', '2204512d-b436-46e5-8b85-148222d518fc', NULL, true, 'critical', '2026-04-30 13:23:29.854629+00'),
	('b43d119e-f73f-466d-8ded-4905e045c608', '9012ec6c-b061-45ff-be1b-c96018f5b251', 'task_bumped', 'Podbito zadanie', 'Zadanie', '2204512d-b436-46e5-8b85-148222d518fc', NULL, true, 'critical', '2026-04-30 13:27:14.630654+00'),
	('1f6fe7c2-0775-46d0-bb4a-aadac53af89d', '9012ec6c-b061-45ff-be1b-c96018f5b251', 'task_bumped', 'Podbito zadanie', 'Zadanie', '2204512d-b436-46e5-8b85-148222d518fc', NULL, true, 'critical', '2026-04-30 13:27:22.08863+00'),
	('bbc78850-6543-4592-986b-1852bbc91052', '9012ec6c-b061-45ff-be1b-c96018f5b251', 'task_bumped', 'Podbito zadanie', 'Zadanie', '2204512d-b436-46e5-8b85-148222d518fc', NULL, true, 'critical', '2026-04-30 13:33:31.487355+00'),
	('72b9ede5-0613-41c8-a927-7f113ae494ba', '9012ec6c-b061-45ff-be1b-c96018f5b251', 'task_bumped', 'Podbito zadanie', 'Zadanie', '2204512d-b436-46e5-8b85-148222d518fc', NULL, true, 'critical', '2026-04-30 13:33:40.265098+00'),
	('15c6cc65-f6f9-4d1d-8336-c1ec6c5f5596', '9012ec6c-b061-45ff-be1b-c96018f5b251', 'task_bumped', 'Podbito zadanie', 'Test', 'f2171668-b7f4-4881-a939-d2c582254567', NULL, true, 'critical', '2026-04-30 13:51:52.664282+00'),
	('749f41cc-4162-440c-a258-76486ea756cf', '9012ec6c-b061-45ff-be1b-c96018f5b251', 'task_bumped', 'Podbito zadanie', 'Test', 'f2171668-b7f4-4881-a939-d2c582254567', NULL, true, 'critical', '2026-04-30 13:52:42.189961+00'),
	('adba4dde-0f38-4271-9b21-ea1806fc13a9', '9012ec6c-b061-45ff-be1b-c96018f5b251', 'task_bumped', 'Podbito zadanie', 'Test', 'f2171668-b7f4-4881-a939-d2c582254567', NULL, true, 'critical', '2026-04-30 13:54:43.163341+00'),
	('4acc29a4-bfde-4e06-999c-1031f3ec314f', '9012ec6c-b061-45ff-be1b-c96018f5b251', 'task_bumped', 'Podbito zadanie', 'Test', 'f2171668-b7f4-4881-a939-d2c582254567', NULL, true, 'critical', '2026-04-30 14:18:00.270898+00'),
	('ecb61692-42a4-4ec2-96ad-055fd5438147', '9012ec6c-b061-45ff-be1b-c96018f5b251', 'task_bumped', 'Podbito zadanie', 'Test', 'f2171668-b7f4-4881-a939-d2c582254567', NULL, true, 'critical', '2026-04-30 14:32:49.554032+00'),
	('54dd0490-f0ec-4971-9682-ee2e230fb05a', '9012ec6c-b061-45ff-be1b-c96018f5b251', 'task_bumped', 'Podbito zadanie', 'Test', 'f2171668-b7f4-4881-a939-d2c582254567', NULL, true, 'critical', '2026-04-30 15:00:01.108463+00'),
	('4bc6e300-68a6-43d9-9ea9-db88d503d6a7', '9012ec6c-b061-45ff-be1b-c96018f5b251', 'task_bumped', 'Podbito zadanie', 'Test', 'f2171668-b7f4-4881-a939-d2c582254567', NULL, true, 'critical', '2026-04-30 15:00:14.580618+00'),
	('1352e015-1a2e-4645-a39a-4ea92af8ad3d', '9012ec6c-b061-45ff-be1b-c96018f5b251', 'task_comment_added', 'Nowy komentarz w zadaniu', 'G', 'f2171668-b7f4-4881-a939-d2c582254567', NULL, true, 'normal', '2026-04-30 15:00:39.688095+00'),
	('ed8e073e-93ff-43a9-8b2c-a58186f339f7', '9012ec6c-b061-45ff-be1b-c96018f5b251', 'task_bumped', 'Podbito zadanie', 'Test', 'f2171668-b7f4-4881-a939-d2c582254567', NULL, true, 'critical', '2026-04-30 15:00:50.961592+00'),
	('32147967-f789-456c-ae7e-fd414b4d2ec5', '9012ec6c-b061-45ff-be1b-c96018f5b251', 'task_bumped', 'Podbito zadanie', 'Hehe', '6b99c1a4-7895-4eae-a2af-8310521285a5', NULL, true, 'critical', '2026-04-30 13:14:47.256291+00'),
	('af0dd231-5239-42af-beda-0c3b54cf1125', '9012ec6c-b061-45ff-be1b-c96018f5b251', 'task_bumped', 'Podbito zadanie', 'Zadanie', '2204512d-b436-46e5-8b85-148222d518fc', NULL, true, 'critical', '2026-04-30 13:24:19.318307+00'),
	('460da726-3035-4aa0-aeae-1bf9906bd897', '9012ec6c-b061-45ff-be1b-c96018f5b251', 'task_bumped', 'Podbito zadanie', 'Zadanie', '2204512d-b436-46e5-8b85-148222d518fc', NULL, true, 'critical', '2026-04-30 13:31:14.352003+00'),
	('9c731945-dcd4-4588-9f15-b8dd5c09970a', '9012ec6c-b061-45ff-be1b-c96018f5b251', 'task_created', 'Nowe zadanie', 'Test', 'f2171668-b7f4-4881-a939-d2c582254567', NULL, true, 'normal', '2026-04-30 13:40:31.589203+00'),
	('de429c11-1a2c-4386-b422-b3d1ab147767', '9012ec6c-b061-45ff-be1b-c96018f5b251', 'task_status_changed', 'Zmieniono status zadania', 'Test → w_trakcie', 'f2171668-b7f4-4881-a939-d2c582254567', NULL, true, 'normal', '2026-04-30 13:52:46.871774+00'),
	('201dc9fb-cb8a-4b49-bdb4-4c5a6ea9df25', '9012ec6c-b061-45ff-be1b-c96018f5b251', 'task_status_changed', 'Zmieniono status zadania', 'Test → w_trakcie', 'f2171668-b7f4-4881-a939-d2c582254567', NULL, true, 'normal', '2026-04-30 13:52:48.816725+00'),
	('d9ba8909-dbac-4c05-918c-a7cf236cea19', '9012ec6c-b061-45ff-be1b-c96018f5b251', 'task_bumped', 'Podbito zadanie', 'Test', 'f2171668-b7f4-4881-a939-d2c582254567', NULL, true, 'critical', '2026-04-30 13:53:14.96451+00'),
	('3a8d3c1b-2d75-487e-8de8-223346a2d99b', '9012ec6c-b061-45ff-be1b-c96018f5b251', 'task_bumped', 'Podbito zadanie', 'Test', 'f2171668-b7f4-4881-a939-d2c582254567', NULL, true, 'critical', '2026-04-30 14:09:42.591038+00'),
	('24a6da62-6b18-4e9e-bfd0-ec705d841d40', '9012ec6c-b061-45ff-be1b-c96018f5b251', 'task_bumped', 'Podbito zadanie', 'Kup kebaba', 'a794329c-8c42-4dfd-847d-ba867ce38908', NULL, true, 'critical', '2026-04-30 18:24:05.421738+00'),
	('a6f07d9d-cfd0-41f2-ba78-a75a79cc1c69', '5c5638be-d29c-4726-9816-c1ae4e4e4f1e', 'task_created', 'Nowe zadanie', 'Zamówić panele dwa razy', '56dc2016-017c-4466-9b96-85625f743ec2', NULL, true, 'normal', '2026-04-30 15:52:01.548518+00'),
	('09090044-7834-471c-a120-d9684806b080', 'c01f1de2-6b07-4375-b34a-3c861a2ec31a', 'task_status_changed', 'Zmieniono status zadania', 'Wykonać przelew → zrobione', '837f204e-0641-4404-a98b-0e14b5c855cc', NULL, false, 'normal', '2026-04-30 17:11:42.77178+00'),
	('9311bc46-5bd0-40e7-b5dc-f2b46c680652', 'c01f1de2-6b07-4375-b34a-3c861a2ec31a', 'task_status_changed', 'Zmieniono status zadania', 'Wykonać przelew → do_zrobienia', '837f204e-0641-4404-a98b-0e14b5c855cc', NULL, false, 'normal', '2026-04-30 17:11:44.223194+00'),
	('a2df6b10-4257-4109-952b-17d819a46a38', 'c01f1de2-6b07-4375-b34a-3c861a2ec31a', 'task_status_changed', 'Zmieniono status zadania', 'Wykonać przelew → do_zrobienia', '837f204e-0641-4404-a98b-0e14b5c855cc', NULL, false, 'normal', '2026-04-30 17:11:54.802148+00'),
	('7d065224-fd18-4082-9ced-ad3f38dcc0c7', '79e6eb94-99a8-40df-9bcf-ca6b6a3697f1', 'task_bumped', 'Łukasz W podbił(a) zadanie', 'Zadanie testowe', 'df77e6be-6198-4801-bd82-648df49cfd7c', NULL, true, 'critical', '2026-05-01 10:27:51.33424+00'),
	('02285dd1-3e72-4c1a-b46d-ded8814ad99a', '79e6eb94-99a8-40df-9bcf-ca6b6a3697f1', 'task_bumped', 'Łukasz W podbił(a) zadanie', 'Zadanie testowe', 'df77e6be-6198-4801-bd82-648df49cfd7c', NULL, true, 'critical', '2026-05-01 10:27:58.217457+00'),
	('575d3867-3701-4002-9296-7d9cafb665a5', '5c5638be-d29c-4726-9816-c1ae4e4e4f1e', 'task_bumped', 'Podbito zadanie', 'Zamówić panele dwa razy', '56dc2016-017c-4466-9b96-85625f743ec2', NULL, true, 'critical', '2026-04-30 17:59:13.528329+00'),
	('01cf172b-772a-463c-9511-a7cddf6a5942', '79e6eb94-99a8-40df-9bcf-ca6b6a3697f1', 'task_bumped', 'Łukasz W podbił(a) zadanie', 'Zadanie testowe', 'df77e6be-6198-4801-bd82-648df49cfd7c', NULL, true, 'critical', '2026-05-01 10:28:07.814097+00'),
	('e2a0fefe-a893-420b-b370-892d995b851e', 'c01f1de2-6b07-4375-b34a-3c861a2ec31a', 'task_bumped', 'Podbito zadanie', 'Wykonać przelew', '837f204e-0641-4404-a98b-0e14b5c855cc', NULL, false, 'critical', '2026-04-30 13:04:10.1912+00'),
	('a88f8438-fbe5-4bae-934a-872af7686d17', 'a06e0744-d20c-486b-a1ba-f8c2931d03a2', 'investment_created', 'Joanna W dodał(a) inwestycję', 'grupa nowa farmacja me — grupa nowa farmacja', NULL, '8745dcf7-cbac-4cdc-9ea2-cbbe5ac45dfb', true, 'normal', '2026-05-04 07:46:21.738758+00'),
	('48ff52d8-9448-409b-afae-2036372f39b4', '9012ec6c-b061-45ff-be1b-c96018f5b251', 'task_status_changed', 'Zmieniono status zadania', 'Zamówić panele dwa razy → w_trakcie', '56dc2016-017c-4466-9b96-85625f743ec2', NULL, true, 'normal', '2026-04-30 18:03:55.262115+00'),
	('9583c361-51be-4613-8fbe-896d07bd904e', 'c01f1de2-6b07-4375-b34a-3c861a2ec31a', 'task_status_changed', 'Zmieniono status zadania', 'Zamówić panele → zrobione', '5a624a63-a8c4-4c29-8798-b459e078c05c', NULL, false, 'normal', '2026-04-30 13:39:50.08492+00'),
	('7eb03fab-0f35-4435-93cd-12460bcf50cd', 'c01f1de2-6b07-4375-b34a-3c861a2ec31a', 'task_status_changed', 'Zmieniono status zadania', 'Zamówić panele → zrobione', 'ccb5e024-8867-4773-bca9-9e86864d51ef', NULL, false, 'normal', '2026-04-30 13:39:52.76592+00'),
	('9e7175ce-bac1-4873-bbf0-001d350a9eac', '5c5638be-d29c-4726-9816-c1ae4e4e4f1e', 'investment_created', 'Joanna W dodał(a) inwestycję', 'grupa nowa farmacja me — grupa nowa farmacja', NULL, '8745dcf7-cbac-4cdc-9ea2-cbbe5ac45dfb', true, 'normal', '2026-05-04 07:46:21.605382+00'),
	('e3cc9141-8314-4374-bb0b-17215a6b5b0a', '9012ec6c-b061-45ff-be1b-c96018f5b251', 'task_bumped', 'Podbito zadanie', 'Kup kebaba', 'a794329c-8c42-4dfd-847d-ba867ce38908', NULL, true, 'critical', '2026-04-30 18:24:02.913189+00'),
	('3b1bf43b-4233-4a91-b33d-9e804ff3bc2b', 'c01f1de2-6b07-4375-b34a-3c861a2ec31a', 'task_bumped', 'Podbito zadanie', 'Wykonać przelew', '837f204e-0641-4404-a98b-0e14b5c855cc', NULL, false, 'critical', '2026-04-30 13:45:14.054322+00'),
	('569f31b7-5e72-40ca-978e-f08b137941f6', '5c5638be-d29c-4726-9816-c1ae4e4e4f1e', 'task_bumped', 'Podbito zadanie', 'Zamówić panele', '5a624a63-a8c4-4c29-8798-b459e078c05c', NULL, true, 'critical', '2026-04-30 12:36:57.086752+00'),
	('a84fc6db-6ca5-4601-a762-f346331b0fe4', '5c5638be-d29c-4726-9816-c1ae4e4e4f1e', 'task_bumped', 'Podbito zadanie', 'Zamówić panele', '5a624a63-a8c4-4c29-8798-b459e078c05c', NULL, true, 'critical', '2026-04-30 12:37:00.683103+00'),
	('a4f75339-c594-4c81-b636-e4d79a0796e0', '5c5638be-d29c-4726-9816-c1ae4e4e4f1e', 'task_bumped', 'Podbito zadanie', 'Zamówić panele', '5a624a63-a8c4-4c29-8798-b459e078c05c', NULL, true, 'critical', '2026-04-30 12:37:01.658039+00'),
	('b83d14ab-f9a8-4789-b097-11854ceaea72', '5c5638be-d29c-4726-9816-c1ae4e4e4f1e', 'task_bumped', 'Podbito zadanie', 'Zamówić panele', '5a624a63-a8c4-4c29-8798-b459e078c05c', NULL, true, 'critical', '2026-04-30 12:37:02.522053+00'),
	('07e77a0e-b4fc-4f48-af5c-83b544d1fba9', '5c5638be-d29c-4726-9816-c1ae4e4e4f1e', 'task_bumped', 'Podbito zadanie', 'Zamówić panele', '5a624a63-a8c4-4c29-8798-b459e078c05c', NULL, true, 'critical', '2026-04-30 12:37:07.484671+00'),
	('f3702109-7011-444f-b049-4272be304f4b', '5c5638be-d29c-4726-9816-c1ae4e4e4f1e', 'task_bumped', 'Podbito zadanie', 'Zamówić panele', '5a624a63-a8c4-4c29-8798-b459e078c05c', NULL, true, 'critical', '2026-04-30 12:37:08.728831+00'),
	('a058e5ec-b5d9-478a-b825-e1c899cc14cb', '5c5638be-d29c-4726-9816-c1ae4e4e4f1e', 'task_bumped', 'Podbito zadanie', 'Zamówić panele', '5a624a63-a8c4-4c29-8798-b459e078c05c', NULL, true, 'critical', '2026-04-30 12:37:09.759638+00'),
	('babf64c4-e953-4b53-a3cd-f2f5b1afca09', '5c5638be-d29c-4726-9816-c1ae4e4e4f1e', 'task_bumped', 'Podbito zadanie', 'Zamówić panele', '5a624a63-a8c4-4c29-8798-b459e078c05c', NULL, true, 'critical', '2026-04-30 12:37:11.206916+00'),
	('e6db00f1-ef5d-4fc5-a6dd-deeca310c358', '5c5638be-d29c-4726-9816-c1ae4e4e4f1e', 'task_bumped', 'Podbito zadanie', 'Zamówić panele', '5a624a63-a8c4-4c29-8798-b459e078c05c', NULL, true, 'critical', '2026-04-30 12:37:14.048425+00'),
	('40e7b37d-a4f8-4d69-a5ad-af437d031ae6', 'c01f1de2-6b07-4375-b34a-3c861a2ec31a', 'task_bumped', 'Podbito zadanie', 'Wykonać przelew', '837f204e-0641-4404-a98b-0e14b5c855cc', NULL, false, 'critical', '2026-04-30 13:47:03.890343+00'),
	('3d8f5f24-fe60-4ee9-b372-bef66dd4ac1e', '9012ec6c-b061-45ff-be1b-c96018f5b251', 'task_bumped', 'Podbito zadanie', 'Kup kebaba', 'a794329c-8c42-4dfd-847d-ba867ce38908', NULL, true, 'critical', '2026-04-30 18:24:04.172658+00'),
	('6e98b0ec-c996-491a-acb8-7fb426d89dbc', '9012ec6c-b061-45ff-be1b-c96018f5b251', 'task_bumped', 'Podbito zadanie', 'Hehe', '6b99c1a4-7895-4eae-a2af-8310521285a5', NULL, true, 'critical', '2026-04-30 13:13:33.727685+00'),
	('84e0910f-8cd3-42d9-9118-5ed579065fe0', '9012ec6c-b061-45ff-be1b-c96018f5b251', 'task_bumped', 'Podbito zadanie', 'Zadanie', '2204512d-b436-46e5-8b85-148222d518fc', NULL, true, 'critical', '2026-04-30 13:23:34.873609+00'),
	('7f7a33a6-a3d3-43be-99ef-36dc1e8a4437', '9012ec6c-b061-45ff-be1b-c96018f5b251', 'task_bumped', 'Podbito zadanie', 'Zadanie', '2204512d-b436-46e5-8b85-148222d518fc', NULL, true, 'critical', '2026-04-30 13:28:15.70461+00'),
	('bc4e5a36-b5aa-4882-8623-c3faf4c59a04', '9012ec6c-b061-45ff-be1b-c96018f5b251', 'task_status_changed', 'Zmieniono status zadania', 'asd → zrobione', '7a3ae7b1-b554-4882-b897-34d0b4280be9', NULL, true, 'normal', '2026-04-30 13:40:00.369823+00'),
	('2d656d90-6277-4447-9b2f-8c709f7381f3', '9012ec6c-b061-45ff-be1b-c96018f5b251', 'task_bumped', 'Podbito zadanie', 'Test', 'f2171668-b7f4-4881-a939-d2c582254567', NULL, true, 'critical', '2026-04-30 13:41:18.056665+00'),
	('bee190e1-9da3-48a7-9d99-0b6173daca98', '9012ec6c-b061-45ff-be1b-c96018f5b251', 'task_bumped', 'Podbito zadanie', 'Test', 'f2171668-b7f4-4881-a939-d2c582254567', NULL, true, 'critical', '2026-04-30 13:52:21.922465+00'),
	('3e206ab1-e75d-4343-a815-77142a5eedad', '9012ec6c-b061-45ff-be1b-c96018f5b251', 'task_bumped', 'Podbito zadanie', 'Test', 'f2171668-b7f4-4881-a939-d2c582254567', NULL, true, 'critical', '2026-04-30 13:58:12.846328+00'),
	('d1c4eafe-7e58-49f7-9a74-5f339caba73f', '9012ec6c-b061-45ff-be1b-c96018f5b251', 'task_bumped', 'Podbito zadanie', 'Test', 'f2171668-b7f4-4881-a939-d2c582254567', NULL, true, 'critical', '2026-04-30 14:23:15.246177+00'),
	('f0551d8d-965e-4f5a-a1ba-a58c1073ea48', '9012ec6c-b061-45ff-be1b-c96018f5b251', 'task_bumped', 'Podbito zadanie', 'Test', 'f2171668-b7f4-4881-a939-d2c582254567', NULL, true, 'critical', '2026-04-30 14:58:20.498091+00'),
	('fff6d6d3-b81f-4018-b313-0ba467989b47', '5c5638be-d29c-4726-9816-c1ae4e4e4f1e', 'task_comment_added', 'Nowy komentarz w zadaniu', 'F', 'f2171668-b7f4-4881-a939-d2c582254567', NULL, true, 'normal', '2026-04-30 14:23:32.759257+00'),
	('3793a06d-3d1c-40e2-ad3d-ae052ea84e70', 'c01f1de2-6b07-4375-b34a-3c861a2ec31a', 'task_bumped', 'Podbito zadanie', 'D', 'cc13d215-cc9e-46d9-beff-f77251610184', NULL, false, 'critical', '2026-04-30 15:01:29.642517+00'),
	('85a74b79-3ec8-46d7-a2a9-c44a5ae46256', 'c01f1de2-6b07-4375-b34a-3c861a2ec31a', 'task_status_changed', 'Zmieniono status zadania', 'Wykonać przelew → zrobione', '837f204e-0641-4404-a98b-0e14b5c855cc', NULL, false, 'normal', '2026-04-30 17:11:52.569947+00'),
	('c0c07a5c-ce11-4014-aa48-9138ab1ee994', '5c5638be-d29c-4726-9816-c1ae4e4e4f1e', 'task_bumped', 'Podbito zadanie', 'Zamówić panele dwa razy', '56dc2016-017c-4466-9b96-85625f743ec2', NULL, true, 'critical', '2026-04-30 15:52:46.429146+00'),
	('13907ce7-3b96-407c-8f37-29df2965babc', '9012ec6c-b061-45ff-be1b-c96018f5b251', 'task_comment_added', 'Nowy komentarz w zadaniu', 'Ale już', 'a794329c-8c42-4dfd-847d-ba867ce38908', NULL, true, 'normal', '2026-04-30 18:24:20.961902+00'),
	('fe1a0814-0b38-4495-9e36-64cdd72ca062', '9012ec6c-b061-45ff-be1b-c96018f5b251', 'task_bumped', 'Podbito zadanie', 'Kup kebaba', 'a794329c-8c42-4dfd-847d-ba867ce38908', NULL, true, 'critical', '2026-04-30 18:24:27.287363+00'),
	('62714dab-203b-4958-b5fb-7f319d5b4f01', '9012ec6c-b061-45ff-be1b-c96018f5b251', 'task_bumped', 'Podbito zadanie', 'Kup kebaba', 'a794329c-8c42-4dfd-847d-ba867ce38908', NULL, true, 'critical', '2026-04-30 18:25:19.653715+00'),
	('e03f29b1-4de6-4e98-9c5f-6f865acf368d', '9012ec6c-b061-45ff-be1b-c96018f5b251', 'task_bumped', 'Podbito zadanie', 'Kup kebaba', 'a794329c-8c42-4dfd-847d-ba867ce38908', NULL, true, 'critical', '2026-04-30 18:25:21.151548+00'),
	('7511f045-171d-407c-b666-92c59e81f4e7', '9012ec6c-b061-45ff-be1b-c96018f5b251', 'investment_status_changed', 'Łukasz W zmienił(a) status inwestycji', 'Testowa inwestycja Xyz → W planowaniu', NULL, 'dc091bcd-3d32-48aa-b413-6e9802bb5044', false, 'normal', '2026-05-01 10:29:29.576279+00'),
	('a7468f3d-ffed-4fcb-8dec-6d7e51b7b085', 'a06e0744-d20c-486b-a1ba-f8c2931d03a2', 'investment_status_changed', 'Łukasz W zmienił(a) status inwestycji', 'Testowa inwestycja Xyz → Czeka na wpłatę', NULL, 'dc091bcd-3d32-48aa-b413-6e9802bb5044', false, 'normal', '2026-05-01 10:29:31.796376+00'),
	('0b0d3f8d-c334-4cbe-afbf-7ae91247877a', '9012ec6c-b061-45ff-be1b-c96018f5b251', 'investment_created', 'Łukasz W dodał(a) inwestycję', 'Testowa inwestycja 2 — Marek Marek', NULL, '30bb87ca-7b72-422a-8c24-04a4b4597c47', false, 'normal', '2026-05-01 10:33:13.894009+00'),
	('3e76afc4-3af2-4dc2-8adc-622ad39c1fec', '79e6eb94-99a8-40df-9bcf-ca6b6a3697f1', 'task_comment_added', 'Łukasz W skomentował(a)', 'Zadanie testowe: Xyz', 'df77e6be-6198-4801-bd82-648df49cfd7c', NULL, true, 'normal', '2026-05-01 10:28:11.555389+00'),
	('97211d15-0392-46b7-9422-f76f53531287', '79e6eb94-99a8-40df-9bcf-ca6b6a3697f1', 'task_created', 'Nowe zadanie', 'Zrób zakupy', '50b5ede5-7fc2-4d88-9a5f-e18e3efb5b81', NULL, true, 'normal', '2026-04-30 18:57:37.806304+00'),
	('42523e7a-c96f-4a6c-8e03-ea3cd80a74a9', '79e6eb94-99a8-40df-9bcf-ca6b6a3697f1', 'task_bumped', 'Podbito zadanie', 'Zrób zakupy', '50b5ede5-7fc2-4d88-9a5f-e18e3efb5b81', NULL, true, 'critical', '2026-04-30 18:57:45.162147+00'),
	('a05e44dd-696d-4c0b-ace6-49296659614b', '79e6eb94-99a8-40df-9bcf-ca6b6a3697f1', 'task_bumped', 'Podbito zadanie', 'Zrób zakupy', '50b5ede5-7fc2-4d88-9a5f-e18e3efb5b81', NULL, true, 'critical', '2026-04-30 18:57:53.669928+00'),
	('9d28385e-73e7-4d37-ae4e-dd7441a92f6c', 'c01f1de2-6b07-4375-b34a-3c861a2ec31a', 'investment_created', 'Łukasz W dodał(a) inwestycję', 'Testowa inwestycja Xyz — Xyz', NULL, 'dc091bcd-3d32-48aa-b413-6e9802bb5044', true, 'normal', '2026-05-01 10:29:17.872197+00'),
	('60147be6-af99-4111-923f-9bb13031ff7f', '5c5638be-d29c-4726-9816-c1ae4e4e4f1e', 'task_bumped', 'Podbito zadanie', 'Zamówić panele dwa razy', '56dc2016-017c-4466-9b96-85625f743ec2', NULL, true, 'critical', '2026-04-30 18:02:32.810538+00'),
	('03221a2c-c683-473c-a4de-eb6c9dce3f2a', '5c5638be-d29c-4726-9816-c1ae4e4e4f1e', 'task_bumped', 'Podbito zadanie', 'Zamówić panele dwa razy', '56dc2016-017c-4466-9b96-85625f743ec2', NULL, true, 'critical', '2026-04-30 18:02:37.241629+00'),
	('59b1c29b-2749-4c32-b6e0-4fbc59b24344', '5c5638be-d29c-4726-9816-c1ae4e4e4f1e', 'task_status_changed', 'Zmieniono status zadania', 'Xyz → w_trakcie', '37e90303-900d-4609-8231-5445e8647f61', NULL, true, 'normal', '2026-04-30 18:03:25.42904+00'),
	('9ef96b0e-0b5b-4bdb-9054-95ac5e469b50', '5c5638be-d29c-4726-9816-c1ae4e4e4f1e', 'task_bumped', 'Podbito zadanie', 'Zamówić panele dwa razy', '56dc2016-017c-4466-9b96-85625f743ec2', NULL, true, 'critical', '2026-04-30 18:04:21.430369+00'),
	('43edbf9c-f377-4d72-a8d4-dc25f8b48058', '5c5638be-d29c-4726-9816-c1ae4e4e4f1e', 'task_comment_added', 'Nowy komentarz w zadaniu', 'Haha', 'a794329c-8c42-4dfd-847d-ba867ce38908', NULL, true, 'normal', '2026-04-30 18:24:56.90887+00'),
	('8338cc30-a882-4fd0-b41f-f6a59002003a', 'c01f1de2-6b07-4375-b34a-3c861a2ec31a', 'task_bumped', 'Podbito zadanie', 'Wykonać przelew', '837f204e-0641-4404-a98b-0e14b5c855cc', NULL, false, 'critical', '2026-04-30 13:04:21.973551+00'),
	('6c34b28c-f29f-44a5-a204-48aaeb7a4beb', '9012ec6c-b061-45ff-be1b-c96018f5b251', 'task_bumped', 'Podbito zadanie', 'Kup kebaba', 'a794329c-8c42-4dfd-847d-ba867ce38908', NULL, true, 'critical', '2026-04-30 18:24:15.300675+00'),
	('cd32f3ec-6792-4bb0-ac2a-8faca0bd20ca', '5c5638be-d29c-4726-9816-c1ae4e4e4f1e', 'task_created', 'Joanna W przypisal(a) Ci zadanie', 'upoważnienie', '112fe1a4-01d2-4bb8-80f6-b5f9c024b478', NULL, false, 'normal', '2026-05-04 07:47:23.139017+00'),
	('4275111e-79fc-465f-b163-b876292ed9b7', '5c5638be-d29c-4726-9816-c1ae4e4e4f1e', 'task_bumped', 'Joanna W podbił(a) zadanie', 'upoważnienie', '112fe1a4-01d2-4bb8-80f6-b5f9c024b478', NULL, false, 'critical', '2026-05-04 07:47:36.778188+00'),
	('1e97ddb1-df99-4612-96c2-b958d765937a', '5c5638be-d29c-4726-9816-c1ae4e4e4f1e', 'task_created', 'Wojtek P przypisal(a) Ci zadanie', 'Opłacić kable metical', '9e5f6d08-3fc7-402f-ac6d-45977d95b9c1', NULL, false, 'normal', '2026-05-04 09:54:03.384331+00'),
	('53ae9cdb-5a20-4876-8951-c52122837eeb', 'a06e0744-d20c-486b-a1ba-f8c2931d03a2', 'task_comment_added', 'Łukasz W skomentował(a)', 'Opłacić kable metical: Ok', '9e5f6d08-3fc7-402f-ac6d-45977d95b9c1', NULL, false, 'normal', '2026-05-04 09:54:39.552715+00'),
	('e75a7f7a-f02b-441c-aa9a-b8844efea13b', '9012ec6c-b061-45ff-be1b-c96018f5b251', 'task_bumped', 'Podbito zadanie', 'Kup kebaba', 'a794329c-8c42-4dfd-847d-ba867ce38908', NULL, true, 'critical', '2026-04-30 18:24:18.228074+00'),
	('99c5d5aa-e054-43e4-9ae7-e6bd18c2b82a', 'c01f1de2-6b07-4375-b34a-3c861a2ec31a', 'task_bumped', 'Podbito zadanie', 'Wykonać przelew', '837f204e-0641-4404-a98b-0e14b5c855cc', NULL, false, 'critical', '2026-04-30 13:45:33.805329+00'),
	('74bec264-d1db-45d7-9a9c-89e6908e791f', '5c5638be-d29c-4726-9816-c1ae4e4e4f1e', 'task_bumped', 'Podbito zadanie', 'Zamówić panele', '5a624a63-a8c4-4c29-8798-b459e078c05c', NULL, true, 'critical', '2026-04-30 12:36:58.381381+00'),
	('cad10b4d-5bd0-4f96-ae5b-a2b8be3e1671', '5c5638be-d29c-4726-9816-c1ae4e4e4f1e', 'task_bumped', 'Podbito zadanie', 'Zamówić panele', '5a624a63-a8c4-4c29-8798-b459e078c05c', NULL, true, 'critical', '2026-04-30 12:36:59.576459+00'),
	('8decb91c-190a-4c3b-aa61-cfeac93c71f1', '5c5638be-d29c-4726-9816-c1ae4e4e4f1e', 'task_bumped', 'Podbito zadanie', 'Zamówić panele', '5a624a63-a8c4-4c29-8798-b459e078c05c', NULL, true, 'critical', '2026-04-30 12:37:01.17206+00'),
	('b618d8c8-66d6-403a-88ae-0fe8c2545ff4', '5c5638be-d29c-4726-9816-c1ae4e4e4f1e', 'task_bumped', 'Podbito zadanie', 'Zamówić panele', '5a624a63-a8c4-4c29-8798-b459e078c05c', NULL, true, 'critical', '2026-04-30 12:37:06.770794+00'),
	('38d5585b-fdd4-4093-a56e-3a8cac4a0baf', '5c5638be-d29c-4726-9816-c1ae4e4e4f1e', 'task_bumped', 'Podbito zadanie', 'Zamówić panele', '5a624a63-a8c4-4c29-8798-b459e078c05c', NULL, true, 'critical', '2026-04-30 12:37:08.202429+00'),
	('9132aa1a-1c19-49bc-9b83-802925a5ba63', '5c5638be-d29c-4726-9816-c1ae4e4e4f1e', 'task_bumped', 'Podbito zadanie', 'Zamówić panele', '5a624a63-a8c4-4c29-8798-b459e078c05c', NULL, true, 'critical', '2026-04-30 12:37:09.162412+00'),
	('5f09d057-bc0a-4701-9542-bbd743e43eab', '5c5638be-d29c-4726-9816-c1ae4e4e4f1e', 'task_bumped', 'Podbito zadanie', 'Zamówić panele', '5a624a63-a8c4-4c29-8798-b459e078c05c', NULL, true, 'critical', '2026-04-30 12:37:10.281899+00'),
	('6fc664c9-b613-4485-85b0-4a02b78ac749', '5c5638be-d29c-4726-9816-c1ae4e4e4f1e', 'task_bumped', 'Podbito zadanie', 'Zamówić panele', '5a624a63-a8c4-4c29-8798-b459e078c05c', NULL, true, 'critical', '2026-04-30 12:37:11.818225+00'),
	('e0956385-029f-4fc6-ac1e-52748707d537', '5c5638be-d29c-4726-9816-c1ae4e4e4f1e', 'task_bumped', 'Podbito zadanie', 'Zamówić panele', '5a624a63-a8c4-4c29-8798-b459e078c05c', NULL, true, 'critical', '2026-04-30 12:37:12.922367+00'),
	('66c56cc8-efc0-47cb-be09-0f921a802901', '9012ec6c-b061-45ff-be1b-c96018f5b251', 'task_bumped', 'Podbito zadanie', 'Kup kebaba', 'a794329c-8c42-4dfd-847d-ba867ce38908', NULL, true, 'critical', '2026-04-30 18:24:24.329989+00'),
	('0e07b3ce-2dce-41c9-8462-51e5975cb8ce', '9012ec6c-b061-45ff-be1b-c96018f5b251', 'task_bumped', 'Podbito zadanie', 'Kup kebaba', 'a794329c-8c42-4dfd-847d-ba867ce38908', NULL, true, 'critical', '2026-04-30 18:25:09.50176+00'),
	('c1a650e8-07d4-4bc5-b294-cc4340209581', '9012ec6c-b061-45ff-be1b-c96018f5b251', 'task_bumped', 'Podbito zadanie', 'Kup kebaba', 'a794329c-8c42-4dfd-847d-ba867ce38908', NULL, true, 'critical', '2026-04-30 18:25:17.917199+00'),
	('58dc2cf2-4c19-4c96-b4f2-a6799c76a2ba', '9012ec6c-b061-45ff-be1b-c96018f5b251', 'task_bumped', 'Podbito zadanie', 'Kup kebaba', 'a794329c-8c42-4dfd-847d-ba867ce38908', NULL, true, 'critical', '2026-04-30 18:25:22.241091+00'),
	('82b80f8a-e4ba-4deb-b54c-933b072a37f7', '9012ec6c-b061-45ff-be1b-c96018f5b251', 'task_comment_added', 'Nowy komentarz w zadaniu', 'Zamówione będą jutro', '56dc2016-017c-4466-9b96-85625f743ec2', NULL, true, 'normal', '2026-04-30 18:03:54.595387+00'),
	('d15bc7cc-fac4-4ff1-a38b-7a7a70c30ed0', '9012ec6c-b061-45ff-be1b-c96018f5b251', 'task_bumped', 'Podbito zadanie', 'Kup kebaba', 'a794329c-8c42-4dfd-847d-ba867ce38908', NULL, true, 'critical', '2026-04-30 18:24:03.525418+00'),
	('26668170-78c1-49a5-a67b-4a1dc0a82fe5', '9012ec6c-b061-45ff-be1b-c96018f5b251', 'task_bumped', 'Podbito zadanie', 'Hehe', '6b99c1a4-7895-4eae-a2af-8310521285a5', NULL, true, 'critical', '2026-04-30 13:14:45.876581+00'),
	('3ff4c672-8da6-4c72-a823-bb90945cde91', '9012ec6c-b061-45ff-be1b-c96018f5b251', 'task_bumped', 'Podbito zadanie', 'Zadanie', '2204512d-b436-46e5-8b85-148222d518fc', NULL, true, 'critical', '2026-04-30 13:23:36.448606+00'),
	('e1a156a1-b6e2-4ad1-8505-bf4849d8b9e8', '9012ec6c-b061-45ff-be1b-c96018f5b251', 'task_bumped', 'Podbito zadanie', 'Zadanie', '2204512d-b436-46e5-8b85-148222d518fc', NULL, true, 'critical', '2026-04-30 13:24:12.319515+00'),
	('cc60a646-f7da-47fc-9429-3f1b0bd087d8', '9012ec6c-b061-45ff-be1b-c96018f5b251', 'task_bumped', 'Podbito zadanie', 'Zadanie', '2204512d-b436-46e5-8b85-148222d518fc', NULL, true, 'critical', '2026-04-30 13:29:38.028754+00'),
	('8bbd9f21-79b2-444e-8a64-eac1f8ad78dd', '9012ec6c-b061-45ff-be1b-c96018f5b251', 'task_bumped', 'Podbito zadanie', 'Zadanie', '2204512d-b436-46e5-8b85-148222d518fc', NULL, true, 'critical', '2026-04-30 13:29:54.846025+00'),
	('3a2f401b-1568-4f03-a373-f07d1598cc5e', '9012ec6c-b061-45ff-be1b-c96018f5b251', 'task_comment_added', 'Nowy komentarz w zadaniu', 'Hi', '2204512d-b436-46e5-8b85-148222d518fc', NULL, true, 'normal', '2026-04-30 13:30:02.62294+00'),
	('cf12d8a2-aee1-4063-8caa-4f0180b6b0f8', '9012ec6c-b061-45ff-be1b-c96018f5b251', 'task_bumped', 'Podbito zadanie', 'Zadanie', '2204512d-b436-46e5-8b85-148222d518fc', NULL, true, 'critical', '2026-04-30 13:40:13.812768+00'),
	('ac887b22-d26f-42c3-aff0-e3ba0870cef9', '9012ec6c-b061-45ff-be1b-c96018f5b251', 'task_status_changed', 'Zmieniono status zadania', 'Test → do_zrobienia', 'f2171668-b7f4-4881-a939-d2c582254567', NULL, true, 'normal', '2026-04-30 13:52:45.348018+00'),
	('32f627d4-8052-43a0-a4fc-ccc4814aceb4', '9012ec6c-b061-45ff-be1b-c96018f5b251', 'task_status_changed', 'Zmieniono status zadania', 'Test → do_zrobienia', 'f2171668-b7f4-4881-a939-d2c582254567', NULL, true, 'normal', '2026-04-30 13:52:48.10125+00'),
	('6cffabf5-8d23-45f3-af57-b42423edf9e4', '9012ec6c-b061-45ff-be1b-c96018f5b251', 'task_bumped', 'Podbito zadanie', 'Test', 'f2171668-b7f4-4881-a939-d2c582254567', NULL, true, 'critical', '2026-04-30 13:58:18.353229+00'),
	('3f53f691-3843-4547-98e2-9dfd22ceb2ed', '9012ec6c-b061-45ff-be1b-c96018f5b251', 'task_bumped', 'Podbito zadanie', 'Test', 'f2171668-b7f4-4881-a939-d2c582254567', NULL, true, 'critical', '2026-04-30 14:23:22.221262+00'),
	('d7986cf8-5ba6-4b25-abcf-22adaa57c7a7', '9012ec6c-b061-45ff-be1b-c96018f5b251', 'task_bumped', 'Podbito zadanie', 'Test', 'f2171668-b7f4-4881-a939-d2c582254567', NULL, true, 'critical', '2026-04-30 14:59:42.215957+00'),
	('18d4eb51-53f3-4b25-ad94-2b7794a714f0', '9012ec6c-b061-45ff-be1b-c96018f5b251', 'task_bumped', 'Podbito zadanie', 'Test', 'f2171668-b7f4-4881-a939-d2c582254567', NULL, true, 'critical', '2026-04-30 14:59:50.805707+00'),
	('ec4a8af5-0fcd-426c-8486-feffb5cee50b', '9012ec6c-b061-45ff-be1b-c96018f5b251', 'task_bumped', 'Podbito zadanie', 'Test', 'f2171668-b7f4-4881-a939-d2c582254567', NULL, true, 'critical', '2026-04-30 15:00:08.066305+00'),
	('1d882e88-695c-4db8-923d-79952aaf0107', '9012ec6c-b061-45ff-be1b-c96018f5b251', 'task_bumped', 'Podbito zadanie', 'Test', 'f2171668-b7f4-4881-a939-d2c582254567', NULL, true, 'critical', '2026-04-30 15:00:33.298556+00'),
	('f9e16d58-4c4c-45be-a4db-2aa43110d622', '5c5638be-d29c-4726-9816-c1ae4e4e4f1e', 'task_created', 'Nowe zadanie', 'Hshsh', 'e9eb6419-5691-4620-ab5f-970d3a5ac0c8', NULL, true, 'normal', '2026-04-30 15:02:22.399262+00'),
	('1f59bfe8-bc76-4f49-9cc7-23784b65d48f', '5c5638be-d29c-4726-9816-c1ae4e4e4f1e', 'task_bumped', 'Podbito zadanie', 'Zamówić panele dwa razy', '56dc2016-017c-4466-9b96-85625f743ec2', NULL, true, 'critical', '2026-04-30 15:56:25.214835+00'),
	('00971977-6fe4-4fa8-8fca-59001ae60f47', '79e6eb94-99a8-40df-9bcf-ca6b6a3697f1', 'task_bumped', 'Podbito zadanie', 'Zrób zakupy', '50b5ede5-7fc2-4d88-9a5f-e18e3efb5b81', NULL, true, 'critical', '2026-04-30 18:58:39.113412+00'),
	('b9c6d7aa-d8cb-47db-a744-777025ffe75d', '79e6eb94-99a8-40df-9bcf-ca6b6a3697f1', 'task_bumped', 'Podbito zadanie', 'Zrób zakupy', '50b5ede5-7fc2-4d88-9a5f-e18e3efb5b81', NULL, true, 'critical', '2026-04-30 18:57:46.805334+00'),
	('c1d1af75-0235-4b86-882e-7c45dc6ed26e', '79e6eb94-99a8-40df-9bcf-ca6b6a3697f1', 'task_bumped', 'Podbito zadanie', 'Zrób zakupy', '50b5ede5-7fc2-4d88-9a5f-e18e3efb5b81', NULL, true, 'critical', '2026-04-30 18:58:15.170146+00'),
	('e6aa8ba5-88f9-4b33-9713-391daa917261', '79e6eb94-99a8-40df-9bcf-ca6b6a3697f1', 'task_bumped', 'Podbito zadanie', 'Zrób zakupy', '50b5ede5-7fc2-4d88-9a5f-e18e3efb5b81', NULL, true, 'critical', '2026-04-30 18:58:18.179766+00'),
	('96ca7d7c-3cb0-4daf-acfe-56d5366e6a3f', '79e6eb94-99a8-40df-9bcf-ca6b6a3697f1', 'task_bumped', 'Podbito zadanie', 'Zrób zakupy', '50b5ede5-7fc2-4d88-9a5f-e18e3efb5b81', NULL, true, 'critical', '2026-04-30 18:58:34.992895+00'),
	('cf19550b-627a-4303-880a-7be3ff21eab4', '79e6eb94-99a8-40df-9bcf-ca6b6a3697f1', 'task_bumped', 'Podbito zadanie', 'Zrób zakupy', '50b5ede5-7fc2-4d88-9a5f-e18e3efb5b81', NULL, true, 'critical', '2026-04-30 18:58:37.19891+00'),
	('d5a3227f-4430-463e-9540-6b8d28a4c291', '5c5638be-d29c-4726-9816-c1ae4e4e4f1e', 'task_bumped', 'Podbito zadanie', 'Zamówić panele dwa razy', '56dc2016-017c-4466-9b96-85625f743ec2', NULL, true, 'critical', '2026-04-30 18:02:33.873714+00'),
	('9ec6f45d-2617-4f7f-9cea-5e4b0def81eb', '5c5638be-d29c-4726-9816-c1ae4e4e4f1e', 'task_created', 'Nowe zadanie', 'Kup 200ml', 'b7139987-97b7-4672-baf5-0a8851d46d17', NULL, true, 'normal', '2026-04-30 18:28:00.458939+00'),
	('2f4651ed-4375-47e7-9428-d01f291be034', '5c5638be-d29c-4726-9816-c1ae4e4e4f1e', 'task_bumped', 'Podbito zadanie', 'Pdfgen dokończyć', '57a7cd22-f1a4-45ef-b55e-7d0a0bac91ef', NULL, true, 'critical', '2026-04-30 18:57:05.371474+00'),
	('05f1587b-03ba-4ca5-92a4-558ea1e2c797', '5c5638be-d29c-4726-9816-c1ae4e4e4f1e', 'task_bumped', 'Podbito zadanie', 'Pdfgen dokończyć', '57a7cd22-f1a4-45ef-b55e-7d0a0bac91ef', NULL, true, 'critical', '2026-04-30 18:57:07.047489+00'),
	('0110f0e3-e439-446d-9286-399d38159d87', '5c5638be-d29c-4726-9816-c1ae4e4e4f1e', 'task_status_changed', 'Zmieniono status zadania', 'Pdfgen dokończyć → do_zrobienia', '57a7cd22-f1a4-45ef-b55e-7d0a0bac91ef', NULL, true, 'normal', '2026-04-30 18:57:23.346822+00'),
	('20114540-9d5c-4955-be44-a23fa832b3c7', '5c5638be-d29c-4726-9816-c1ae4e4e4f1e', 'task_comment_added', 'Nowy komentarz w zadaniu', 'Zaraz zrobię. Muszę aktywować kupony w aplikacji Lidl', '50b5ede5-7fc2-4d88-9a5f-e18e3efb5b81', NULL, true, 'normal', '2026-04-30 18:58:10.056537+00'),
	('9038c97b-b761-4d8c-b095-d1608184cca9', 'c01f1de2-6b07-4375-b34a-3c861a2ec31a', 'task_bumped', 'Podbito zadanie', 'Wykonać przelew', '837f204e-0641-4404-a98b-0e14b5c855cc', NULL, false, 'critical', '2026-04-30 13:04:58.330454+00'),
	('1022fe04-168c-40d1-b7ba-c71079ff504a', 'c01f1de2-6b07-4375-b34a-3c861a2ec31a', 'task_bumped', 'Podbito zadanie', 'Wykonać przelew', '837f204e-0641-4404-a98b-0e14b5c855cc', NULL, false, 'critical', '2026-04-30 13:05:15.515382+00'),
	('65366538-df03-4233-9e43-ba452d9f93c4', '9012ec6c-b061-45ff-be1b-c96018f5b251', 'task_bumped', 'Podbito zadanie', 'Kup kebaba', 'a794329c-8c42-4dfd-847d-ba867ce38908', NULL, true, 'critical', '2026-04-30 18:24:13.430544+00'),
	('594c51a2-2506-4bf2-b57d-e3fabe110a00', '9012ec6c-b061-45ff-be1b-c96018f5b251', 'task_bumped', 'Podbito zadanie', 'Kup kebaba', 'a794329c-8c42-4dfd-847d-ba867ce38908', NULL, true, 'critical', '2026-04-30 18:24:31.614655+00'),
	('95efab7c-1921-4548-bfec-928eb92ad93b', '5c5638be-d29c-4726-9816-c1ae4e4e4f1e', 'task_bumped', 'Joanna W podbił(a) zadanie', 'upoważnienie', '112fe1a4-01d2-4bb8-80f6-b5f9c024b478', NULL, false, 'critical', '2026-05-04 07:47:35.648208+00'),
	('682cf6d0-32f4-4d61-8f48-95d724d94f61', 'c01f1de2-6b07-4375-b34a-3c861a2ec31a', 'task_comment_added', 'Łukasz W skomentował(a)', 'upoważnienie: Ok', '112fe1a4-01d2-4bb8-80f6-b5f9c024b478', NULL, false, 'normal', '2026-05-04 07:48:01.017895+00'),
	('829614ff-aff5-437c-be4e-6104501e1eb9', '5c5638be-d29c-4726-9816-c1ae4e4e4f1e', 'task_bumped', 'Wojtek P podbił(a) zadanie', 'Opłacić kable metical', '9e5f6d08-3fc7-402f-ac6d-45977d95b9c1', NULL, false, 'critical', '2026-05-04 09:54:08.414808+00'),
	('3e738ff3-7c84-4924-9912-7237ba957aeb', 'c01f1de2-6b07-4375-b34a-3c861a2ec31a', 'task_bumped', 'Podbito zadanie', 'Wykonać przelew', '837f204e-0641-4404-a98b-0e14b5c855cc', NULL, false, 'critical', '2026-04-30 13:47:10.947074+00'),
	('e2f5cad8-2fd6-47d4-85ad-def0a179e8bb', 'c01f1de2-6b07-4375-b34a-3c861a2ec31a', 'task_bumped', 'Podbito zadanie', 'Wykonać przelew', '837f204e-0641-4404-a98b-0e14b5c855cc', NULL, false, 'critical', '2026-04-30 12:38:01.104717+00'),
	('1c8fb7d2-7c25-41da-8782-4eb90ee9ee5b', 'c01f1de2-6b07-4375-b34a-3c861a2ec31a', 'task_bumped', 'Podbito zadanie', 'Wykonać przelew', '837f204e-0641-4404-a98b-0e14b5c855cc', NULL, false, 'critical', '2026-04-30 12:38:02.038489+00'),
	('a03b0171-8905-4977-b26b-63ea6d27ff99', 'c01f1de2-6b07-4375-b34a-3c861a2ec31a', 'task_bumped', 'Podbito zadanie', 'Wykonać przelew', '837f204e-0641-4404-a98b-0e14b5c855cc', NULL, false, 'critical', '2026-04-30 12:38:08.619818+00'),
	('43b10967-60b4-424a-96b5-70cc56a7528b', 'c01f1de2-6b07-4375-b34a-3c861a2ec31a', 'task_bumped', 'Podbito zadanie', 'Wykonać przelew', '837f204e-0641-4404-a98b-0e14b5c855cc', NULL, false, 'critical', '2026-04-30 12:38:32.810194+00'),
	('3b626b2f-effe-4003-849a-09d0c3d7fe08', 'c01f1de2-6b07-4375-b34a-3c861a2ec31a', 'task_bumped', 'Podbito zadanie', 'Wykonać przelew', '837f204e-0641-4404-a98b-0e14b5c855cc', NULL, false, 'critical', '2026-04-30 12:38:33.87167+00'),
	('f37a7fa7-9e86-470d-b42e-0887bae4bcb2', 'c01f1de2-6b07-4375-b34a-3c861a2ec31a', 'task_bumped', 'Podbito zadanie', 'Wykonać przelew', '837f204e-0641-4404-a98b-0e14b5c855cc', NULL, false, 'critical', '2026-04-30 12:40:12.191293+00'),
	('bbe0c734-b1fe-4beb-bbcb-74568b308c25', 'c01f1de2-6b07-4375-b34a-3c861a2ec31a', 'task_bumped', 'Podbito zadanie', 'Wykonać przelew', '837f204e-0641-4404-a98b-0e14b5c855cc', NULL, false, 'critical', '2026-04-30 12:49:01.024572+00'),
	('dbc97358-ef6c-4da5-af6a-74cf61feed09', '5c5638be-d29c-4726-9816-c1ae4e4e4f1e', 'task_created', 'Nowe zadanie', 'Zamówić panele', 'ccb5e024-8867-4773-bca9-9e86864d51ef', NULL, true, 'normal', '2026-04-30 12:11:27.202955+00'),
	('4fdb900f-b739-43d1-b0e6-5a2a31c3266d', '5c5638be-d29c-4726-9816-c1ae4e4e4f1e', 'task_created', 'Nowe zadanie', 'Zamówić panele', '5a624a63-a8c4-4c29-8798-b459e078c05c', NULL, true, 'normal', '2026-04-30 12:35:43.357615+00'),
	('32e2eb0a-48d5-4f14-8f96-025af3c05a87', '5c5638be-d29c-4726-9816-c1ae4e4e4f1e', 'task_bumped', 'Podbito zadanie', 'Zamówić panele', '5a624a63-a8c4-4c29-8798-b459e078c05c', NULL, true, 'critical', '2026-04-30 12:35:56.967915+00'),
	('1d3e934e-cdb9-4c11-aa98-af0385cbaa66', '5c5638be-d29c-4726-9816-c1ae4e4e4f1e', 'task_bumped', 'Podbito zadanie', 'Zamówić panele', '5a624a63-a8c4-4c29-8798-b459e078c05c', NULL, true, 'critical', '2026-04-30 12:36:00.759394+00'),
	('1c3796f0-1780-460d-98b2-db3406248f8c', '5c5638be-d29c-4726-9816-c1ae4e4e4f1e', 'task_bumped', 'Podbito zadanie', 'Zamówić panele', '5a624a63-a8c4-4c29-8798-b459e078c05c', NULL, true, 'critical', '2026-04-30 12:36:02.355905+00'),
	('d6d6736e-5623-44b7-860b-ef1dfb1bcba4', '5c5638be-d29c-4726-9816-c1ae4e4e4f1e', 'task_bumped', 'Podbito zadanie', 'Zamówić panele', '5a624a63-a8c4-4c29-8798-b459e078c05c', NULL, true, 'critical', '2026-04-30 12:36:03.423353+00'),
	('e77c4890-1a37-47ff-9d8c-59630e9752e0', '5c5638be-d29c-4726-9816-c1ae4e4e4f1e', 'task_bumped', 'Podbito zadanie', 'Zamówić panele', '5a624a63-a8c4-4c29-8798-b459e078c05c', NULL, true, 'critical', '2026-04-30 12:36:03.976022+00'),
	('33d8da4d-d80c-4afc-b9b1-0dddb35b7fdb', '5c5638be-d29c-4726-9816-c1ae4e4e4f1e', 'task_bumped', 'Podbito zadanie', 'Zamówić panele', '5a624a63-a8c4-4c29-8798-b459e078c05c', NULL, true, 'critical', '2026-04-30 12:36:04.868698+00'),
	('11f6978d-b991-4aa2-8260-abe531d91345', '5c5638be-d29c-4726-9816-c1ae4e4e4f1e', 'task_bumped', 'Podbito zadanie', 'Zamówić panele', '5a624a63-a8c4-4c29-8798-b459e078c05c', NULL, true, 'critical', '2026-04-30 12:36:05.704731+00'),
	('4fda9d28-f845-4d84-8a42-41605ae5c855', '5c5638be-d29c-4726-9816-c1ae4e4e4f1e', 'task_bumped', 'Podbito zadanie', 'Zamówić panele', '5a624a63-a8c4-4c29-8798-b459e078c05c', NULL, true, 'critical', '2026-04-30 12:36:06.620431+00'),
	('ddd2323f-9f68-4355-9473-90b687750dd4', '5c5638be-d29c-4726-9816-c1ae4e4e4f1e', 'task_bumped', 'Podbito zadanie', 'Zamówić panele', '5a624a63-a8c4-4c29-8798-b459e078c05c', NULL, true, 'critical', '2026-04-30 12:36:07.552433+00'),
	('bb6c0823-16e9-4326-bf22-ad3f6dd67d16', '5c5638be-d29c-4726-9816-c1ae4e4e4f1e', 'task_bumped', 'Podbito zadanie', 'Zamówić panele', '5a624a63-a8c4-4c29-8798-b459e078c05c', NULL, true, 'critical', '2026-04-30 12:36:08.749029+00'),
	('8844064b-4ee9-4677-a4d4-44a22dc5ed69', '5c5638be-d29c-4726-9816-c1ae4e4e4f1e', 'task_bumped', 'Podbito zadanie', 'Zamówić panele', '5a624a63-a8c4-4c29-8798-b459e078c05c', NULL, true, 'critical', '2026-04-30 12:36:09.68691+00'),
	('2c513034-3bee-4a26-a1ce-2cd4546555a1', '5c5638be-d29c-4726-9816-c1ae4e4e4f1e', 'task_bumped', 'Podbito zadanie', 'Zamówić panele', '5a624a63-a8c4-4c29-8798-b459e078c05c', NULL, true, 'critical', '2026-04-30 12:36:26.660232+00'),
	('e2e4ea23-ce0a-4f5a-a95d-6f281199c3bc', '5c5638be-d29c-4726-9816-c1ae4e4e4f1e', 'task_bumped', 'Podbito zadanie', 'Zamówić panele', '5a624a63-a8c4-4c29-8798-b459e078c05c', NULL, true, 'critical', '2026-04-30 12:36:29.058266+00'),
	('26976700-29ee-400f-84f6-6f0ddbca4fdd', '5c5638be-d29c-4726-9816-c1ae4e4e4f1e', 'task_bumped', 'Podbito zadanie', 'Zamówić panele', '5a624a63-a8c4-4c29-8798-b459e078c05c', NULL, true, 'critical', '2026-04-30 12:36:30.834722+00'),
	('7a7fc25c-cc9f-40d8-a275-5d71fffa6e87', '5c5638be-d29c-4726-9816-c1ae4e4e4f1e', 'task_bumped', 'Podbito zadanie', 'Zamówić panele', '5a624a63-a8c4-4c29-8798-b459e078c05c', NULL, true, 'critical', '2026-04-30 12:36:31.198079+00'),
	('5d01fabb-af2d-49b3-8b35-bbf9c11340bf', '5c5638be-d29c-4726-9816-c1ae4e4e4f1e', 'task_bumped', 'Podbito zadanie', 'Zamówić panele', '5a624a63-a8c4-4c29-8798-b459e078c05c', NULL, true, 'critical', '2026-04-30 12:36:31.60272+00'),
	('445ac203-356d-493a-a760-525cf98fb959', '5c5638be-d29c-4726-9816-c1ae4e4e4f1e', 'task_bumped', 'Podbito zadanie', 'Zamówić panele', '5a624a63-a8c4-4c29-8798-b459e078c05c', NULL, true, 'critical', '2026-04-30 12:36:35.259423+00'),
	('fd77a9da-986d-4cf1-8adb-f43923651a01', '5c5638be-d29c-4726-9816-c1ae4e4e4f1e', 'task_bumped', 'Podbito zadanie', 'Zamówić panele', '5a624a63-a8c4-4c29-8798-b459e078c05c', NULL, true, 'critical', '2026-04-30 12:36:36.33137+00'),
	('66e8004a-5e94-447c-8a2d-ffd390f2044c', '5c5638be-d29c-4726-9816-c1ae4e4e4f1e', 'task_bumped', 'Podbito zadanie', 'Zamówić panele', '5a624a63-a8c4-4c29-8798-b459e078c05c', NULL, true, 'critical', '2026-04-30 12:36:50.586316+00'),
	('a4bf5ae5-c053-4258-b185-212d7e4cbfac', '5c5638be-d29c-4726-9816-c1ae4e4e4f1e', 'task_bumped', 'Podbito zadanie', 'Zamówić panele', '5a624a63-a8c4-4c29-8798-b459e078c05c', NULL, true, 'critical', '2026-04-30 12:36:51.432421+00'),
	('1373472f-0ff3-4272-aeb4-2a0f629dde24', '5c5638be-d29c-4726-9816-c1ae4e4e4f1e', 'task_bumped', 'Podbito zadanie', 'Zamówić panele', '5a624a63-a8c4-4c29-8798-b459e078c05c', NULL, true, 'critical', '2026-04-30 12:36:52.259745+00'),
	('394ceb85-7b27-4bf6-af5e-fcd054fa36ac', '5c5638be-d29c-4726-9816-c1ae4e4e4f1e', 'task_bumped', 'Podbito zadanie', 'Zamówić panele', '5a624a63-a8c4-4c29-8798-b459e078c05c', NULL, true, 'critical', '2026-04-30 12:36:52.957161+00'),
	('87dfcfd7-ae2f-4c7f-9f02-3a9e5a9e579d', '5c5638be-d29c-4726-9816-c1ae4e4e4f1e', 'task_bumped', 'Podbito zadanie', 'Zamówić panele', '5a624a63-a8c4-4c29-8798-b459e078c05c', NULL, true, 'critical', '2026-04-30 12:36:53.655366+00'),
	('0351b7eb-8a86-4407-b2ce-7511154c2c51', '5c5638be-d29c-4726-9816-c1ae4e4e4f1e', 'task_bumped', 'Podbito zadanie', 'Zamówić panele', '5a624a63-a8c4-4c29-8798-b459e078c05c', NULL, true, 'critical', '2026-04-30 12:36:54.395523+00'),
	('67e3400c-328f-412b-9a94-b0b087dbe161', '5c5638be-d29c-4726-9816-c1ae4e4e4f1e', 'task_bumped', 'Podbito zadanie', 'Zamówić panele', '5a624a63-a8c4-4c29-8798-b459e078c05c', NULL, true, 'critical', '2026-04-30 12:36:55.021851+00'),
	('aa4e5214-3977-4c90-90d7-ad9bd4c07e8b', '5c5638be-d29c-4726-9816-c1ae4e4e4f1e', 'task_bumped', 'Podbito zadanie', 'Zamówić panele', '5a624a63-a8c4-4c29-8798-b459e078c05c', NULL, true, 'critical', '2026-04-30 12:36:55.793685+00'),
	('603defbf-98e1-4fc2-8fc2-8e48695ea1d0', '5c5638be-d29c-4726-9816-c1ae4e4e4f1e', 'task_bumped', 'Podbito zadanie', 'Zamówić panele', '5a624a63-a8c4-4c29-8798-b459e078c05c', NULL, true, 'critical', '2026-04-30 12:36:58.959812+00'),
	('37be6070-deb6-4172-bee9-a878c5489d9f', '5c5638be-d29c-4726-9816-c1ae4e4e4f1e', 'task_bumped', 'Podbito zadanie', 'Zamówić panele', '5a624a63-a8c4-4c29-8798-b459e078c05c', NULL, true, 'critical', '2026-04-30 12:37:00.142941+00'),
	('9d987d93-54b0-41cf-b347-5ca1c711b040', '5c5638be-d29c-4726-9816-c1ae4e4e4f1e', 'task_bumped', 'Podbito zadanie', 'Zamówić panele', '5a624a63-a8c4-4c29-8798-b459e078c05c', NULL, true, 'critical', '2026-04-30 12:37:12.360892+00'),
	('a6b2d172-1cc4-4548-8403-239268b27877', '5c5638be-d29c-4726-9816-c1ae4e4e4f1e', 'task_comment_added', 'Nowy komentarz w zadaniu', 'Ale już', '5a624a63-a8c4-4c29-8798-b459e078c05c', NULL, true, 'normal', '2026-04-30 12:37:19.326163+00'),
	('2dfcf239-a5d9-4db8-98bc-348680cab85c', '5c5638be-d29c-4726-9816-c1ae4e4e4f1e', 'task_bumped', 'Podbito zadanie', 'Zamówić panele', '5a624a63-a8c4-4c29-8798-b459e078c05c', NULL, true, 'critical', '2026-04-30 12:37:20.540692+00'),
	('6af0ce18-c7fb-4a67-ab35-699fc8a12c16', '5c5638be-d29c-4726-9816-c1ae4e4e4f1e', 'task_bumped', 'Podbito zadanie', 'Zamówić panele', '5a624a63-a8c4-4c29-8798-b459e078c05c', NULL, true, 'critical', '2026-04-30 12:37:22.212378+00'),
	('f80f5702-fe69-4cc2-b0e6-e5dccde0a0b3', '5c5638be-d29c-4726-9816-c1ae4e4e4f1e', 'task_bumped', 'Podbito zadanie', 'Zamówić panele', '5a624a63-a8c4-4c29-8798-b459e078c05c', NULL, true, 'critical', '2026-04-30 12:37:23.421525+00'),
	('394cab9e-d9c9-48fd-a22d-ce246fff89c1', '5c5638be-d29c-4726-9816-c1ae4e4e4f1e', 'task_comment_added', 'Nowy komentarz w zadaniu', 'Ok', '2204512d-b436-46e5-8b85-148222d518fc', NULL, true, 'normal', '2026-04-30 13:15:31.568468+00'),
	('a198d2aa-531b-4fdc-b3e7-c727c0e20b9b', '5c5638be-d29c-4726-9816-c1ae4e4e4f1e', 'task_comment_added', 'Nowy komentarz w zadaniu', 'G', 'f2171668-b7f4-4881-a939-d2c582254567', NULL, true, 'normal', '2026-04-30 14:23:44.397306+00'),
	('bc98b8f7-5aea-4b7f-95d0-aaeab74aec83', '5c5638be-d29c-4726-9816-c1ae4e4e4f1e', 'task_bumped', 'Podbito zadanie', 'Zamówić panele', '5a624a63-a8c4-4c29-8798-b459e078c05c', NULL, true, 'critical', '2026-04-30 12:37:24.213233+00'),
	('f758a3af-0a12-4166-856f-95de8ac35c5e', '5c5638be-d29c-4726-9816-c1ae4e4e4f1e', 'task_comment_added', 'Nowy komentarz w zadaniu', 'Natychmiast', '5a624a63-a8c4-4c29-8798-b459e078c05c', NULL, true, 'normal', '2026-04-30 12:37:28.281825+00'),
	('759c3462-befc-45b9-8634-d487f26102dd', '5c5638be-d29c-4726-9816-c1ae4e4e4f1e', 'task_bumped', 'Podbito zadanie', 'Zamówić panele', '5a624a63-a8c4-4c29-8798-b459e078c05c', NULL, true, 'critical', '2026-04-30 12:37:29.038788+00'),
	('f50e6e6e-c0e4-49dd-a1ee-f27017ead62b', '5c5638be-d29c-4726-9816-c1ae4e4e4f1e', 'task_bumped', 'Podbito zadanie', 'Zamówić panele', '5a624a63-a8c4-4c29-8798-b459e078c05c', NULL, true, 'critical', '2026-04-30 12:37:30.270901+00'),
	('dd37517a-77fb-4b18-a652-45c4e91b1b21', '5c5638be-d29c-4726-9816-c1ae4e4e4f1e', 'task_bumped', 'Podbito zadanie', 'Zamówić panele', 'ccb5e024-8867-4773-bca9-9e86864d51ef', NULL, true, 'critical', '2026-04-30 12:40:27.37423+00'),
	('65945100-a499-438a-b524-299fc3079e4d', '5c5638be-d29c-4726-9816-c1ae4e4e4f1e', 'task_bumped', 'Podbito zadanie', 'Zamówić panele', '5a624a63-a8c4-4c29-8798-b459e078c05c', NULL, true, 'critical', '2026-04-30 12:40:35.330538+00'),
	('73c64f51-23b7-4db6-b055-d5d8f25fdcac', '9012ec6c-b061-45ff-be1b-c96018f5b251', 'task_bumped', 'Podbito zadanie', 'Kup kebaba', 'a794329c-8c42-4dfd-847d-ba867ce38908', NULL, true, 'critical', '2026-04-30 18:25:18.964519+00'),
	('5da98ce6-192f-4783-846b-001cc0d9cc38', '5c5638be-d29c-4726-9816-c1ae4e4e4f1e', 'task_bumped', 'Joanna W podbił(a) zadanie', 'upoważnienie', '112fe1a4-01d2-4bb8-80f6-b5f9c024b478', NULL, false, 'critical', '2026-05-04 07:50:18.544482+00'),
	('d8496ce2-9748-4f43-9d49-5a23b819970d', 'c01f1de2-6b07-4375-b34a-3c861a2ec31a', 'task_created', 'Łukasz W przypisal(a) Ci zadanie', 'Odnowienie obrotówki ST', '57d98206-7122-47a0-a6cb-c2b8d60f8e22', NULL, false, 'normal', '2026-05-04 10:30:07.786078+00'),
	('0d286666-b923-4731-8d0a-20ca4647b008', '9012ec6c-b061-45ff-be1b-c96018f5b251', 'task_created', 'Nowe zadanie', 'Zadanie', '2204512d-b436-46e5-8b85-148222d518fc', NULL, true, 'normal', '2026-04-30 13:15:21.493547+00'),
	('281135f7-948c-47fb-8ca0-0523ae867c4d', '9012ec6c-b061-45ff-be1b-c96018f5b251', 'task_bumped', 'Podbito zadanie', 'Test', 'f2171668-b7f4-4881-a939-d2c582254567', NULL, true, 'critical', '2026-04-30 15:01:37.349147+00'),
	('e9707a0a-d64c-4ddf-853e-605adb18c228', '9012ec6c-b061-45ff-be1b-c96018f5b251', 'task_bumped', 'Podbito zadanie', 'Kup kebaba', 'a794329c-8c42-4dfd-847d-ba867ce38908', NULL, true, 'critical', '2026-04-30 18:24:04.815298+00'),
	('f7d74026-e265-4786-9418-5b778245ad53', '9012ec6c-b061-45ff-be1b-c96018f5b251', 'task_bumped', 'Podbito zadanie', 'Kup kebaba', 'a794329c-8c42-4dfd-847d-ba867ce38908', NULL, true, 'critical', '2026-04-30 18:24:16.388662+00'),
	('4e7f70c9-3649-4a8e-a8bf-cceece2533cc', '9012ec6c-b061-45ff-be1b-c96018f5b251', 'task_status_changed', 'Zmieniono status zadania', 'Kup kebaba → w_trakcie', 'a794329c-8c42-4dfd-847d-ba867ce38908', NULL, true, 'normal', '2026-04-30 18:25:14.248705+00'),
	('6cbd7e46-60a8-4128-b5c6-d5a935f906b5', '9012ec6c-b061-45ff-be1b-c96018f5b251', 'task_bumped', 'Podbito zadanie', 'Kup kebaba', 'a794329c-8c42-4dfd-847d-ba867ce38908', NULL, true, 'critical', '2026-04-30 18:25:20.367423+00'),
	('7229bbfd-6482-4891-8a2d-1b6599666be5', 'c01f1de2-6b07-4375-b34a-3c861a2ec31a', 'task_bumped', 'Podbito zadanie', 'Wykonać przelew', '837f204e-0641-4404-a98b-0e14b5c855cc', NULL, true, 'critical', '2026-04-30 13:08:15.214583+00'),
	('06e07e41-5815-438e-9af9-976595b31356', '9012ec6c-b061-45ff-be1b-c96018f5b251', 'task_bumped', 'Podbito zadanie', 'Kup kebaba', 'a794329c-8c42-4dfd-847d-ba867ce38908', NULL, true, 'critical', '2026-04-30 18:25:21.69721+00'),
	('979c5c69-6b42-4b92-a578-a9e104d4f401', '9012ec6c-b061-45ff-be1b-c96018f5b251', 'task_bumped', 'Podbito zadanie', 'Kup kebaba', 'a794329c-8c42-4dfd-847d-ba867ce38908', NULL, true, 'critical', '2026-04-30 18:24:06.025213+00'),
	('e5447e3b-f06c-45cb-9ca3-9466ac34c2ec', '9012ec6c-b061-45ff-be1b-c96018f5b251', 'task_bumped', 'Podbito zadanie', 'Kup kebaba', 'a794329c-8c42-4dfd-847d-ba867ce38908', NULL, true, 'critical', '2026-04-30 18:24:25.138751+00'),
	('dcf097b5-bb3c-4d6d-b099-afb309f7d593', '79e6eb94-99a8-40df-9bcf-ca6b6a3697f1', 'task_bumped', 'Podbito zadanie', 'Zrób zakupy', '50b5ede5-7fc2-4d88-9a5f-e18e3efb5b81', NULL, true, 'critical', '2026-04-30 18:57:54.455442+00'),
	('6c5872dc-c69d-4279-85c5-494ef44bfdd9', '79e6eb94-99a8-40df-9bcf-ca6b6a3697f1', 'task_bumped', 'Podbito zadanie', 'Zrób zakupy', '50b5ede5-7fc2-4d88-9a5f-e18e3efb5b81', NULL, true, 'critical', '2026-04-30 18:58:17.624472+00'),
	('342f2381-7aa9-476f-93af-29c1a0a3e644', '79e6eb94-99a8-40df-9bcf-ca6b6a3697f1', 'task_bumped', 'Podbito zadanie', 'Zrób zakupy', '50b5ede5-7fc2-4d88-9a5f-e18e3efb5b81', NULL, true, 'critical', '2026-04-30 18:58:20.646414+00'),
	('71f27502-357a-4de5-adfa-ab7e2287bfbb', '79e6eb94-99a8-40df-9bcf-ca6b6a3697f1', 'task_bumped', 'Podbito zadanie', 'Zrób zakupy', '50b5ede5-7fc2-4d88-9a5f-e18e3efb5b81', NULL, true, 'critical', '2026-04-30 18:58:07.254917+00'),
	('97c18f46-bf28-49ad-83b4-7273eccfb7cb', '79e6eb94-99a8-40df-9bcf-ca6b6a3697f1', 'task_bumped', 'Podbito zadanie', 'Zrób zakupy', '50b5ede5-7fc2-4d88-9a5f-e18e3efb5b81', NULL, true, 'critical', '2026-04-30 18:58:16.807188+00'),
	('1c02abb9-efde-4eb6-acd0-36f0befb1d75', '9012ec6c-b061-45ff-be1b-c96018f5b251', 'task_bumped', 'Podbito zadanie', 'Zadanie', '2204512d-b436-46e5-8b85-148222d518fc', NULL, true, 'critical', '2026-04-30 13:26:17.602228+00'),
	('f63bfc60-d053-4e76-87f1-ec8dd5288423', '9012ec6c-b061-45ff-be1b-c96018f5b251', 'task_bumped', 'Podbito zadanie', 'Zadanie', '2204512d-b436-46e5-8b85-148222d518fc', NULL, true, 'critical', '2026-04-30 13:27:18.321328+00'),
	('6f77a49f-8a1f-4686-aea0-36b83881d515', '9012ec6c-b061-45ff-be1b-c96018f5b251', 'task_bumped', 'Podbito zadanie', 'Zadanie', '2204512d-b436-46e5-8b85-148222d518fc', NULL, true, 'critical', '2026-04-30 13:32:00.745019+00'),
	('53ad35b8-b16d-48cf-88c4-7153ec29d440', '9012ec6c-b061-45ff-be1b-c96018f5b251', 'task_bumped', 'Podbito zadanie', 'Zadanie', '2204512d-b436-46e5-8b85-148222d518fc', NULL, true, 'critical', '2026-04-30 13:32:21.636896+00'),
	('93c1f737-ef80-4d18-9c66-4ed1ab761806', '9012ec6c-b061-45ff-be1b-c96018f5b251', 'task_bumped', 'Podbito zadanie', 'Zadanie', '2204512d-b436-46e5-8b85-148222d518fc', NULL, true, 'critical', '2026-04-30 13:32:46.693043+00'),
	('38d3a3e0-db2b-45c7-b1a7-922088284f41', '9012ec6c-b061-45ff-be1b-c96018f5b251', 'task_bumped', 'Podbito zadanie', 'Test', 'f2171668-b7f4-4881-a939-d2c582254567', NULL, true, 'critical', '2026-04-30 13:41:11.482575+00'),
	('c6dc0c29-2c8e-441f-b3ca-9abd244addc0', '9012ec6c-b061-45ff-be1b-c96018f5b251', 'task_bumped', 'Podbito zadanie', 'Test', 'f2171668-b7f4-4881-a939-d2c582254567', NULL, true, 'critical', '2026-04-30 13:47:42.14293+00'),
	('9d575bae-f62a-431f-8c5f-a0071da6056d', '9012ec6c-b061-45ff-be1b-c96018f5b251', 'task_bumped', 'Podbito zadanie', 'Test', 'f2171668-b7f4-4881-a939-d2c582254567', NULL, true, 'critical', '2026-04-30 13:47:49.824682+00'),
	('49709d96-0939-4fcb-a87c-6059fbc4679b', '9012ec6c-b061-45ff-be1b-c96018f5b251', 'task_bumped', 'Podbito zadanie', 'Test', 'f2171668-b7f4-4881-a939-d2c582254567', NULL, true, 'critical', '2026-04-30 13:53:46.164974+00'),
	('f9f62550-a6b3-4697-a7e5-957600980324', '9012ec6c-b061-45ff-be1b-c96018f5b251', 'task_bumped', 'Podbito zadanie', 'Test', 'f2171668-b7f4-4881-a939-d2c582254567', NULL, true, 'critical', '2026-04-30 14:17:48.249995+00'),
	('cd3392f6-1984-4298-9d45-9813a002ff0a', '9012ec6c-b061-45ff-be1b-c96018f5b251', 'task_bumped', 'Podbito zadanie', 'Test', 'f2171668-b7f4-4881-a939-d2c582254567', NULL, true, 'critical', '2026-04-30 14:20:37.471073+00'),
	('93430d59-2a1f-478e-86a7-cf19e4e67995', '9012ec6c-b061-45ff-be1b-c96018f5b251', 'task_bumped', 'Podbito zadanie', 'Test', 'f2171668-b7f4-4881-a939-d2c582254567', NULL, true, 'critical', '2026-04-30 14:32:35.770292+00'),
	('a8d0a5b4-2295-4b0e-be3d-cfc5362ff4a4', '9012ec6c-b061-45ff-be1b-c96018f5b251', 'task_bumped', 'Podbito zadanie', 'Test', 'f2171668-b7f4-4881-a939-d2c582254567', NULL, true, 'critical', '2026-04-30 14:59:52.116411+00'),
	('e4cfe8e1-455b-4f8c-8a6f-62fe1d4c5b4b', '9012ec6c-b061-45ff-be1b-c96018f5b251', 'task_bumped', 'Podbito zadanie', 'Test', 'f2171668-b7f4-4881-a939-d2c582254567', NULL, true, 'critical', '2026-04-30 15:00:23.214403+00'),
	('79ffa4fa-8fa7-400e-87a6-ca086211f5e9', '5c5638be-d29c-4726-9816-c1ae4e4e4f1e', 'task_bumped', 'Podbito zadanie', 'Zamówić panele', '5a624a63-a8c4-4c29-8798-b459e078c05c', NULL, true, 'critical', '2026-04-30 12:51:00.208353+00'),
	('2cd1698f-4aad-4fda-a884-fbeb33fe3310', '5c5638be-d29c-4726-9816-c1ae4e4e4f1e', 'task_comment_added', 'Nowy komentarz w zadaniu', 'Ok', 'f2171668-b7f4-4881-a939-d2c582254567', NULL, true, 'normal', '2026-04-30 14:33:00.738742+00'),
	('c0dd5f46-25b1-4073-9920-deabec470bb5', '79e6eb94-99a8-40df-9bcf-ca6b6a3697f1', 'task_bumped', 'Podbito zadanie', 'Zrób zakupy', '50b5ede5-7fc2-4d88-9a5f-e18e3efb5b81', NULL, true, 'critical', '2026-04-30 18:58:18.70741+00'),
	('76d9d96f-3b05-4856-90b1-93d14f0d42bf', '79e6eb94-99a8-40df-9bcf-ca6b6a3697f1', 'task_bumped', 'Podbito zadanie', 'Zrób zakupy', '50b5ede5-7fc2-4d88-9a5f-e18e3efb5b81', NULL, true, 'critical', '2026-04-30 18:58:20.020716+00'),
	('4a81fdcd-cad6-4008-a7a1-def9d195a401', '5c5638be-d29c-4726-9816-c1ae4e4e4f1e', 'task_comment_added', 'Nowy komentarz w zadaniu', 'Ok', 'f2171668-b7f4-4881-a939-d2c582254567', NULL, true, 'normal', '2026-04-30 15:01:54.055078+00'),
	('7d7d4065-814a-4043-b847-ec030f7cb0d5', '5c5638be-d29c-4726-9816-c1ae4e4e4f1e', 'task_comment_added', 'Nowy komentarz w zadaniu', 'Ok', '2204512d-b436-46e5-8b85-148222d518fc', NULL, true, 'normal', '2026-04-30 16:47:39.308145+00'),
	('b3fb3fef-03ce-40ae-b089-f8f12d5aa779', '79e6eb94-99a8-40df-9bcf-ca6b6a3697f1', 'task_bumped', 'Podbito zadanie', 'Zrób zakupy', '50b5ede5-7fc2-4d88-9a5f-e18e3efb5b81', NULL, true, 'critical', '2026-04-30 18:58:21.43834+00'),
	('6d3e09c8-1dc0-41fd-89af-ca1267458efc', '79e6eb94-99a8-40df-9bcf-ca6b6a3697f1', 'task_bumped', 'Podbito zadanie', 'Zrób zakupy', '50b5ede5-7fc2-4d88-9a5f-e18e3efb5b81', NULL, true, 'critical', '2026-04-30 18:57:46.005373+00'),
	('ad210a45-2f2e-454d-abf0-3d5cdc3238b5', '79e6eb94-99a8-40df-9bcf-ca6b6a3697f1', 'task_bumped', 'Podbito zadanie', 'Zrób zakupy', '50b5ede5-7fc2-4d88-9a5f-e18e3efb5b81', NULL, true, 'critical', '2026-04-30 18:58:19.428772+00'),
	('75472a45-5ac9-4678-83a3-5f94f402ca2a', '79e6eb94-99a8-40df-9bcf-ca6b6a3697f1', 'task_bumped', 'Podbito zadanie', 'Zrób zakupy', '50b5ede5-7fc2-4d88-9a5f-e18e3efb5b81', NULL, true, 'critical', '2026-04-30 18:58:38.375428+00'),
	('be5c0bbd-f0fe-4a54-af41-d17bae9fec14', '5c5638be-d29c-4726-9816-c1ae4e4e4f1e', 'task_status_changed', 'Zmieniono status zadania', 'Hehe → zrobione', '6b99c1a4-7895-4eae-a2af-8310521285a5', NULL, true, 'normal', '2026-04-30 18:02:49.108688+00'),
	('a9fc4c37-d3dd-4f37-a37a-ebff8f86e69e', '5c5638be-d29c-4726-9816-c1ae4e4e4f1e', 'task_status_changed', 'Zmieniono status zadania', 'Kup kebaba → zrobione', 'a794329c-8c42-4dfd-847d-ba867ce38908', NULL, true, 'normal', '2026-04-30 18:25:09.816415+00'),
	('53f6b144-f379-45cc-8860-eeb5466f0696', '5c5638be-d29c-4726-9816-c1ae4e4e4f1e', 'task_bumped', 'Podbito zadanie', 'Kup 200ml', 'b7139987-97b7-4672-baf5-0a8851d46d17', NULL, true, 'critical', '2026-04-30 18:28:14.3339+00'),
	('b917bc2c-9b53-4237-9a4b-f67bfdd6c4cd', '5c5638be-d29c-4726-9816-c1ae4e4e4f1e', 'task_comment_added', 'Nowy komentarz w zadaniu', 'Jestem zawiedziony', 'b7139987-97b7-4672-baf5-0a8851d46d17', NULL, true, 'normal', '2026-04-30 18:28:24.948833+00'),
	('823ad23c-ce78-40fc-89d8-7bbda36909b3', '5c5638be-d29c-4726-9816-c1ae4e4e4f1e', 'task_bumped', 'Podbito zadanie', 'Pdfgen dokończyć', '57a7cd22-f1a4-45ef-b55e-7d0a0bac91ef', NULL, true, 'critical', '2026-04-30 18:57:08.068614+00'),
	('ad8d515a-1e2c-4c10-b155-dc214bd5ccc8', '5c5638be-d29c-4726-9816-c1ae4e4e4f1e', 'task_bumped', 'Podbito zadanie', 'Pdfgen dokończyć', '57a7cd22-f1a4-45ef-b55e-7d0a0bac91ef', NULL, true, 'critical', '2026-04-30 18:57:09.733547+00'),
	('317c6fcd-7b32-4737-8150-ebd4e14a799c', '9012ec6c-b061-45ff-be1b-c96018f5b251', 'task_bumped', 'Podbito zadanie', 'Kup kebaba', 'a794329c-8c42-4dfd-847d-ba867ce38908', NULL, true, 'critical', '2026-04-30 18:25:16.154173+00'),
	('0b1cace5-4fad-401a-9ea7-acd964681852', '79e6eb94-99a8-40df-9bcf-ca6b6a3697f1', 'task_bumped', 'Podbito zadanie', 'Powiadomienie testowe', '50b5ede5-7fc2-4d88-9a5f-e18e3efb5b81', NULL, true, 'critical', '2026-04-30 20:03:31.557542+00'),
	('9d0387e7-3d5b-4de8-9517-e0017f2db08f', '9012ec6c-b061-45ff-be1b-c96018f5b251', 'task_status_changed', 'Łukasz W zmienił(a) status', 'Kompletna oferta domu → Zrobione', '55bfc3e5-fb53-43c9-987a-130f23d3b7dd', NULL, false, 'normal', '2026-05-04 07:53:25.846217+00'),
	('009dc2e7-d7c5-4fc8-a4ca-5d0b2671b4cb', '9012ec6c-b061-45ff-be1b-c96018f5b251', 'investment_created', 'Łukasz W dodał(a) inwestycję', 'Testowa inwestycja Xyz — Xyz', NULL, 'dc091bcd-3d32-48aa-b413-6e9802bb5044', true, 'normal', '2026-05-01 10:29:17.972121+00'),
	('5c8a9196-5c0f-470a-80be-5d02cab08b52', 'a06e0744-d20c-486b-a1ba-f8c2931d03a2', 'investment_status_changed', 'Łukasz W zmienił(a) status inwestycji', 'Testowa inwestycja Xyz → W planowaniu', NULL, 'dc091bcd-3d32-48aa-b413-6e9802bb5044', false, 'normal', '2026-05-01 10:29:29.705276+00'),
	('c3cdbcc6-fb3d-4f91-9866-638dbe07ca83', '79e6eb94-99a8-40df-9bcf-ca6b6a3697f1', 'task_status_changed', 'Łukasz W zmienił(a) status', 'Wypełnić formularz na Pdfgen.pl → Zrobione', 'cb4a809c-33bf-4d03-9976-76779741e105', NULL, false, 'normal', '2026-05-04 07:53:30.173396+00'),
	('ce068fea-033d-4fa0-b856-3893616fe528', '5c5638be-d29c-4726-9816-c1ae4e4e4f1e', 'task_created', 'Joanna W przypisal(a) Ci zadanie', 'bard -sad', 'b32d81ea-c6aa-4845-a11c-87710fb0b74d', NULL, false, 'normal', '2026-05-04 07:53:54.949746+00'),
	('21133135-c084-4f61-b7a5-a15696da443d', '9012ec6c-b061-45ff-be1b-c96018f5b251', 'investment_status_changed', 'Łukasz W zmienił(a) status inwestycji', 'Testowa inwestycja 2 → W planowaniu', NULL, '30bb87ca-7b72-422a-8c24-04a4b4597c47', false, 'normal', '2026-05-01 10:33:33.868647+00'),
	('2351effd-3174-4c72-a472-96072059dc67', '79e6eb94-99a8-40df-9bcf-ca6b6a3697f1', 'investment_comment_added', 'Łukasz W skomentował(a) inwestycję', 'Testowa inwestycja 2: Test', NULL, '30bb87ca-7b72-422a-8c24-04a4b4597c47', true, 'normal', '2026-05-01 10:33:26.200767+00'),
	('f6b1853c-882b-46bf-ae9d-2ea0cb0e1e3f', '9012ec6c-b061-45ff-be1b-c96018f5b251', 'investment_comment_added', 'Łukasz W skomentował(a) inwestycję', 'Testowa inwestycja 2: Test', NULL, '30bb87ca-7b72-422a-8c24-04a4b4597c47', false, 'normal', '2026-05-01 10:33:57.63103+00'),
	('6ce69e9f-fd15-4779-b8ea-c80d5a989856', 'a06e0744-d20c-486b-a1ba-f8c2931d03a2', 'investment_created', 'Łukasz W dodał(a) inwestycję', 'Testowa inwestycja 2 — Jan Janek', NULL, 'f918b069-9cbe-41b7-8dad-ea287c7f0dec', false, 'normal', '2026-05-01 10:40:57.237826+00'),
	('0fd95667-325e-4a3d-a711-c13270ebf1c6', 'a06e0744-d20c-486b-a1ba-f8c2931d03a2', 'investment_status_changed', 'Łukasz W zmienił(a) status inwestycji', 'Testowa inwestycja 2 → W planowaniu', NULL, 'f918b069-9cbe-41b7-8dad-ea287c7f0dec', false, 'normal', '2026-05-01 10:41:16.169547+00'),
	('8cf7e815-7c62-451b-b999-1c9723ceaf7e', 'c01f1de2-6b07-4375-b34a-3c861a2ec31a', 'task_comment_added', 'Łukasz W skomentował(a)', 'upoważnienie: Działam do końca tygodnia zrobię', '112fe1a4-01d2-4bb8-80f6-b5f9c024b478', NULL, true, 'normal', '2026-05-04 07:54:08.888458+00'),
	('04e05708-4d6d-4183-ae00-93c36dfff3a1', 'c01f1de2-6b07-4375-b34a-3c861a2ec31a', 'task_created', 'Łukasz W przypisal(a) Ci zadanie', 'Do oplacenia geal brama Ciubak', '5b4593cf-9266-4a89-a008-5ba400d6b955', NULL, false, 'normal', '2026-05-04 11:44:05.129746+00'),
	('6fa3cfa1-908d-4840-be91-50b77979b50b', '9012ec6c-b061-45ff-be1b-c96018f5b251', 'investment_status_changed', 'Łukasz W zmienił(a) status inwestycji', 'Nowa inwestycja w Łomży 12345 → W planowaniu', NULL, '1eb636ff-a8d4-4d73-8b35-0aeb646e1af6', false, 'normal', '2026-05-01 10:42:04.699709+00'),
	('9df9c904-4857-4459-af11-dc7b19b06b28', 'a06e0744-d20c-486b-a1ba-f8c2931d03a2', 'investment_status_changed', 'Łukasz W zmienił(a) status inwestycji', 'Nowa inwestycja w Łomży 12345 → W realizacji', NULL, '1eb636ff-a8d4-4d73-8b35-0aeb646e1af6', false, 'normal', '2026-05-01 10:42:06.126116+00'),
	('567237e8-8d09-4f64-a29d-60636fdd17b6', 'c01f1de2-6b07-4375-b34a-3c861a2ec31a', 'task_status_changed', 'Łukasz W zmienił(a) status', 'bard -sad → W trakcie', 'b32d81ea-c6aa-4845-a11c-87710fb0b74d', NULL, false, 'normal', '2026-05-04 11:44:42.258926+00'),
	('ce9dcc2b-ed47-4630-b736-ae9a593572ce', '9012ec6c-b061-45ff-be1b-c96018f5b251', 'investment_created', 'Łukasz W dodał(a) inwestycję', 'Test — Test', NULL, '1e4aaa1d-65a7-4aab-9d64-f9e8f02f8398', false, 'normal', '2026-05-01 11:01:41.183186+00'),
	('1ebe3492-f0cf-4643-b217-32e23fd19b74', 'c01f1de2-6b07-4375-b34a-3c861a2ec31a', 'task_comment_added', 'Łukasz W skomentował(a)', 'bard -sad: umówiłem sie z klientem na za tydzien na rozlcizenie', 'b32d81ea-c6aa-4845-a11c-87710fb0b74d', NULL, false, 'normal', '2026-05-04 11:44:55.801226+00'),
	('049cb734-2c71-4ca6-869a-2ce529b56855', 'a06e0744-d20c-486b-a1ba-f8c2931d03a2', 'investment_status_changed', 'Łukasz W zmienił(a) status inwestycji', 'Test → W planowaniu', NULL, '1e4aaa1d-65a7-4aab-9d64-f9e8f02f8398', false, 'normal', '2026-05-01 11:15:34.713041+00'),
	('9835d01a-007c-4233-9cc4-4672ea7566ab', 'c01f1de2-6b07-4375-b34a-3c861a2ec31a', 'investment_status_changed', 'Łukasz W zmienił(a) status inwestycji', 'Test → Czeka na wpłatę', NULL, '1e4aaa1d-65a7-4aab-9d64-f9e8f02f8398', false, 'normal', '2026-05-01 11:15:36.274459+00'),
	('a6a00431-aee7-48f2-a873-da632804eb14', '9012ec6c-b061-45ff-be1b-c96018f5b251', 'investment_status_changed', 'Łukasz W zmienił(a) status inwestycji', 'Test → Czeka na wpłatę', NULL, '1e4aaa1d-65a7-4aab-9d64-f9e8f02f8398', false, 'normal', '2026-05-01 11:15:36.379415+00'),
	('f1e7f643-3e0e-4fd7-b6c0-ceea80d2a873', '79e6eb94-99a8-40df-9bcf-ca6b6a3697f1', 'investment_status_changed', 'Łukasz W zmienił(a) status inwestycji', 'Test → W planowaniu', NULL, '1e4aaa1d-65a7-4aab-9d64-f9e8f02f8398', true, 'normal', '2026-05-01 11:15:34.405841+00'),
	('482a5047-6297-4ab3-ac28-5d203028be3d', 'a06e0744-d20c-486b-a1ba-f8c2931d03a2', 'task_status_changed', 'Łukasz W zmienił(a) status', 'Opłacić kable metical → Zrobione', '9e5f6d08-3fc7-402f-ac6d-45977d95b9c1', NULL, false, 'normal', '2026-05-04 11:45:08.066793+00'),
	('c7e9ddee-c411-4117-ba72-8b4528cd7033', '79e6eb94-99a8-40df-9bcf-ca6b6a3697f1', 'task_bumped', 'Łukasz W podbił(a) zadanie', 'Zadanie testowe', 'df77e6be-6198-4801-bd82-648df49cfd7c', NULL, true, 'critical', '2026-05-01 10:27:45.552475+00'),
	('fafb3e3d-4336-4d63-be4d-0d6dc81a4e01', '79e6eb94-99a8-40df-9bcf-ca6b6a3697f1', 'task_bumped', 'Łukasz W podbił(a) zadanie', 'Zadanie testowe', 'df77e6be-6198-4801-bd82-648df49cfd7c', NULL, true, 'critical', '2026-05-01 10:28:40.932108+00'),
	('dec9b6b7-0724-4f1e-b00c-f1f9156e2807', '79e6eb94-99a8-40df-9bcf-ca6b6a3697f1', 'investment_created', 'Łukasz W dodał(a) inwestycję', 'Testowa inwestycja Xyz — Xyz', NULL, 'dc091bcd-3d32-48aa-b413-6e9802bb5044', true, 'normal', '2026-05-01 10:29:17.750521+00'),
	('7d449032-4425-4804-b895-ef1574b146a5', '79e6eb94-99a8-40df-9bcf-ca6b6a3697f1', 'task_bumped', 'Łukasz W podbił(a) zadanie', 'Zadanie testowe', 'df77e6be-6198-4801-bd82-648df49cfd7c', NULL, true, 'critical', '2026-05-01 10:28:26.354679+00'),
	('aa63b190-8ced-4171-9e89-7a8c5dc8ae5e', '79e6eb94-99a8-40df-9bcf-ca6b6a3697f1', 'task_bumped', 'Łukasz W podbił(a) zadanie', 'Test test', 'fd2b1cb7-2dbe-4d93-943a-454766b602a9', NULL, true, 'critical', '2026-05-01 10:32:21.616193+00'),
	('b5886b53-f0d3-4541-8f5e-f19c9fd64786', '79e6eb94-99a8-40df-9bcf-ca6b6a3697f1', 'task_bumped', 'Łukasz W podbił(a) zadanie', 'Test test', 'fd2b1cb7-2dbe-4d93-943a-454766b602a9', NULL, true, 'critical', '2026-05-01 10:32:38.551958+00'),
	('b8f3d1b1-3fd4-43d2-9c3c-d8b13f5e1755', '79e6eb94-99a8-40df-9bcf-ca6b6a3697f1', 'investment_status_changed', 'Łukasz W zmienił(a) status inwestycji', 'Testowa inwestycja Xyz → Czeka na wpłatę', NULL, 'dc091bcd-3d32-48aa-b413-6e9802bb5044', true, 'normal', '2026-05-01 10:29:31.473512+00'),
	('9335fd07-230c-4324-bdb2-6d096a683d2b', '79e6eb94-99a8-40df-9bcf-ca6b6a3697f1', 'task_bumped', 'Łukasz W podbił(a) zadanie', 'Test test', 'fd2b1cb7-2dbe-4d93-943a-454766b602a9', NULL, true, 'critical', '2026-05-01 10:30:25.291393+00'),
	('c8946d63-72df-49aa-98a0-89ae8be72ae1', '79e6eb94-99a8-40df-9bcf-ca6b6a3697f1', 'investment_status_changed', 'Łukasz W zmienił(a) status inwestycji', 'Testowa inwestycja 2 → W realizacji', NULL, 'f918b069-9cbe-41b7-8dad-ea287c7f0dec', true, 'normal', '2026-05-01 10:41:17.387129+00'),
	('eb890c69-d4e2-41db-8b53-c5accfe24e71', '79e6eb94-99a8-40df-9bcf-ca6b6a3697f1', 'task_bumped', 'Łukasz W podbił(a) zadanie', 'Test test', 'fd2b1cb7-2dbe-4d93-943a-454766b602a9', NULL, true, 'critical', '2026-05-01 10:44:43.174911+00'),
	('dbb6d8ce-b9f1-4103-8858-b44e48290f6f', '79e6eb94-99a8-40df-9bcf-ca6b6a3697f1', 'task_bumped', 'Łukasz W podbił(a) zadanie', 'Test test', 'fd2b1cb7-2dbe-4d93-943a-454766b602a9', NULL, true, 'critical', '2026-05-01 13:01:02.181561+00'),
	('096b3251-65e5-47c5-8a90-6dad19cb1e59', '79e6eb94-99a8-40df-9bcf-ca6b6a3697f1', 'task_bumped', 'Łukasz W podbił(a) zadanie', 'Test test', 'fd2b1cb7-2dbe-4d93-943a-454766b602a9', NULL, true, 'critical', '2026-05-01 13:01:33.995557+00'),
	('13a179a5-e939-49b1-baab-afeb2ca0691e', '79e6eb94-99a8-40df-9bcf-ca6b6a3697f1', 'investment_comment_added', 'Łukasz W skomentował(a) inwestycję', 'Testowa inwestycja 2: Hdh', NULL, 'f918b069-9cbe-41b7-8dad-ea287c7f0dec', true, 'normal', '2026-05-01 10:41:28.049675+00'),
	('caa0df0a-801e-4233-85d5-e927b2782424', '79e6eb94-99a8-40df-9bcf-ca6b6a3697f1', 'investment_comment_added', 'Łukasz W skomentował(a) inwestycję', 'Testowa inwestycja 2: Test', NULL, '30bb87ca-7b72-422a-8c24-04a4b4597c47', true, 'normal', '2026-05-01 10:33:57.430157+00'),
	('73c7eff0-dc74-4970-b184-0362d42788e8', '79e6eb94-99a8-40df-9bcf-ca6b6a3697f1', 'investment_status_changed', 'Łukasz W zmienił(a) status inwestycji', 'Testowa inwestycja 2 → W planowaniu', NULL, 'f918b069-9cbe-41b7-8dad-ea287c7f0dec', true, 'normal', '2026-05-01 10:41:15.793856+00'),
	('adbaa6dd-7956-414d-a31d-60dc50a22e3a', '79e6eb94-99a8-40df-9bcf-ca6b6a3697f1', 'investment_status_changed', 'Łukasz W zmienił(a) status inwestycji', 'Testowa inwestycja 2 → Zakończona', NULL, 'f918b069-9cbe-41b7-8dad-ea287c7f0dec', true, 'normal', '2026-05-01 10:41:18.766451+00'),
	('4117c65a-152e-42d0-bbd0-b548f4894b94', '79e6eb94-99a8-40df-9bcf-ca6b6a3697f1', 'task_created', 'Łukasz W przypisal(a) Ci zadanie', 'Zadanie testowe', 'df77e6be-6198-4801-bd82-648df49cfd7c', NULL, true, 'normal', '2026-05-01 10:27:26.411373+00'),
	('cdd15cd3-c2ef-4322-8c2b-631c3f4037fd', '5c5638be-d29c-4726-9816-c1ae4e4e4f1e', 'task_created', 'Damian K przypisal(a) Ci zadanie', 'Hello world', 'f672d918-9962-4d0b-a36d-98890b667423', NULL, true, 'normal', '2026-05-01 13:01:41.803044+00'),
	('da2e6ec2-1500-4805-b84b-5667f127826e', 'c01f1de2-6b07-4375-b34a-3c861a2ec31a', 'investment_status_changed', 'Łukasz W zmienił(a) status inwestycji', 'Testowa inwestycja 2 → Zakończona', NULL, 'f918b069-9cbe-41b7-8dad-ea287c7f0dec', true, 'normal', '2026-05-01 10:41:18.879284+00'),
	('13ad276d-aeb7-4de1-9712-1d5c74d4eb68', '5c5638be-d29c-4726-9816-c1ae4e4e4f1e', 'task_bumped', 'Joanna W podbił(a) zadanie', 'upoważnienie', '112fe1a4-01d2-4bb8-80f6-b5f9c024b478', NULL, false, 'critical', '2026-05-04 07:54:52.52335+00'),
	('cf3413a7-18b0-49b3-add4-f3a0bd10a980', 'a06e0744-d20c-486b-a1ba-f8c2931d03a2', 'investment_created', 'Łukasz W dodał(a) inwestycję', 'Testowa inwestycja Xyz — Xyz', NULL, 'dc091bcd-3d32-48aa-b413-6e9802bb5044', false, 'normal', '2026-05-01 10:29:18.09033+00'),
	('1415a3b0-9497-4cb8-b96b-0bb0a0ae160a', '5c5638be-d29c-4726-9816-c1ae4e4e4f1e', 'task_created', 'Joanna W przypisal(a) Ci zadanie', 'ppoż- dane do schematu dla Bączka', '1766ab0e-a96a-4ce3-844a-fa1060463b92', NULL, false, 'normal', '2026-05-05 08:17:03.056318+00'),
	('2ca75509-0f28-4c90-9e20-3687fdce71ae', 'a06e0744-d20c-486b-a1ba-f8c2931d03a2', 'investment_comment_added', 'Łukasz W skomentował(a) inwestycję', 'Testowa inwestycja 2: Test', NULL, '30bb87ca-7b72-422a-8c24-04a4b4597c47', false, 'normal', '2026-05-01 10:33:26.555204+00'),
	('99ec70cf-a9bc-44b5-b674-eacaf1445417', '5c5638be-d29c-4726-9816-c1ae4e4e4f1e', 'task_comment_added', 'Nowy komentarz w zadaniu', 'Mam jajka', '50b5ede5-7fc2-4d88-9a5f-e18e3efb5b81', NULL, true, 'normal', '2026-04-30 20:05:23.572005+00'),
	('38955249-1d90-4acc-ab9d-f837d6c22af3', '79e6eb94-99a8-40df-9bcf-ca6b6a3697f1', 'investment_status_changed', 'Łukasz W zmienił(a) status inwestycji', 'Testowa inwestycja 2 → W planowaniu', NULL, '30bb87ca-7b72-422a-8c24-04a4b4597c47', true, 'normal', '2026-05-01 10:33:33.434407+00'),
	('7792c9c5-7eff-4326-b9ec-08bf397133f4', 'a06e0744-d20c-486b-a1ba-f8c2931d03a2', 'investment_comment_added', 'Łukasz W skomentował(a) inwestycję', 'Testowa inwestycja 2: Test', NULL, '30bb87ca-7b72-422a-8c24-04a4b4597c47', false, 'normal', '2026-05-01 10:33:57.733729+00'),
	('d44c670b-3561-4558-8bfc-b72b31bb9d9e', '9012ec6c-b061-45ff-be1b-c96018f5b251', 'investment_status_changed', 'Łukasz W zmienił(a) status inwestycji', 'Testowa inwestycja 2 → W planowaniu', NULL, 'f918b069-9cbe-41b7-8dad-ea287c7f0dec', false, 'normal', '2026-05-01 10:41:16.04188+00'),
	('843ef878-7e7b-4f7a-969c-9d7714b46026', 'a06e0744-d20c-486b-a1ba-f8c2931d03a2', 'investment_status_changed', 'Łukasz W zmienił(a) status inwestycji', 'Testowa inwestycja 2 → W realizacji', NULL, 'f918b069-9cbe-41b7-8dad-ea287c7f0dec', false, 'normal', '2026-05-01 10:41:17.755422+00'),
	('04a8a73b-1cdc-4785-a140-5157769f25b1', '9012ec6c-b061-45ff-be1b-c96018f5b251', 'investment_status_changed', 'Łukasz W zmienił(a) status inwestycji', 'Testowa inwestycja 2 → Czeka na wpłatę', NULL, 'f918b069-9cbe-41b7-8dad-ea287c7f0dec', false, 'normal', '2026-05-01 10:41:20.318389+00'),
	('6bf07a98-c193-4a7f-9610-43859659e8e4', 'a06e0744-d20c-486b-a1ba-f8c2931d03a2', 'investment_created', 'Łukasz W dodał(a) inwestycję', 'Test — Test', NULL, '1e4aaa1d-65a7-4aab-9d64-f9e8f02f8398', false, 'normal', '2026-05-01 11:01:41.277375+00'),
	('b13d4376-cd34-4301-8291-59c252a9d325', '5c5638be-d29c-4726-9816-c1ae4e4e4f1e', 'task_bumped', 'Podbito zadanie', 'Pdfgen dokończyć', '57a7cd22-f1a4-45ef-b55e-7d0a0bac91ef', NULL, true, 'critical', '2026-04-30 20:07:37.651655+00'),
	('4810d55e-31a9-4b0e-a35d-345dfba4f1e9', '79e6eb94-99a8-40df-9bcf-ca6b6a3697f1', 'investment_created', 'Łukasz W dodał(a) inwestycję', 'Test — Test', NULL, '1e4aaa1d-65a7-4aab-9d64-f9e8f02f8398', true, 'normal', '2026-05-01 11:01:40.990243+00'),
	('53190749-75f9-4acb-adad-db5755938513', 'c01f1de2-6b07-4375-b34a-3c861a2ec31a', 'investment_status_changed', 'Łukasz W zmienił(a) status inwestycji', 'Test → W planowaniu', NULL, '1e4aaa1d-65a7-4aab-9d64-f9e8f02f8398', false, 'normal', '2026-05-01 11:15:34.515697+00'),
	('dda52a89-7a37-49e2-8988-9feff4f8738e', '5c5638be-d29c-4726-9816-c1ae4e4e4f1e', 'task_comment_added', 'Damian K skomentował(a)', 'Zadanie testowe: Xyz', 'df77e6be-6198-4801-bd82-648df49cfd7c', NULL, true, 'normal', '2026-05-01 10:28:36.97515+00'),
	('c0c12636-e7d8-458e-9ac6-1e4e69960eef', 'c01f1de2-6b07-4375-b34a-3c861a2ec31a', 'investment_status_changed', 'Łukasz W zmienił(a) status inwestycji', 'Testowa inwestycja Xyz → Czeka na wpłatę', NULL, 'dc091bcd-3d32-48aa-b413-6e9802bb5044', true, 'normal', '2026-05-01 10:29:31.594856+00'),
	('4c3c5e30-8df5-4f7c-b153-813c1e4fa026', '79e6eb94-99a8-40df-9bcf-ca6b6a3697f1', 'task_status_changed', 'Zmieniono status zadania', 'Zrób zakupy → w_trakcie', '50b5ede5-7fc2-4d88-9a5f-e18e3efb5b81', NULL, true, 'normal', '2026-04-30 18:59:28.860164+00'),
	('c6d77a9f-4093-4c75-a4ec-9eb77768dd70', '79e6eb94-99a8-40df-9bcf-ca6b6a3697f1', 'task_bumped', 'Podbito zadanie', 'Zrób zakupy', '50b5ede5-7fc2-4d88-9a5f-e18e3efb5b81', NULL, true, 'critical', '2026-04-30 19:02:20.795286+00'),
	('0f943b39-bc34-481d-9968-e308f3a524c9', '79e6eb94-99a8-40df-9bcf-ca6b6a3697f1', 'task_bumped', 'Podbito zadanie', 'Zrób zakupy', '50b5ede5-7fc2-4d88-9a5f-e18e3efb5b81', NULL, true, 'critical', '2026-04-30 19:02:26.680862+00'),
	('f6e41b1e-db3e-46e2-b5fe-0a06a9135d74', '79e6eb94-99a8-40df-9bcf-ca6b6a3697f1', 'task_bumped', 'Podbito zadanie', 'Zrób zakupy', '50b5ede5-7fc2-4d88-9a5f-e18e3efb5b81', NULL, true, 'critical', '2026-04-30 19:02:28.325476+00'),
	('bee83d3b-f6db-463f-9654-27f561f6c179', '79e6eb94-99a8-40df-9bcf-ca6b6a3697f1', 'task_bumped', 'Podbito zadanie', 'Zrób zakupy', '50b5ede5-7fc2-4d88-9a5f-e18e3efb5b81', NULL, true, 'critical', '2026-04-30 19:02:31.058439+00'),
	('83104349-addf-412b-ac11-6a43e505591c', '79e6eb94-99a8-40df-9bcf-ca6b6a3697f1', 'task_bumped', 'Podbito zadanie', 'Zrób zakupy', '50b5ede5-7fc2-4d88-9a5f-e18e3efb5b81', NULL, true, 'critical', '2026-04-30 19:00:49.365344+00'),
	('f2e752cd-2e7f-4458-868b-5b2755fd12e2', '79e6eb94-99a8-40df-9bcf-ca6b6a3697f1', 'task_comment_added', 'Nowy komentarz w zadaniu', 'Hhh', '50b5ede5-7fc2-4d88-9a5f-e18e3efb5b81', NULL, true, 'normal', '2026-04-30 19:00:57.384562+00'),
	('8d67cb45-fec2-4a94-8179-a272d78115be', '79e6eb94-99a8-40df-9bcf-ca6b6a3697f1', 'task_bumped', 'Podbito zadanie', 'Zrób zakupy', '50b5ede5-7fc2-4d88-9a5f-e18e3efb5b81', NULL, true, 'critical', '2026-04-30 19:02:26.126805+00'),
	('30bd6d55-faf5-4929-a433-2d83236b4f48', '79e6eb94-99a8-40df-9bcf-ca6b6a3697f1', 'task_bumped', 'Podbito zadanie', 'Zrób zakupy', '50b5ede5-7fc2-4d88-9a5f-e18e3efb5b81', NULL, true, 'critical', '2026-04-30 19:02:29.619288+00'),
	('1416e931-e9a5-466c-8295-24ee41dae58d', '79e6eb94-99a8-40df-9bcf-ca6b6a3697f1', 'task_bumped', 'Podbito zadanie', 'Zrób zakupy', '50b5ede5-7fc2-4d88-9a5f-e18e3efb5b81', NULL, true, 'critical', '2026-04-30 19:02:31.63489+00'),
	('55af7b07-55eb-4072-9e28-680717c7f283', '79e6eb94-99a8-40df-9bcf-ca6b6a3697f1', 'task_bumped', 'Podbito zadanie', 'Zrób zakupy', '50b5ede5-7fc2-4d88-9a5f-e18e3efb5b81', NULL, true, 'critical', '2026-04-30 19:02:39.694327+00'),
	('c893af53-ba02-40e5-92d3-8083a70c45c1', '79e6eb94-99a8-40df-9bcf-ca6b6a3697f1', 'task_bumped', 'Podbito zadanie', 'Zrób zakupy', '50b5ede5-7fc2-4d88-9a5f-e18e3efb5b81', NULL, true, 'critical', '2026-04-30 19:02:40.281871+00'),
	('ee7da3e9-209f-4c4f-9db6-ac4cbdc1f494', '79e6eb94-99a8-40df-9bcf-ca6b6a3697f1', 'task_comment_added', 'Nowy komentarz w zadaniu', 'No problem', '57a7cd22-f1a4-45ef-b55e-7d0a0bac91ef', NULL, true, 'normal', '2026-04-30 20:02:38.07184+00'),
	('a24e6c0f-adf6-4b01-baaa-780ffc62e9e6', '79e6eb94-99a8-40df-9bcf-ca6b6a3697f1', 'task_bumped', 'Podbito zadanie', 'Zrób zakupy', '50b5ede5-7fc2-4d88-9a5f-e18e3efb5b81', NULL, true, 'critical', '2026-04-30 18:59:29.532789+00'),
	('0286a3b9-b9a8-4b79-b549-2b542f4e1b9c', '79e6eb94-99a8-40df-9bcf-ca6b6a3697f1', 'task_bumped', 'Podbito zadanie', 'Zrób zakupy', '50b5ede5-7fc2-4d88-9a5f-e18e3efb5b81', NULL, true, 'critical', '2026-04-30 19:00:53.652572+00'),
	('b7e6ef25-148b-41e9-b91f-56b191560f64', '79e6eb94-99a8-40df-9bcf-ca6b6a3697f1', 'task_bumped', 'Podbito zadanie', 'Zrób zakupy', '50b5ede5-7fc2-4d88-9a5f-e18e3efb5b81', NULL, true, 'critical', '2026-04-30 19:02:27.838749+00'),
	('8e68a685-b1db-4002-842f-fec2cb52e2e0', '79e6eb94-99a8-40df-9bcf-ca6b6a3697f1', 'task_bumped', 'Podbito zadanie', 'Zrób zakupy', '50b5ede5-7fc2-4d88-9a5f-e18e3efb5b81', NULL, true, 'critical', '2026-04-30 19:02:30.373171+00'),
	('01932d51-60e8-4087-a50f-f90a19129595', '79e6eb94-99a8-40df-9bcf-ca6b6a3697f1', 'task_bumped', 'Podbito zadanie', 'Zrób zakupy', '50b5ede5-7fc2-4d88-9a5f-e18e3efb5b81', NULL, true, 'critical', '2026-04-30 19:02:32.315457+00'),
	('07f0f275-f436-4192-a32c-c908da1cada0', '79e6eb94-99a8-40df-9bcf-ca6b6a3697f1', 'task_bumped', 'Podbito zadanie', 'Zrób zakupy', '50b5ede5-7fc2-4d88-9a5f-e18e3efb5b81', NULL, true, 'critical', '2026-04-30 19:02:40.834543+00'),
	('2ff4a3fe-1919-4e45-840a-f8bf84525cfa', '79e6eb94-99a8-40df-9bcf-ca6b6a3697f1', 'task_comment_added', 'Nowy komentarz w zadaniu', 'Doszło powiadomienie ?', '57a7cd22-f1a4-45ef-b55e-7d0a0bac91ef', NULL, true, 'normal', '2026-04-30 20:03:09.816473+00'),
	('e298cd69-d358-48ed-977e-f0944dd7475b', '79e6eb94-99a8-40df-9bcf-ca6b6a3697f1', 'task_comment_added', 'Nowy komentarz w zadaniu', 'I co udało się ?', '50b5ede5-7fc2-4d88-9a5f-e18e3efb5b81', NULL, true, 'normal', '2026-04-30 20:03:42.381346+00'),
	('88e77b56-8cd2-4750-be51-b1e0c1457d3a', '79e6eb94-99a8-40df-9bcf-ca6b6a3697f1', 'task_comment_added', 'Nowy komentarz w zadaniu', 'Git', '50b5ede5-7fc2-4d88-9a5f-e18e3efb5b81', NULL, true, 'normal', '2026-04-30 20:05:41.19577+00'),
	('8cb8169f-0139-43dd-b3b0-f9fa7c78e1ea', '79e6eb94-99a8-40df-9bcf-ca6b6a3697f1', 'task_comment_added', 'Nowy komentarz w zadaniu', 'Czekam na zdjęcie', '50b5ede5-7fc2-4d88-9a5f-e18e3efb5b81', NULL, true, 'normal', '2026-04-30 20:05:46.999017+00'),
	('91c5688e-fd9b-41f0-8067-3a858effa7fa', '79e6eb94-99a8-40df-9bcf-ca6b6a3697f1', 'task_comment_added', 'Nowy komentarz w zadaniu', '😈', '50b5ede5-7fc2-4d88-9a5f-e18e3efb5b81', NULL, true, 'normal', '2026-04-30 20:06:19.8183+00'),
	('1dbc78a9-5936-40e1-8b0f-2b31853cbc72', '79e6eb94-99a8-40df-9bcf-ca6b6a3697f1', 'task_comment_added', 'Nowy komentarz w zadaniu', 'XD', '50b5ede5-7fc2-4d88-9a5f-e18e3efb5b81', NULL, true, 'normal', '2026-04-30 20:06:40.500437+00'),
	('cecfb664-ae0a-4269-90a6-94e9d04a6479', '79e6eb94-99a8-40df-9bcf-ca6b6a3697f1', 'task_comment_added', 'Nowy komentarz w zadaniu', 'Tu sie nie da ale w SMS wyślij to awatar zrobię', '50b5ede5-7fc2-4d88-9a5f-e18e3efb5b81', NULL, true, 'normal', '2026-04-30 20:07:35.133223+00'),
	('4cad4af2-0523-4ec6-9ac4-ec86338c34cc', '79e6eb94-99a8-40df-9bcf-ca6b6a3697f1', 'task_status_changed', 'Łukasz W zmienił(a) status', 'Jol jol → W trakcie', '70f70605-1004-4029-bfa3-a202e8863f16', NULL, true, 'normal', '2026-05-01 10:00:13.352618+00'),
	('b6dd7efc-3c9a-4208-ba6e-735d902d1ac1', '79e6eb94-99a8-40df-9bcf-ca6b6a3697f1', 'task_comment_added', 'Łukasz W skomentował(a)', 'Jol jol: H', '70f70605-1004-4029-bfa3-a202e8863f16', NULL, true, 'normal', '2026-05-01 10:00:21.579699+00'),
	('78d0a9ee-4506-46a0-826d-341fcd0d3852', '79e6eb94-99a8-40df-9bcf-ca6b6a3697f1', 'task_comment_added', 'Łukasz W skomentował(a)', 'Jol jol: H', '70f70605-1004-4029-bfa3-a202e8863f16', NULL, true, 'normal', '2026-05-01 10:01:02.052631+00'),
	('a73ce8b9-46c3-4559-8c82-7ebbe135ddd8', '79e6eb94-99a8-40df-9bcf-ca6b6a3697f1', 'task_comment_added', 'Łukasz W skomentował(a)', 'Jol jol: H', '70f70605-1004-4029-bfa3-a202e8863f16', NULL, true, 'normal', '2026-05-01 10:01:13.805513+00'),
	('0f21ec8c-a846-46eb-8c21-b6b1026ae920', '79e6eb94-99a8-40df-9bcf-ca6b6a3697f1', 'task_created', 'Łukasz W przypisal(a) Ci zadanie', 'Test', '75e9f768-b5dc-4f69-be80-8b1cee973ae3', NULL, true, 'normal', '2026-05-01 10:01:43.913755+00'),
	('0fc40d15-65b0-4830-b579-0e2a64d1d06c', '79e6eb94-99a8-40df-9bcf-ca6b6a3697f1', 'task_bumped', 'Łukasz W podbił(a) zadanie', 'Test', '75e9f768-b5dc-4f69-be80-8b1cee973ae3', NULL, true, 'critical', '2026-05-01 10:01:52.614211+00'),
	('d14d37f5-fb8e-49b3-955e-93faa9bcc20a', '9012ec6c-b061-45ff-be1b-c96018f5b251', 'investment_status_changed', 'Łukasz W zmienił(a) status inwestycji', 'Testowa inwestycja Xyz → Czeka na wpłatę', NULL, 'dc091bcd-3d32-48aa-b413-6e9802bb5044', false, 'normal', '2026-05-01 10:29:31.696229+00'),
	('a982696f-3396-44cb-8600-41cd71d88fc2', 'c01f1de2-6b07-4375-b34a-3c861a2ec31a', 'task_created', 'Łukasz W przypisal(a) Ci zadanie', 'Wprowadzić inwestycję - Klientka Niemcy', '771f9f7e-87b3-453f-b3ee-775e155a5419', NULL, true, 'normal', '2026-05-04 07:56:23.871479+00'),
	('94164b4d-4757-47d3-b3de-47a34834e863', 'c01f1de2-6b07-4375-b34a-3c861a2ec31a', 'investment_status_changed', 'Łukasz W zmienił(a) status inwestycji', 'Nowa inwestycja w Łomży 12345 → W realizacji', NULL, '1eb636ff-a8d4-4d73-8b35-0aeb646e1af6', true, 'normal', '2026-05-01 10:42:05.868711+00'),
	('c3f2fe64-9d50-4ca1-9b21-98666760e677', '5c5638be-d29c-4726-9816-c1ae4e4e4f1e', 'task_status_changed', 'Damian K zmienił(a) status', 'Hshns → Zrobione', '156fa062-4864-4847-8ec6-493b5223cfcf', NULL, true, 'normal', '2026-05-01 10:04:58.707597+00'),
	('031e9a3c-a087-420c-ad9a-395cca25e0f8', '79e6eb94-99a8-40df-9bcf-ca6b6a3697f1', 'task_comment_added', 'Łukasz W skomentował(a)', 'Test: Hdhnd', '75e9f768-b5dc-4f69-be80-8b1cee973ae3', NULL, true, 'normal', '2026-05-01 10:01:57.111092+00'),
	('aadee06f-563a-4446-934c-a6ddc11c2a6a', '79e6eb94-99a8-40df-9bcf-ca6b6a3697f1', 'task_status_changed', 'Łukasz W zmienił(a) status', 'Już nowe zadanie → W trakcie', 'daacdae9-1898-450d-902e-e1ab9f61bd81', NULL, true, 'normal', '2026-05-01 10:02:55.620523+00'),
	('8104a29c-fc1d-467a-a4c5-159f0dd9822e', '79e6eb94-99a8-40df-9bcf-ca6b6a3697f1', 'task_status_changed', 'Łukasz W zmienił(a) status', 'Już nowe zadanie → Nie rozpoczęto', 'daacdae9-1898-450d-902e-e1ab9f61bd81', NULL, true, 'normal', '2026-05-01 10:03:21.151941+00'),
	('4fe4440b-d749-4f74-bc3f-56758e1b8d2b', 'a06e0744-d20c-486b-a1ba-f8c2931d03a2', 'investment_created', 'Łukasz W dodał(a) inwestycję', 'Testowa inwestycja 2 — Marek Marek', NULL, '30bb87ca-7b72-422a-8c24-04a4b4597c47', false, 'normal', '2026-05-01 10:33:14.001617+00'),
	('9eb12c1c-f984-422c-bad5-626e03fa516e', '9012ec6c-b061-45ff-be1b-c96018f5b251', 'investment_comment_added', 'Łukasz W skomentował(a) inwestycję', 'Testowa inwestycja 2: Test', NULL, '30bb87ca-7b72-422a-8c24-04a4b4597c47', false, 'normal', '2026-05-01 10:33:26.435884+00'),
	('9dbaae16-c097-4211-a6ad-b17265c8ac4c', 'a06e0744-d20c-486b-a1ba-f8c2931d03a2', 'investment_status_changed', 'Łukasz W zmienił(a) status inwestycji', 'Testowa inwestycja 2 → W planowaniu', NULL, '30bb87ca-7b72-422a-8c24-04a4b4597c47', false, 'normal', '2026-05-01 10:33:33.974525+00'),
	('5bdea29e-48bb-44c6-ae48-f9f5419cb0ea', '79e6eb94-99a8-40df-9bcf-ca6b6a3697f1', 'investment_created', 'Łukasz W dodał(a) inwestycję', 'Testowa inwestycja 2 — Marek Marek', NULL, '30bb87ca-7b72-422a-8c24-04a4b4597c47', true, 'normal', '2026-05-01 10:33:13.67781+00'),
	('2c1dea99-bb2f-4f94-b997-a14222eeef1a', '9012ec6c-b061-45ff-be1b-c96018f5b251', 'investment_status_changed', 'Łukasz W zmienił(a) status inwestycji', 'Testowa inwestycja 2 → Zakończona', NULL, 'f918b069-9cbe-41b7-8dad-ea287c7f0dec', false, 'normal', '2026-05-01 10:41:19.008099+00'),
	('51a28b56-45e0-4b8d-88b5-43bf074f4813', 'a06e0744-d20c-486b-a1ba-f8c2931d03a2', 'investment_status_changed', 'Łukasz W zmienił(a) status inwestycji', 'Testowa inwestycja 2 → Czeka na wpłatę', NULL, 'f918b069-9cbe-41b7-8dad-ea287c7f0dec', false, 'normal', '2026-05-01 10:41:20.426897+00'),
	('68fd0341-2830-4097-b431-b0eb0328c918', 'a06e0744-d20c-486b-a1ba-f8c2931d03a2', 'investment_comment_added', 'Łukasz W skomentował(a) inwestycję', 'Testowa inwestycja 2: Hdh', NULL, 'f918b069-9cbe-41b7-8dad-ea287c7f0dec', false, 'normal', '2026-05-01 10:41:28.418351+00'),
	('e31d86f9-b97d-49aa-872e-1d9eb77bf72f', 'a06e0744-d20c-486b-a1ba-f8c2931d03a2', 'investment_status_changed', 'Łukasz W zmienił(a) status inwestycji', 'Nowa inwestycja w Łomży 12345 → W planowaniu', NULL, '1eb636ff-a8d4-4d73-8b35-0aeb646e1af6', false, 'normal', '2026-05-01 10:42:04.849195+00'),
	('e5a4921d-c274-402f-9a59-8c73dc8db1d5', 'c01f1de2-6b07-4375-b34a-3c861a2ec31a', 'investment_created', 'Łukasz W dodał(a) inwestycję', 'Test — Test', NULL, '1e4aaa1d-65a7-4aab-9d64-f9e8f02f8398', false, 'normal', '2026-05-01 11:01:41.083739+00'),
	('df65e038-aa05-4b76-8d60-6892703355d9', '79e6eb94-99a8-40df-9bcf-ca6b6a3697f1', 'investment_status_changed', 'Łukasz W zmienił(a) status inwestycji', 'Nowa inwestycja w Łomży 12345 → W realizacji', NULL, '1eb636ff-a8d4-4d73-8b35-0aeb646e1af6', true, 'normal', '2026-05-01 10:42:05.749278+00'),
	('a9a9e67a-c07d-45bc-90e1-f23156d3bdeb', '79e6eb94-99a8-40df-9bcf-ca6b6a3697f1', 'investment_status_changed', 'Łukasz W zmienił(a) status inwestycji', 'Nowa inwestycja w Łomży 12345 → W planowaniu', NULL, '1eb636ff-a8d4-4d73-8b35-0aeb646e1af6', true, 'normal', '2026-05-01 10:42:04.464395+00'),
	('df6940a1-bed2-44a7-815c-8410464cd584', '9012ec6c-b061-45ff-be1b-c96018f5b251', 'investment_status_changed', 'Łukasz W zmienił(a) status inwestycji', 'Test → W planowaniu', NULL, '1e4aaa1d-65a7-4aab-9d64-f9e8f02f8398', false, 'normal', '2026-05-01 11:15:34.61712+00'),
	('17dc34cd-b66c-458e-ae4d-c9aa4c3ad128', 'a06e0744-d20c-486b-a1ba-f8c2931d03a2', 'investment_status_changed', 'Łukasz W zmienił(a) status inwestycji', 'Test → Czeka na wpłatę', NULL, '1e4aaa1d-65a7-4aab-9d64-f9e8f02f8398', false, 'normal', '2026-05-01 11:15:36.478381+00'),
	('94b85b76-f3bf-4204-a9ca-5d3becb5387d', '79e6eb94-99a8-40df-9bcf-ca6b6a3697f1', 'investment_status_changed', 'Łukasz W zmienił(a) status inwestycji', 'Test → Czeka na wpłatę', NULL, '1e4aaa1d-65a7-4aab-9d64-f9e8f02f8398', true, 'normal', '2026-05-01 11:15:36.183763+00'),
	('1599c325-087a-4a9a-b9e0-0633275ab423', '79e6eb94-99a8-40df-9bcf-ca6b6a3697f1', 'investment_status_changed', 'Łukasz W zmienił(a) status inwestycji', 'Testowa inwestycja Xyz → W planowaniu', NULL, 'dc091bcd-3d32-48aa-b413-6e9802bb5044', true, 'normal', '2026-05-01 10:29:29.373388+00'),
	('51bb10ac-f3d0-453c-adab-c966b3dfd0dc', '79e6eb94-99a8-40df-9bcf-ca6b6a3697f1', 'task_bumped', 'Łukasz W podbił(a) zadanie', 'Test test', 'fd2b1cb7-2dbe-4d93-943a-454766b602a9', NULL, true, 'critical', '2026-05-01 10:31:16.10013+00'),
	('9d0a0df7-2620-430b-ac99-51e9d1f6c6f7', '79e6eb94-99a8-40df-9bcf-ca6b6a3697f1', 'investment_created', 'Łukasz W dodał(a) inwestycję', 'Testowa inwestycja 2 — Jan Janek', NULL, 'f918b069-9cbe-41b7-8dad-ea287c7f0dec', true, 'normal', '2026-05-01 10:40:56.880882+00'),
	('bc0738a5-5da1-4236-bc0f-03d4b85fae33', '79e6eb94-99a8-40df-9bcf-ca6b6a3697f1', 'investment_status_changed', 'Łukasz W zmienił(a) status inwestycji', 'Testowa inwestycja 2 → Czeka na wpłatę', NULL, 'f918b069-9cbe-41b7-8dad-ea287c7f0dec', true, 'normal', '2026-05-01 10:41:20.079849+00'),
	('425aa538-3c27-451e-a301-bd268d7a0944', '79e6eb94-99a8-40df-9bcf-ca6b6a3697f1', 'task_bumped', 'Łukasz W podbił(a) zadanie', 'Test test', 'fd2b1cb7-2dbe-4d93-943a-454766b602a9', NULL, true, 'critical', '2026-05-01 13:01:08.297339+00'),
	('6cb01178-9e0e-496e-80a6-224e8a153eba', '79e6eb94-99a8-40df-9bcf-ca6b6a3697f1', 'task_bumped', 'Łukasz W podbił(a) zadanie', 'Zadanie testowe', 'df77e6be-6198-4801-bd82-648df49cfd7c', NULL, true, 'critical', '2026-05-01 10:27:40.414556+00'),
	('a1d9ece4-9004-4b20-9593-24d9d02a7a0b', '79e6eb94-99a8-40df-9bcf-ca6b6a3697f1', 'task_bumped', 'Łukasz W podbił(a) zadanie', 'Test test', 'fd2b1cb7-2dbe-4d93-943a-454766b602a9', NULL, true, 'critical', '2026-05-01 10:31:35.60524+00'),
	('129ad4b6-8889-4504-b224-712eea7e7454', '79e6eb94-99a8-40df-9bcf-ca6b6a3697f1', 'task_comment_added', 'Łukasz W skomentował(a)', 'Test test: Ok', 'fd2b1cb7-2dbe-4d93-943a-454766b602a9', NULL, true, 'normal', '2026-05-01 10:31:38.93697+00'),
	('bf364112-5db9-4610-9db5-4e280da97178', '79e6eb94-99a8-40df-9bcf-ca6b6a3697f1', 'task_bumped', 'Łukasz W podbił(a) zadanie', 'Test test', 'fd2b1cb7-2dbe-4d93-943a-454766b602a9', NULL, true, 'critical', '2026-05-01 10:44:41.356593+00'),
	('6f6af05b-bae0-43ee-b4a9-c88fd4c5e309', '5c5638be-d29c-4726-9816-c1ae4e4e4f1e', 'task_status_changed', 'Damian K zmienił(a) status', 'Test test → W trakcie', 'fd2b1cb7-2dbe-4d93-943a-454766b602a9', NULL, true, 'normal', '2026-05-01 10:31:24.644548+00'),
	('4643cd53-8e72-4bee-aca5-ecd05f499516', '5c5638be-d29c-4726-9816-c1ae4e4e4f1e', 'task_created', 'Damian K przypisal(a) Ci zadanie', 'Formularz do PDF gen', '65b01f01-2ae6-40c5-ac0e-be2ea8f8ad02', NULL, true, 'normal', '2026-05-01 12:56:16.516888+00'),
	('1b198180-a043-4633-9f20-0d65080490bd', '5c5638be-d29c-4726-9816-c1ae4e4e4f1e', 'task_bumped', 'Damian K podbił(a) zadanie', 'Formularz do PDF gen', '65b01f01-2ae6-40c5-ac0e-be2ea8f8ad02', NULL, true, 'critical', '2026-05-01 16:00:20.523152+00'),
	('1c169ee3-701e-4ad3-ae41-8ecbecedb39f', '5c5638be-d29c-4726-9816-c1ae4e4e4f1e', 'task_bumped', 'Damian K podbił(a) zadanie', 'Formularz do PDF gen', '65b01f01-2ae6-40c5-ac0e-be2ea8f8ad02', NULL, true, 'critical', '2026-05-01 15:59:59.088296+00'),
	('71cf3e15-d9a0-4b9f-b2df-93ff6b8df93c', '5c5638be-d29c-4726-9816-c1ae4e4e4f1e', 'task_bumped', 'Damian K podbił(a) zadanie', 'Formularz do PDF gen', '65b01f01-2ae6-40c5-ac0e-be2ea8f8ad02', NULL, true, 'critical', '2026-05-01 16:00:19.153652+00'),
	('22c912a4-4e52-4025-b0df-40ce144ae7f0', '5c5638be-d29c-4726-9816-c1ae4e4e4f1e', 'task_bumped', 'Damian K podbił(a) zadanie', 'Hello world', 'f672d918-9962-4d0b-a36d-98890b667423', NULL, true, 'critical', '2026-05-01 15:13:27.669756+00'),
	('92749d1f-26c7-432e-b20a-f88ae7adddf4', '5c5638be-d29c-4726-9816-c1ae4e4e4f1e', 'task_bumped', 'Damian K podbił(a) zadanie', 'Formularz do PDF gen', '65b01f01-2ae6-40c5-ac0e-be2ea8f8ad02', NULL, true, 'critical', '2026-05-01 16:00:18.427419+00'),
	('c95dcfc3-f636-4414-a73c-f2297d556474', 'c01f1de2-6b07-4375-b34a-3c861a2ec31a', 'investment_status_changed', 'Łukasz W zmienił(a) status inwestycji', 'Testowa inwestycja 2 → W realizacji', NULL, 'f918b069-9cbe-41b7-8dad-ea287c7f0dec', true, 'normal', '2026-05-01 10:41:17.520972+00'),
	('93552bb5-9465-4df3-abbd-f5eab3fd6163', 'c01f1de2-6b07-4375-b34a-3c861a2ec31a', 'investment_comment_added', 'Łukasz W skomentował(a) inwestycję', 'Testowa inwestycja 2: Hdh', NULL, 'f918b069-9cbe-41b7-8dad-ea287c7f0dec', true, 'normal', '2026-05-01 10:41:28.160202+00'),
	('800ef78d-86d9-4b83-9886-96525e674365', '9012ec6c-b061-45ff-be1b-c96018f5b251', 'investment_status_changed', 'Damian K zmienił(a) status inwestycji', 'Gsh → Zakończona', NULL, '9c083b4a-ba5d-4b01-9618-bc56bcd47693', true, 'normal', '2026-05-01 10:26:12.159528+00'),
	('6b787d03-e7ed-4139-b33b-b262a1f696e8', '9012ec6c-b061-45ff-be1b-c96018f5b251', 'investment_status_changed', 'Damian K zmienił(a) status inwestycji', 'Klient 2 → Zakończona', NULL, '4fb0c8ce-ab79-41dc-a235-e3ab1a2d8ba9', true, 'normal', '2026-05-01 10:26:06.386858+00'),
	('f7eb67c6-0d53-4509-aeda-18722d5d25c3', '9012ec6c-b061-45ff-be1b-c96018f5b251', 'task_status_changed', 'Łukasz W zmienił(a) status', 'Kup 200ml → Zrobione', 'b7139987-97b7-4672-baf5-0a8851d46d17', NULL, true, 'normal', '2026-05-01 10:26:33.436087+00'),
	('9d89c3f9-80a5-4e19-9223-a1df2f3819dc', '5c5638be-d29c-4726-9816-c1ae4e4e4f1e', 'task_comment_added', 'Joanna W skomentował(a)', 'Wprowadzić inwestycję - Klientka Niemcy: ok. zrovbimy do konca tyg', '771f9f7e-87b3-453f-b3ee-775e155a5419', NULL, false, 'normal', '2026-05-04 07:57:04.928357+00'),
	('563deb9b-6ae8-4f35-92db-74f0d6efb481', 'c01f1de2-6b07-4375-b34a-3c861a2ec31a', 'task_bumped', 'Łukasz W podbił(a) zadanie', 'Wprowadzić inwestycję - Klientka Niemcy', '771f9f7e-87b3-453f-b3ee-775e155a5419', NULL, true, 'critical', '2026-05-04 07:56:27.137294+00'),
	('c41cbab2-321a-4bee-81c4-732bf847aa67', '79e6eb94-99a8-40df-9bcf-ca6b6a3697f1', 'task_created', 'Łukasz W przypisal(a) Ci zadanie', 'Hshns', '156fa062-4864-4847-8ec6-493b5223cfcf', NULL, true, 'normal', '2026-05-01 10:04:25.869543+00'),
	('e18efa95-d987-42cd-bb88-7728d06a6475', 'a06e0744-d20c-486b-a1ba-f8c2931d03a2', 'investment_status_changed', 'Łukasz W zmienił(a) status inwestycji', 'Testowa inwestycja 2 → Zakończona', NULL, 'f918b069-9cbe-41b7-8dad-ea287c7f0dec', false, 'normal', '2026-05-01 10:41:19.118737+00'),
	('55e99c65-8ede-4609-ae78-066138a4da52', '9012ec6c-b061-45ff-be1b-c96018f5b251', 'investment_comment_added', 'Łukasz W skomentował(a) inwestycję', 'Testowa inwestycja 2: Hdh', NULL, 'f918b069-9cbe-41b7-8dad-ea287c7f0dec', false, 'normal', '2026-05-01 10:41:28.297936+00'),
	('f62c095f-0e95-4c4b-ad8f-fda327d626a2', '9012ec6c-b061-45ff-be1b-c96018f5b251', 'investment_status_changed', 'Łukasz W zmienił(a) status inwestycji', 'Nowa inwestycja w Łomży 12345 → W realizacji', NULL, '1eb636ff-a8d4-4d73-8b35-0aeb646e1af6', false, 'normal', '2026-05-01 10:42:05.988422+00'),
	('48a34d12-ff21-4ebf-9551-89d11d191cd2', '79e6eb94-99a8-40df-9bcf-ca6b6a3697f1', 'task_bumped', 'Łukasz W podbił(a) zadanie', 'Test test', 'fd2b1cb7-2dbe-4d93-943a-454766b602a9', NULL, true, 'critical', '2026-05-01 10:31:21.775608+00'),
	('d99b00c8-6690-4548-a281-d06e101fa9b5', '79e6eb94-99a8-40df-9bcf-ca6b6a3697f1', 'task_bumped', 'Łukasz W podbił(a) zadanie', 'Test test', 'fd2b1cb7-2dbe-4d93-943a-454766b602a9', NULL, true, 'critical', '2026-05-01 10:32:13.391218+00'),
	('08e27e33-e02b-40c2-8022-595a7879674b', 'c01f1de2-6b07-4375-b34a-3c861a2ec31a', 'investment_created', 'Łukasz W dodał(a) inwestycję', 'Testowa inwestycja 2 — Jan Janek', NULL, 'f918b069-9cbe-41b7-8dad-ea287c7f0dec', true, 'normal', '2026-05-01 10:40:56.99284+00'),
	('e3d9dc58-917a-4eb6-a1e4-fb847b5c464a', 'c01f1de2-6b07-4375-b34a-3c861a2ec31a', 'investment_status_changed', 'Łukasz W zmienił(a) status inwestycji', 'Testowa inwestycja 2 → Czeka na wpłatę', NULL, 'f918b069-9cbe-41b7-8dad-ea287c7f0dec', true, 'normal', '2026-05-01 10:41:20.196342+00'),
	('5eda92d1-0cb6-422f-986a-cc389f776aed', 'c01f1de2-6b07-4375-b34a-3c861a2ec31a', 'investment_created', 'Łukasz W dodał(a) inwestycję', 'Testowa inwestycja 2 — Marek Marek', NULL, '30bb87ca-7b72-422a-8c24-04a4b4597c47', true, 'normal', '2026-05-01 10:33:13.782379+00'),
	('177563c7-8fb2-4868-83f8-9ab58460ca2d', 'c01f1de2-6b07-4375-b34a-3c861a2ec31a', 'investment_status_changed', 'Łukasz W zmienił(a) status inwestycji', 'Testowa inwestycja 2 → W planowaniu', NULL, '30bb87ca-7b72-422a-8c24-04a4b4597c47', true, 'normal', '2026-05-01 10:33:33.562148+00'),
	('32ff97ce-d487-43f2-b861-db0a22afa2b1', 'c01f1de2-6b07-4375-b34a-3c861a2ec31a', 'investment_status_changed', 'Damian K zmienił(a) status inwestycji', 'Klient 2 → Zakończona', NULL, '4fb0c8ce-ab79-41dc-a235-e3ab1a2d8ba9', false, 'normal', '2026-05-01 10:26:06.294301+00'),
	('d9f991e4-3921-4e6e-b53a-e344f0680d82', 'a06e0744-d20c-486b-a1ba-f8c2931d03a2', 'investment_status_changed', 'Damian K zmienił(a) status inwestycji', 'Klient 2 → Zakończona', NULL, '4fb0c8ce-ab79-41dc-a235-e3ab1a2d8ba9', false, 'normal', '2026-05-01 10:26:06.558721+00'),
	('283cbb2f-2cc3-42c1-b792-9f50f933f2f6', 'c01f1de2-6b07-4375-b34a-3c861a2ec31a', 'investment_status_changed', 'Damian K zmienił(a) status inwestycji', 'Gsh → Zakończona', NULL, '9c083b4a-ba5d-4b01-9618-bc56bcd47693', false, 'normal', '2026-05-01 10:26:12.076664+00'),
	('7e8e210f-cd99-41b4-ab1d-25c45d723268', 'a06e0744-d20c-486b-a1ba-f8c2931d03a2', 'investment_status_changed', 'Damian K zmienił(a) status inwestycji', 'Gsh → Zakończona', NULL, '9c083b4a-ba5d-4b01-9618-bc56bcd47693', false, 'normal', '2026-05-01 10:26:12.354725+00'),
	('0c876ead-d0d7-4e81-a26d-cf33c833a57e', '5c5638be-d29c-4726-9816-c1ae4e4e4f1e', 'task_status_changed', 'Zmieniono status zadania', 'Zamówić panele dwa razy → zrobione', '56dc2016-017c-4466-9b96-85625f743ec2', NULL, true, 'normal', '2026-04-30 18:26:22.042031+00'),
	('4f8a07f7-8a61-4afd-9d1b-8a0ecf9eefa5', '5c5638be-d29c-4726-9816-c1ae4e4e4f1e', 'task_bumped', 'Podbito zadanie', 'Kup 200ml', 'b7139987-97b7-4672-baf5-0a8851d46d17', NULL, true, 'critical', '2026-04-30 18:28:17.093169+00'),
	('687a266a-04f9-4f8a-ae2a-42a978f4f288', '5c5638be-d29c-4726-9816-c1ae4e4e4f1e', 'task_bumped', 'Podbito zadanie', 'Pdfgen dokończyć', '57a7cd22-f1a4-45ef-b55e-7d0a0bac91ef', NULL, true, 'critical', '2026-04-30 18:57:24.688434+00'),
	('3725f129-8d84-40ed-bb82-77dc07ebde84', '5c5638be-d29c-4726-9816-c1ae4e4e4f1e', 'task_comment_added', 'Nowy komentarz w zadaniu', 'Hej', '56dc2016-017c-4466-9b96-85625f743ec2', NULL, true, 'normal', '2026-04-30 17:59:21.822634+00'),
	('91487873-3a00-4e3d-b253-0cb0505b41a2', '5c5638be-d29c-4726-9816-c1ae4e4e4f1e', 'task_status_changed', 'Zmieniono status zadania', 'Kup kebaba → w_trakcie', 'a794329c-8c42-4dfd-847d-ba867ce38908', NULL, true, 'normal', '2026-04-30 18:24:49.851481+00'),
	('74067e24-afe0-452f-a15c-7897ab2300eb', '5c5638be-d29c-4726-9816-c1ae4e4e4f1e', 'task_created', 'Nowe zadanie', 'Pdfgen dokończyć', '57a7cd22-f1a4-45ef-b55e-7d0a0bac91ef', NULL, true, 'normal', '2026-04-30 18:56:58.640229+00'),
	('60d08273-0884-41ed-b107-24e472cb98fe', '5c5638be-d29c-4726-9816-c1ae4e4e4f1e', 'task_bumped', 'Podbito zadanie', 'Pdfgen dokończyć', '57a7cd22-f1a4-45ef-b55e-7d0a0bac91ef', NULL, true, 'critical', '2026-04-30 18:57:08.862062+00'),
	('bddc02db-048e-4caf-a3a6-2dd7f6e7b9a1', '5c5638be-d29c-4726-9816-c1ae4e4e4f1e', 'task_bumped', 'Podbito zadanie', 'Pdfgen dokończyć', '57a7cd22-f1a4-45ef-b55e-7d0a0bac91ef', NULL, true, 'critical', '2026-04-30 18:57:26.562655+00'),
	('6ef646f4-3af5-4488-9808-7a36199608a1', '5c5638be-d29c-4726-9816-c1ae4e4e4f1e', 'task_created', 'Nowe zadanie', 'Kompletna oferta domu', '55bfc3e5-fb53-43c9-987a-130f23d3b7dd', NULL, true, 'normal', '2026-04-30 18:27:14.075039+00'),
	('41cc377f-d090-4a58-bc0a-d8f464dd577f', '5c5638be-d29c-4726-9816-c1ae4e4e4f1e', 'task_bumped', 'Podbito zadanie', 'Pdfgen dokończyć', '57a7cd22-f1a4-45ef-b55e-7d0a0bac91ef', NULL, true, 'critical', '2026-04-30 18:57:04.469892+00'),
	('cf0c9c7b-9450-483d-bee0-6ea568f6f508', '5c5638be-d29c-4726-9816-c1ae4e4e4f1e', 'task_bumped', 'Podbito zadanie', 'Pdfgen dokończyć', '57a7cd22-f1a4-45ef-b55e-7d0a0bac91ef', NULL, true, 'critical', '2026-04-30 18:57:06.236265+00'),
	('9fcf90f1-652c-4487-9280-6600b82ce6d6', '5c5638be-d29c-4726-9816-c1ae4e4e4f1e', 'task_bumped', 'Podbito zadanie', 'Pdfgen dokończyć', '57a7cd22-f1a4-45ef-b55e-7d0a0bac91ef', NULL, true, 'critical', '2026-04-30 18:57:10.563406+00'),
	('581b7be0-83cb-44d4-bd69-3398c74cfdfd', '5c5638be-d29c-4726-9816-c1ae4e4e4f1e', 'task_status_changed', 'Zmieniono status zadania', 'Pdfgen dokończyć → w_trakcie', '57a7cd22-f1a4-45ef-b55e-7d0a0bac91ef', NULL, true, 'normal', '2026-04-30 18:57:21.190327+00'),
	('416c3727-c3c9-450a-baa3-e7f9357f4a6e', '5c5638be-d29c-4726-9816-c1ae4e4e4f1e', 'task_created', 'Damian K przypisal(a) Ci zadanie', 'Już nowe zadanie', 'daacdae9-1898-450d-902e-e1ab9f61bd81', NULL, true, 'normal', '2026-05-01 10:02:25.18023+00'),
	('26b53ac5-4176-47a8-b415-ee63c2a50063', '79e6eb94-99a8-40df-9bcf-ca6b6a3697f1', 'task_status_changed', 'Łukasz W zmienił(a) status', 'Test → W trakcie', '75e9f768-b5dc-4f69-be80-8b1cee973ae3', NULL, true, 'normal', '2026-05-01 10:02:00.471453+00'),
	('c84f896b-352d-41d5-a307-d3f36ed23393', '79e6eb94-99a8-40df-9bcf-ca6b6a3697f1', 'task_comment_added', 'Łukasz W skomentował(a)', 'Już nowe zadanie: Hdhd', 'daacdae9-1898-450d-902e-e1ab9f61bd81', NULL, true, 'normal', '2026-05-01 10:03:01.039536+00'),
	('1a6ee3b5-f4ad-451b-8f99-bd478ea058c7', '79e6eb94-99a8-40df-9bcf-ca6b6a3697f1', 'task_comment_added', 'Łukasz W skomentował(a)', 'Już nowe zadanie: Hdheh', 'daacdae9-1898-450d-902e-e1ab9f61bd81', NULL, true, 'normal', '2026-05-01 10:03:12.523868+00'),
	('a469e8d6-9b91-44c8-ae0b-160a84ed39d3', '79e6eb94-99a8-40df-9bcf-ca6b6a3697f1', 'task_status_changed', 'Łukasz W zmienił(a) status', 'Już nowe zadanie → Zrobione', 'daacdae9-1898-450d-902e-e1ab9f61bd81', NULL, true, 'normal', '2026-05-01 10:03:16.272628+00'),
	('019edf14-9a54-4cae-b957-a658f1331f79', '79e6eb94-99a8-40df-9bcf-ca6b6a3697f1', 'task_status_changed', 'Łukasz W zmienił(a) status', 'Już nowe zadanie → W trakcie', 'daacdae9-1898-450d-902e-e1ab9f61bd81', NULL, true, 'normal', '2026-05-01 10:03:25.058514+00'),
	('e4ef8265-9288-43b9-8a14-0301208bfcdc', '79e6eb94-99a8-40df-9bcf-ca6b6a3697f1', 'task_created', 'Łukasz W przypisal(a) Ci zadanie', 'Xyz', 'fd2b1cb7-2dbe-4d93-943a-454766b602a9', NULL, true, 'normal', '2026-05-01 10:24:09.694831+00'),
	('bd30ef99-d6fc-4d59-a31b-f43fe713d594', '79e6eb94-99a8-40df-9bcf-ca6b6a3697f1', 'task_status_changed', 'Łukasz W zmienił(a) status', 'Jol jol → Nie rozpoczęto', '70f70605-1004-4029-bfa3-a202e8863f16', NULL, true, 'normal', '2026-05-01 10:24:39.229456+00'),
	('62130471-87f3-4430-9fcf-747b8c4510be', '79e6eb94-99a8-40df-9bcf-ca6b6a3697f1', 'task_status_changed', 'Łukasz W zmienił(a) status', 'Jol jol → W trakcie', '70f70605-1004-4029-bfa3-a202e8863f16', NULL, true, 'normal', '2026-05-01 10:24:41.770015+00'),
	('beb5248d-d0b9-4048-8ce0-18a0b5ebad71', '79e6eb94-99a8-40df-9bcf-ca6b6a3697f1', 'task_status_changed', 'Łukasz W zmienił(a) status', 'Jol jol → Nie rozpoczęto', '70f70605-1004-4029-bfa3-a202e8863f16', NULL, true, 'normal', '2026-05-01 10:25:02.504524+00'),
	('45e76456-3e6c-421c-8ae3-91faee214f1e', '79e6eb94-99a8-40df-9bcf-ca6b6a3697f1', 'task_status_changed', 'Łukasz W zmienił(a) status', 'Jol jol → W trakcie', '70f70605-1004-4029-bfa3-a202e8863f16', NULL, true, 'normal', '2026-05-01 10:25:04.197325+00'),
	('501fd77c-8fc2-4e69-a194-1c1232d35421', '5c5638be-d29c-4726-9816-c1ae4e4e4f1e', 'task_bumped', 'Podbito zadanie', 'Pdfgen dokończyć', '57a7cd22-f1a4-45ef-b55e-7d0a0bac91ef', NULL, true, 'critical', '2026-04-30 18:59:30.133633+00'),
	('3bb31bf3-82d3-41ae-be3a-cb3a79a20048', '5c5638be-d29c-4726-9816-c1ae4e4e4f1e', 'task_bumped', 'Podbito zadanie', 'Zamówić panele dwa razy', '56dc2016-017c-4466-9b96-85625f743ec2', NULL, true, 'critical', '2026-04-30 18:02:36.300555+00'),
	('c67f73f7-d855-4d90-8345-1bfb176eebca', '5c5638be-d29c-4726-9816-c1ae4e4e4f1e', 'task_status_changed', 'Zmieniono status zadania', 'Zamówić panele drugi raz → w_trakcie', '53273f3a-26a7-478d-8a3e-12d7742901c5', NULL, true, 'normal', '2026-04-30 18:02:58.625028+00'),
	('26cb83cc-ed56-4f78-a86c-ca1f73d743e3', '5c5638be-d29c-4726-9816-c1ae4e4e4f1e', 'task_bumped', 'Podbito zadanie', 'Pdfgen dokończyć', '57a7cd22-f1a4-45ef-b55e-7d0a0bac91ef', NULL, true, 'critical', '2026-04-30 18:57:18.932341+00'),
	('81c9c1b0-fde1-425e-bb52-cf5f135b57a7', '5c5638be-d29c-4726-9816-c1ae4e4e4f1e', 'task_bumped', 'Podbito zadanie', 'Pdfgen dokończyć', '57a7cd22-f1a4-45ef-b55e-7d0a0bac91ef', NULL, true, 'critical', '2026-04-30 19:30:51.913368+00'),
	('59fab7f4-1b46-4a5e-9b07-1c944624f54f', '5c5638be-d29c-4726-9816-c1ae4e4e4f1e', 'task_comment_added', 'Nowy komentarz w zadaniu', 'Majówka uratowana', '50b5ede5-7fc2-4d88-9a5f-e18e3efb5b81', NULL, true, 'normal', '2026-04-30 20:05:19.700931+00'),
	('47de4434-b2a7-4879-87ac-92ecac3f1475', '5c5638be-d29c-4726-9816-c1ae4e4e4f1e', 'task_comment_added', 'Nowy komentarz w zadaniu', 'W sensie. Kupiłem jajka…', '50b5ede5-7fc2-4d88-9a5f-e18e3efb5b81', NULL, true, 'normal', '2026-04-30 20:05:29.824813+00'),
	('c655e912-f69b-47ee-9a4f-b0b9906d737c', '5c5638be-d29c-4726-9816-c1ae4e4e4f1e', 'task_comment_added', 'Nowy komentarz w zadaniu', 'Zapomniałem aktywować kupony na truskawki 😭😭😭😭', '50b5ede5-7fc2-4d88-9a5f-e18e3efb5b81', NULL, true, 'normal', '2026-04-30 20:05:56.510006+00'),
	('7978394a-9cf2-4eb5-95d5-b59f01774be1', '5c5638be-d29c-4726-9816-c1ae4e4e4f1e', 'task_comment_added', 'Nowy komentarz w zadaniu', 'Czekasz na zdjęcie ;>', '50b5ede5-7fc2-4d88-9a5f-e18e3efb5b81', NULL, true, 'normal', '2026-04-30 20:06:07.252256+00'),
	('0f8cd3ce-bcc8-40b0-969f-9c30776494a3', '5c5638be-d29c-4726-9816-c1ae4e4e4f1e', 'task_comment_added', 'Nowy komentarz w zadaniu', 'Nie mogę chyba dodać zdjęcia', '50b5ede5-7fc2-4d88-9a5f-e18e3efb5b81', NULL, true, 'normal', '2026-04-30 20:07:18.232301+00'),
	('c8d91603-9aec-4957-85c6-294170f01c4d', '5c5638be-d29c-4726-9816-c1ae4e4e4f1e', 'task_status_changed', 'Zmieniono status zadania', 'Powiadomienie testowe → zrobione', '50b5ede5-7fc2-4d88-9a5f-e18e3efb5b81', NULL, true, 'normal', '2026-04-30 20:07:28.427689+00'),
	('82c5d910-4268-4dd5-badd-bec4bbdda585', '5c5638be-d29c-4726-9816-c1ae4e4e4f1e', 'task_comment_added', 'Nowy komentarz w zadaniu', 'Niestety doszło', '57a7cd22-f1a4-45ef-b55e-7d0a0bac91ef', NULL, true, 'normal', '2026-04-30 20:07:53.143052+00'),
	('90a66f8d-843b-4a04-848a-80a7abf185e6', '5c5638be-d29c-4726-9816-c1ae4e4e4f1e', 'task_status_changed', 'Zmieniono status zadania', 'Pdfgen dokończyć → w_trakcie', '57a7cd22-f1a4-45ef-b55e-7d0a0bac91ef', NULL, true, 'normal', '2026-04-30 20:07:56.061546+00'),
	('6cffd9c9-086d-4ce5-9f08-112c45dc41a6', '5c5638be-d29c-4726-9816-c1ae4e4e4f1e', 'task_bumped', 'Podbito zadanie', 'Pdfgen dokończyć', '57a7cd22-f1a4-45ef-b55e-7d0a0bac91ef', NULL, true, 'critical', '2026-05-01 05:13:34.8057+00'),
	('e1396f2a-444c-4da4-aa4f-ea57cb088425', '5c5638be-d29c-4726-9816-c1ae4e4e4f1e', 'task_bumped', 'Podbito zadanie', 'Pdfgen dokończyć', '57a7cd22-f1a4-45ef-b55e-7d0a0bac91ef', NULL, true, 'critical', '2026-05-01 09:47:07.215539+00'),
	('20d475e7-7ca9-43ba-a892-14de21a350c9', '5c5638be-d29c-4726-9816-c1ae4e4e4f1e', 'task_bumped', 'Podbito zadanie', 'Pdfgen dokończyć', '57a7cd22-f1a4-45ef-b55e-7d0a0bac91ef', NULL, true, 'critical', '2026-05-01 09:49:03.435784+00'),
	('690dc990-92ca-468f-9844-d1afb53f9810', '5c5638be-d29c-4726-9816-c1ae4e4e4f1e', 'task_bumped', 'Damian K podbił(a) zadanie', 'Pdfgen dokończyć', '57a7cd22-f1a4-45ef-b55e-7d0a0bac91ef', NULL, true, 'critical', '2026-05-01 09:59:02.78374+00'),
	('f0384391-e444-47ad-9c2f-813c915c59cc', '5c5638be-d29c-4726-9816-c1ae4e4e4f1e', 'task_bumped', 'Damian K podbił(a) zadanie', 'Pdfgen dokończyć', '57a7cd22-f1a4-45ef-b55e-7d0a0bac91ef', NULL, true, 'critical', '2026-05-01 09:59:15.928489+00'),
	('5ca4ec4a-99aa-4f29-8402-833303bf966f', '5c5638be-d29c-4726-9816-c1ae4e4e4f1e', 'task_comment_added', 'Damian K skomentował(a)', 'Pdfgen dokończyć: Test', '57a7cd22-f1a4-45ef-b55e-7d0a0bac91ef', NULL, true, 'normal', '2026-05-01 09:59:27.931371+00'),
	('cde39e55-79db-48c1-a4f0-76c012386637', '5c5638be-d29c-4726-9816-c1ae4e4e4f1e', 'task_created', 'Damian K przypisal(a) Ci zadanie', 'Jol jol', '70f70605-1004-4029-bfa3-a202e8863f16', NULL, true, 'normal', '2026-05-01 09:59:47.182915+00'),
	('deb55f15-8c38-4e10-88ef-60a5076a2187', '5c5638be-d29c-4726-9816-c1ae4e4e4f1e', 'task_bumped', 'Damian K podbił(a) zadanie', 'Jol jol', '70f70605-1004-4029-bfa3-a202e8863f16', NULL, true, 'critical', '2026-05-01 09:59:52.367653+00'),
	('3f011f53-80af-4844-9c53-b6d63d4ab2f3', '5c5638be-d29c-4726-9816-c1ae4e4e4f1e', 'task_bumped', 'Damian K podbił(a) zadanie', 'Jol jol', '70f70605-1004-4029-bfa3-a202e8863f16', NULL, true, 'critical', '2026-05-01 10:01:36.667562+00'),
	('1c95a248-e4ec-4aac-bee0-edb6eaeca1df', '5c5638be-d29c-4726-9816-c1ae4e4e4f1e', 'task_comment_added', 'Damian K skomentował(a)', 'Już nowe zadanie: Adhd', 'daacdae9-1898-450d-902e-e1ab9f61bd81', NULL, true, 'normal', '2026-05-01 10:03:14.527212+00'),
	('01446d6f-2716-43af-9d95-19329d2ceba2', '5c5638be-d29c-4726-9816-c1ae4e4e4f1e', 'task_status_changed', 'Damian K zmienił(a) status', 'Hshns → W trakcie', '156fa062-4864-4847-8ec6-493b5223cfcf', NULL, true, 'normal', '2026-05-01 10:04:54.075585+00'),
	('f23c228a-669b-4c02-8d16-9e408bc6b13e', '5c5638be-d29c-4726-9816-c1ae4e4e4f1e', 'task_status_changed', 'Damian K zmienił(a) status', 'Hshns → Nie rozpoczęto', '156fa062-4864-4847-8ec6-493b5223cfcf', NULL, true, 'normal', '2026-05-01 10:05:02.6961+00'),
	('fe70574c-b8cd-4101-9688-273c8b9f0f10', '5c5638be-d29c-4726-9816-c1ae4e4e4f1e', 'task_status_changed', 'Damian K zmienił(a) status', 'Test → Nie rozpoczęto', '75e9f768-b5dc-4f69-be80-8b1cee973ae3', NULL, true, 'normal', '2026-05-01 10:24:46.032908+00'),
	('640b09a1-28aa-4ad1-beca-b039f7aace59', '5c5638be-d29c-4726-9816-c1ae4e4e4f1e', 'task_status_changed', 'Damian K zmienił(a) status', 'Test → W trakcie', '75e9f768-b5dc-4f69-be80-8b1cee973ae3', NULL, true, 'normal', '2026-05-01 10:24:48.798856+00'),
	('1aaf861d-78c9-4f6e-91e0-8f1d211f7444', '5c5638be-d29c-4726-9816-c1ae4e4e4f1e', 'task_status_changed', 'Damian K zmienił(a) status', 'Test → Nie rozpoczęto', '75e9f768-b5dc-4f69-be80-8b1cee973ae3', NULL, true, 'normal', '2026-05-01 10:24:54.395279+00'),
	('a6c43d06-8742-4ace-b1d5-4908a9474af8', '5c5638be-d29c-4726-9816-c1ae4e4e4f1e', 'task_status_changed', 'Damian K zmienił(a) status', 'Test → W trakcie', '75e9f768-b5dc-4f69-be80-8b1cee973ae3', NULL, true, 'normal', '2026-05-01 10:24:56.388911+00'),
	('28685c3d-7c3b-413c-ad1b-42c4d60c3355', '5c5638be-d29c-4726-9816-c1ae4e4e4f1e', 'task_status_changed', 'Damian K zmienił(a) status', 'Już nowe zadanie → Zrobione', 'daacdae9-1898-450d-902e-e1ab9f61bd81', NULL, true, 'normal', '2026-05-01 10:25:39.7899+00'),
	('5a7ea39d-745e-4dbf-8a6d-37c029c92519', '5c5638be-d29c-4726-9816-c1ae4e4e4f1e', 'task_status_changed', 'Damian K zmienił(a) status', 'Jol jol → Zrobione', '70f70605-1004-4029-bfa3-a202e8863f16', NULL, true, 'normal', '2026-05-01 10:25:43.41683+00'),
	('eafa42a5-d8ee-4783-9c23-6244f2ba2531', '5c5638be-d29c-4726-9816-c1ae4e4e4f1e', 'task_status_changed', 'Damian K zmienił(a) status', 'Pdfgen dokończyć → Zrobione', '57a7cd22-f1a4-45ef-b55e-7d0a0bac91ef', NULL, true, 'normal', '2026-05-01 10:25:47.655423+00'),
	('b31fb233-4bcb-4968-8734-ae22ad69d35a', '5c5638be-d29c-4726-9816-c1ae4e4e4f1e', 'task_status_changed', 'Damian K zmienił(a) status', 'Test → Zrobione', '75e9f768-b5dc-4f69-be80-8b1cee973ae3', NULL, true, 'normal', '2026-05-01 10:25:50.861264+00'),
	('221edd04-c087-4785-ba26-449210cd7d3f', '5c5638be-d29c-4726-9816-c1ae4e4e4f1e', 'task_status_changed', 'Damian K zmienił(a) status', 'Hshns → Zrobione', '156fa062-4864-4847-8ec6-493b5223cfcf', NULL, true, 'normal', '2026-05-01 10:25:55.482858+00'),
	('e12bacca-e85f-43a4-b1ff-3733cbcd518a', '5c5638be-d29c-4726-9816-c1ae4e4e4f1e', 'investment_status_changed', 'Damian K zmienił(a) status inwestycji', 'Klient 2 → Zakończona', NULL, '4fb0c8ce-ab79-41dc-a235-e3ab1a2d8ba9', true, 'normal', '2026-05-01 10:26:06.46879+00'),
	('8fab2bcd-6c24-4db7-b570-62fa9e58cc77', '5c5638be-d29c-4726-9816-c1ae4e4e4f1e', 'investment_status_changed', 'Damian K zmienił(a) status inwestycji', 'Gsh → Zakończona', NULL, '9c083b4a-ba5d-4b01-9618-bc56bcd47693', true, 'normal', '2026-05-01 10:26:12.252204+00'),
	('72f48843-cee4-4f6b-b969-9cb058e11236', '5c5638be-d29c-4726-9816-c1ae4e4e4f1e', 'task_created', 'Joanna W przypisal(a) Ci zadanie', 'klient', '02b9993d-f81f-4c4a-9fdc-efe246781d7c', NULL, false, 'normal', '2026-05-04 08:01:13.794722+00'),
	('f4477bb9-d370-4975-8be5-739122187154', '9012ec6c-b061-45ff-be1b-c96018f5b251', 'investment_created', 'Łukasz W dodał(a) inwestycję', 'Testowa inwestycja 2 — Jan Janek', NULL, 'f918b069-9cbe-41b7-8dad-ea287c7f0dec', false, 'normal', '2026-05-01 10:40:57.102935+00'),
	('2022a2fc-09d7-4e75-a172-03f3baf0e4fb', '9012ec6c-b061-45ff-be1b-c96018f5b251', 'investment_status_changed', 'Łukasz W zmienił(a) status inwestycji', 'Testowa inwestycja 2 → W realizacji', NULL, 'f918b069-9cbe-41b7-8dad-ea287c7f0dec', false, 'normal', '2026-05-01 10:41:17.638201+00'),
	('36b262f6-e72f-4f43-951b-7e2c90bd6a9a', '5c5638be-d29c-4726-9816-c1ae4e4e4f1e', 'task_status_changed', 'Kontakt zmienił(a) status', 'Kup 200ml → W trakcie', 'b7139987-97b7-4672-baf5-0a8851d46d17', NULL, true, 'normal', '2026-05-01 10:27:33.692993+00'),
	('21438f00-7f6f-4086-8131-434aae45eb74', 'c01f1de2-6b07-4375-b34a-3c861a2ec31a', 'investment_status_changed', 'Łukasz W zmienił(a) status inwestycji', 'Testowa inwestycja 2 → W planowaniu', NULL, 'f918b069-9cbe-41b7-8dad-ea287c7f0dec', true, 'normal', '2026-05-01 10:41:15.896956+00'),
	('7d21f090-79ce-4f16-8386-e2e8fa98ccc1', 'c01f1de2-6b07-4375-b34a-3c861a2ec31a', 'investment_comment_added', 'Łukasz W skomentował(a) inwestycję', 'Testowa inwestycja 2: Test', NULL, '30bb87ca-7b72-422a-8c24-04a4b4597c47', true, 'normal', '2026-05-01 10:33:26.309198+00'),
	('08c8f8c3-18b3-434a-84c8-f467f4b74f83', 'c01f1de2-6b07-4375-b34a-3c861a2ec31a', 'investment_comment_added', 'Łukasz W skomentował(a) inwestycję', 'Testowa inwestycja 2: Test', NULL, '30bb87ca-7b72-422a-8c24-04a4b4597c47', true, 'normal', '2026-05-01 10:33:57.531802+00'),
	('324bbb7b-1fc3-4b51-8c2d-e77465ae1d1d', '5c5638be-d29c-4726-9816-c1ae4e4e4f1e', 'task_bumped', 'Joanna W podbił(a) zadanie', 'klient', '02b9993d-f81f-4c4a-9fdc-efe246781d7c', NULL, false, 'critical', '2026-05-04 08:04:25.698711+00'),
	('10aa4ad4-2954-448e-8037-9ccf8bae02a7', '79e6eb94-99a8-40df-9bcf-ca6b6a3697f1', 'task_bumped', 'Łukasz W podbił(a) zadanie', 'Test test', 'fd2b1cb7-2dbe-4d93-943a-454766b602a9', NULL, true, 'critical', '2026-05-01 16:28:29.091307+00'),
	('25b31264-1907-4fbc-aa60-91cb83bb472b', '5c5638be-d29c-4726-9816-c1ae4e4e4f1e', 'task_bumped', 'Damian K podbił(a) zadanie', 'Formularz do PDF gen', '65b01f01-2ae6-40c5-ac0e-be2ea8f8ad02', NULL, true, 'critical', '2026-05-01 19:47:35.383868+00'),
	('e8fb526b-a50f-43b4-b50f-07c3bca55909', '5c5638be-d29c-4726-9816-c1ae4e4e4f1e', 'task_bumped', 'Damian K podbił(a) zadanie', 'Formularz do PDF gen', '65b01f01-2ae6-40c5-ac0e-be2ea8f8ad02', NULL, true, 'critical', '2026-05-01 16:02:30.686658+00'),
	('3c2c8d53-9541-4b7d-8ccf-8035993fd698', '5c5638be-d29c-4726-9816-c1ae4e4e4f1e', 'task_bumped', 'Damian K podbił(a) zadanie', 'Formularz do PDF gen', '65b01f01-2ae6-40c5-ac0e-be2ea8f8ad02', NULL, true, 'critical', '2026-05-01 19:47:34.709588+00'),
	('44781e9b-6b79-4eea-962b-1cb84e90645a', '5c5638be-d29c-4726-9816-c1ae4e4e4f1e', 'task_bumped', 'Damian K podbił(a) zadanie', 'Formularz do PDF gen', '65b01f01-2ae6-40c5-ac0e-be2ea8f8ad02', NULL, true, 'critical', '2026-05-01 16:02:19.60229+00'),
	('b306f319-812e-46d0-b8e9-7553f0aed696', '5c5638be-d29c-4726-9816-c1ae4e4e4f1e', 'task_bumped', 'Damian K podbił(a) zadanie', 'Formularz do PDF gen', '65b01f01-2ae6-40c5-ac0e-be2ea8f8ad02', NULL, true, 'critical', '2026-05-01 19:47:34.049374+00'),
	('98bb0655-2ccb-4664-85e1-b0b390bfe261', '5c5638be-d29c-4726-9816-c1ae4e4e4f1e', 'task_bumped', 'Damian K podbił(a) zadanie', 'Formularz do PDF gen', '65b01f01-2ae6-40c5-ac0e-be2ea8f8ad02', NULL, true, 'critical', '2026-05-01 17:01:49.92041+00'),
	('f5118bbd-1a36-48af-900d-f82c02bf5f88', '5c5638be-d29c-4726-9816-c1ae4e4e4f1e', 'task_bumped', 'Damian K podbił(a) zadanie', 'Formularz do PDF gen', '65b01f01-2ae6-40c5-ac0e-be2ea8f8ad02', NULL, true, 'critical', '2026-05-01 19:47:53.403265+00'),
	('34367c73-478a-4ff8-96b9-65510286c40d', '5c5638be-d29c-4726-9816-c1ae4e4e4f1e', 'task_bumped', 'Damian K podbił(a) zadanie', 'Formularz do PDF gen', '65b01f01-2ae6-40c5-ac0e-be2ea8f8ad02', NULL, true, 'critical', '2026-05-01 17:01:49.370069+00'),
	('ec731329-e23e-4ccc-b346-8f041b87062d', '5c5638be-d29c-4726-9816-c1ae4e4e4f1e', 'task_bumped', 'Damian K podbił(a) zadanie', 'Formularz do PDF gen', '65b01f01-2ae6-40c5-ac0e-be2ea8f8ad02', NULL, true, 'critical', '2026-05-01 19:47:38.68779+00'),
	('f3abc14c-a793-4252-8ee8-253365826097', '5c5638be-d29c-4726-9816-c1ae4e4e4f1e', 'task_bumped', 'Damian K podbił(a) zadanie', 'Formularz do PDF gen', '65b01f01-2ae6-40c5-ac0e-be2ea8f8ad02', NULL, true, 'critical', '2026-05-01 19:47:38.020529+00'),
	('a31a37c1-f014-425c-b9c1-b48eb06116be', '5c5638be-d29c-4726-9816-c1ae4e4e4f1e', 'task_bumped', 'Damian K podbił(a) zadanie', 'Formularz do PDF gen', '65b01f01-2ae6-40c5-ac0e-be2ea8f8ad02', NULL, true, 'critical', '2026-05-01 17:01:48.75494+00'),
	('084a2fb1-0b3d-4e76-9a19-7345c446c101', '5c5638be-d29c-4726-9816-c1ae4e4e4f1e', 'task_bumped', 'Damian K podbił(a) zadanie', 'Formularz do PDF gen', '65b01f01-2ae6-40c5-ac0e-be2ea8f8ad02', NULL, true, 'critical', '2026-05-01 19:47:37.376981+00'),
	('94018e2e-a964-4888-947a-561510c5b9ab', '5c5638be-d29c-4726-9816-c1ae4e4e4f1e', 'task_bumped', 'Damian K podbił(a) zadanie', 'Formularz do PDF gen', '65b01f01-2ae6-40c5-ac0e-be2ea8f8ad02', NULL, true, 'critical', '2026-05-01 16:00:21.211549+00'),
	('e5f3f625-4cb6-447b-b141-480582af5590', '5c5638be-d29c-4726-9816-c1ae4e4e4f1e', 'task_bumped', 'Damian K podbił(a) zadanie', 'Formularz do PDF gen', '65b01f01-2ae6-40c5-ac0e-be2ea8f8ad02', NULL, true, 'critical', '2026-05-01 19:47:36.7407+00'),
	('c66037d9-09ae-4444-95c0-3b7ae4c735c0', '5c5638be-d29c-4726-9816-c1ae4e4e4f1e', 'task_bumped', 'Damian K podbił(a) zadanie', 'Formularz do PDF gen', '65b01f01-2ae6-40c5-ac0e-be2ea8f8ad02', NULL, true, 'critical', '2026-05-01 17:01:47.938944+00'),
	('ca2a33fa-72ca-4438-a8f5-03e09e3c3811', '5c5638be-d29c-4726-9816-c1ae4e4e4f1e', 'task_bumped', 'Damian K podbił(a) zadanie', 'Formularz do PDF gen', '65b01f01-2ae6-40c5-ac0e-be2ea8f8ad02', NULL, true, 'critical', '2026-05-01 19:47:36.071547+00'),
	('b71aa52b-52ab-4183-84fe-9d124385fa1e', '5c5638be-d29c-4726-9816-c1ae4e4e4f1e', 'task_bumped', 'Damian K podbił(a) zadanie', 'Formularz do PDF gen', '65b01f01-2ae6-40c5-ac0e-be2ea8f8ad02', NULL, true, 'critical', '2026-05-01 16:00:19.855937+00'),
	('196d806b-f096-44d8-8726-b121ea64de7a', '79e6eb94-99a8-40df-9bcf-ca6b6a3697f1', 'task_status_changed', 'Łukasz W zmienił(a) status', 'Formularz do PDF gen → W trakcie', '65b01f01-2ae6-40c5-ac0e-be2ea8f8ad02', NULL, false, 'normal', '2026-05-01 19:48:20.196996+00'),
	('8e037425-196b-4b9b-871b-103325245278', '5c5638be-d29c-4726-9816-c1ae4e4e4f1e', 'task_bumped', 'Damian K podbił(a) zadanie', 'Formularz do PDF gen', '65b01f01-2ae6-40c5-ac0e-be2ea8f8ad02', NULL, true, 'critical', '2026-05-01 17:05:59.524429+00'),
	('4d06b2f2-81a6-4267-b30f-43b37645fd71', '5c5638be-d29c-4726-9816-c1ae4e4e4f1e', 'task_bumped', 'Damian K podbił(a) zadanie', 'Formularz do PDF gen', '65b01f01-2ae6-40c5-ac0e-be2ea8f8ad02', NULL, true, 'critical', '2026-05-01 17:01:51.563967+00'),
	('f733bebf-5068-4af6-9187-68e956e451ec', '5c5638be-d29c-4726-9816-c1ae4e4e4f1e', 'task_bumped', 'Damian K podbił(a) zadanie', 'Formularz do PDF gen', '65b01f01-2ae6-40c5-ac0e-be2ea8f8ad02', NULL, true, 'critical', '2026-05-01 17:01:50.768656+00'),
	('99eb174a-d54d-42ea-b8f7-378a83ff6b8b', '79e6eb94-99a8-40df-9bcf-ca6b6a3697f1', 'task_comment_added', 'Łukasz W skomentował(a)', 'Formularz do PDF gen: Niemożliwe', '65b01f01-2ae6-40c5-ac0e-be2ea8f8ad02', NULL, true, 'normal', '2026-05-01 19:48:37.191542+00'),
	('843794cb-f2e8-4e73-b22e-2cabd4a8c779', '5c5638be-d29c-4726-9816-c1ae4e4e4f1e', 'task_bumped', 'Damian K podbił(a) zadanie', 'Formularz do PDF gen', '65b01f01-2ae6-40c5-ac0e-be2ea8f8ad02', NULL, true, 'critical', '2026-05-01 17:01:50.378222+00'),
	('e937bb7b-869a-44c7-829d-8f7b9f9536d3', '79e6eb94-99a8-40df-9bcf-ca6b6a3697f1', 'task_comment_added', 'Łukasz W skomentował(a)', 'Formularz do PDF gen: Ale zajbiestabjest ta funkcja w tej apce', '65b01f01-2ae6-40c5-ac0e-be2ea8f8ad02', NULL, false, 'normal', '2026-05-01 19:49:30.56219+00'),
	('4dd407c6-b482-442e-9953-2f1ce03622ae', '5c5638be-d29c-4726-9816-c1ae4e4e4f1e', 'task_bumped', 'Damian K podbił(a) zadanie', 'Formularz do PDF gen', '65b01f01-2ae6-40c5-ac0e-be2ea8f8ad02', NULL, true, 'critical', '2026-05-01 17:01:46.3966+00'),
	('0e254d3e-d7e6-4ac6-b12b-22d5186b70e0', '5c5638be-d29c-4726-9816-c1ae4e4e4f1e', 'task_bumped', 'Damian K podbił(a) zadanie', 'Formularz do PDF gen', '65b01f01-2ae6-40c5-ac0e-be2ea8f8ad02', NULL, true, 'critical', '2026-05-01 16:28:37.199284+00'),
	('d4f5bb3b-e288-4fc5-b4f8-cb9cefa6afdc', '5c5638be-d29c-4726-9816-c1ae4e4e4f1e', 'task_bumped', 'Damian K podbił(a) zadanie', 'Formularz do PDF gen', '65b01f01-2ae6-40c5-ac0e-be2ea8f8ad02', NULL, true, 'critical', '2026-05-01 16:09:56.647816+00'),
	('1aac2501-ed9c-4ba7-8a69-b12df03a22dc', '79e6eb94-99a8-40df-9bcf-ca6b6a3697f1', 'task_created', 'Łukasz W przypisal(a) Ci zadanie', 'Jestem', '5c9c0b27-7876-4d94-b07c-c22897eb5206', NULL, false, 'normal', '2026-05-02 06:28:05.149135+00'),
	('eed4a75d-be63-4ec4-b901-ac2e12d55afa', '5c5638be-d29c-4726-9816-c1ae4e4e4f1e', 'task_bumped', 'Damian K podbił(a) zadanie', 'Formularz do PDF gen', '65b01f01-2ae6-40c5-ac0e-be2ea8f8ad02', NULL, true, 'critical', '2026-05-01 16:02:41.829958+00'),
	('e9ff8c0c-69b2-4681-963d-63f7bddef9d5', '79e6eb94-99a8-40df-9bcf-ca6b6a3697f1', 'task_comment_added', 'Łukasz W skomentował(a)', 'Formularz do PDF gen: Obczaję niedługo 🥱', '65b01f01-2ae6-40c5-ac0e-be2ea8f8ad02', NULL, true, 'normal', '2026-05-01 19:48:48.722358+00'),
	('08db0859-84cf-4ac4-a126-33ebfd9fbee5', '79e6eb94-99a8-40df-9bcf-ca6b6a3697f1', 'task_comment_added', 'Łukasz W skomentował(a)', 'Formularz do PDF gen: Obudziłeś mnie hah', '65b01f01-2ae6-40c5-ac0e-be2ea8f8ad02', NULL, false, 'normal', '2026-05-01 19:48:58.210843+00'),
	('71819615-d863-4ba6-94be-26406e937821', '79e6eb94-99a8-40df-9bcf-ca6b6a3697f1', 'task_comment_added', 'Łukasz W skomentował(a)', 'Formularz do PDF gen: Spoko', '65b01f01-2ae6-40c5-ac0e-be2ea8f8ad02', NULL, false, 'normal', '2026-05-01 19:49:15.07744+00'),
	('360959de-4d25-4e7f-bfe7-25b00ae410c9', '79e6eb94-99a8-40df-9bcf-ca6b6a3697f1', 'task_status_changed', 'Łukasz W zmienił(a) status', 'Jestem → W trakcie', '5c9c0b27-7876-4d94-b07c-c22897eb5206', NULL, false, 'normal', '2026-05-02 06:28:14.103611+00'),
	('15b39516-7f9b-4611-9a28-91975f7e3a8e', '79e6eb94-99a8-40df-9bcf-ca6b6a3697f1', 'task_bumped', 'Łukasz W podbił(a) zadanie', 'Jestem', '5c9c0b27-7876-4d94-b07c-c22897eb5206', NULL, true, 'critical', '2026-05-02 06:28:13.074401+00'),
	('7e2e5658-a159-4343-85e2-0c02b5b3d8b3', '79e6eb94-99a8-40df-9bcf-ca6b6a3697f1', 'task_bumped', 'Łukasz W podbił(a) zadanie', 'Jestem', '5c9c0b27-7876-4d94-b07c-c22897eb5206', NULL, true, 'critical', '2026-05-02 06:28:11.204452+00'),
	('b0555836-0042-4efe-8e6f-fd42e4070d04', '79e6eb94-99a8-40df-9bcf-ca6b6a3697f1', 'task_bumped', 'Łukasz W podbił(a) zadanie', 'Jestem', '5c9c0b27-7876-4d94-b07c-c22897eb5206', NULL, true, 'critical', '2026-05-02 06:28:10.382774+00'),
	('c719d0da-149a-4132-8bc6-23d20f01abd9', '79e6eb94-99a8-40df-9bcf-ca6b6a3697f1', 'task_bumped', 'Łukasz W podbił(a) zadanie', 'Jestem', '5c9c0b27-7876-4d94-b07c-c22897eb5206', NULL, true, 'critical', '2026-05-02 06:28:09.618386+00'),
	('0a7e67c4-cac0-4702-9c6f-436ad4ebd229', '79e6eb94-99a8-40df-9bcf-ca6b6a3697f1', 'task_bumped', 'Łukasz W podbił(a) zadanie', 'Jestem', '5c9c0b27-7876-4d94-b07c-c22897eb5206', NULL, true, 'critical', '2026-05-02 06:28:08.729826+00'),
	('f2f8d106-15fd-4e4c-9c96-68c2f324659b', '5c5638be-d29c-4726-9816-c1ae4e4e4f1e', 'task_comment_added', 'Damian K skomentował(a)', 'Formularz do PDF gen: Hello!!!!!', '65b01f01-2ae6-40c5-ac0e-be2ea8f8ad02', NULL, true, 'normal', '2026-05-01 19:47:43.17152+00'),
	('0a1ad12a-a2cb-4a76-9652-b0d9fd2e4456', '5c5638be-d29c-4726-9816-c1ae4e4e4f1e', 'task_bumped', 'Joanna W podbił(a) zadanie', 'klient', '02b9993d-f81f-4c4a-9fdc-efe246781d7c', NULL, false, 'critical', '2026-05-04 08:04:31.73222+00'),
	('0f98bdc9-add0-4062-8bcd-42c4e4d5c4cf', '79e6eb94-99a8-40df-9bcf-ca6b6a3697f1', 'task_bumped', 'Łukasz W podbił(a) zadanie', 'Jestem', '5c9c0b27-7876-4d94-b07c-c22897eb5206', NULL, true, 'critical', '2026-05-02 06:28:14.614941+00'),
	('56b6cf2c-b8d5-403b-a7fe-51a04f30d26f', '5c5638be-d29c-4726-9816-c1ae4e4e4f1e', 'task_bumped', 'Damian K podbił(a) zadanie', 'Hello world', 'f672d918-9962-4d0b-a36d-98890b667423', NULL, true, 'critical', '2026-05-01 15:39:48.980002+00'),
	('b022c892-b00f-4e2b-9865-af0723890729', '5c5638be-d29c-4726-9816-c1ae4e4e4f1e', 'task_status_changed', 'Damian K zmienił(a) status', 'Formularz do PDF gen → W trakcie', '65b01f01-2ae6-40c5-ac0e-be2ea8f8ad02', NULL, true, 'normal', '2026-05-01 16:00:01.061931+00'),
	('5ceba77f-3a1c-4e56-8134-d1bdb459ec1f', '5c5638be-d29c-4726-9816-c1ae4e4e4f1e', 'task_status_changed', 'Damian K zmienił(a) status', 'Formularz do PDF gen → Zrobione', '65b01f01-2ae6-40c5-ac0e-be2ea8f8ad02', NULL, true, 'normal', '2026-05-01 16:00:05.656088+00'),
	('7c713194-cc54-4c95-88fc-c82ab4efe628', '5c5638be-d29c-4726-9816-c1ae4e4e4f1e', 'task_status_changed', 'Damian K zmienił(a) status', 'Formularz do PDF gen → Nie rozpoczęto', '65b01f01-2ae6-40c5-ac0e-be2ea8f8ad02', NULL, true, 'normal', '2026-05-01 16:00:17.550583+00'),
	('d54cc877-c5c9-496a-986c-d414d8238757', '5c5638be-d29c-4726-9816-c1ae4e4e4f1e', 'task_comment_added', 'Damian K skomentował(a)', 'Formularz do PDF gen: Plik jest pusty', '65b01f01-2ae6-40c5-ac0e-be2ea8f8ad02', NULL, true, 'normal', '2026-05-01 19:47:47.401896+00'),
	('ba1222a0-7e1c-4ae1-a728-be6b33e5bb89', '5c5638be-d29c-4726-9816-c1ae4e4e4f1e', 'task_comment_added', 'Damian K skomentował(a)', 'Formularz do PDF gen: Nie spac', '65b01f01-2ae6-40c5-ac0e-be2ea8f8ad02', NULL, true, 'normal', '2026-05-01 19:47:52.403337+00'),
	('0742c20a-fc05-4e6a-9ff1-658bd6d812d3', '5c5638be-d29c-4726-9816-c1ae4e4e4f1e', 'task_comment_added', 'Damian K skomentował(a)', 'Formularz do PDF gen: Przepraszam hahaha. Nie chciałem obudzić', '65b01f01-2ae6-40c5-ac0e-be2ea8f8ad02', NULL, true, 'normal', '2026-05-01 19:49:46.066102+00'),
	('0620353d-bdbe-4575-8a0b-4c3d96ba66cc', '5c5638be-d29c-4726-9816-c1ae4e4e4f1e', 'task_comment_added', 'Damian K skomentował(a)', 'Formularz do PDF gen: A jednak', '65b01f01-2ae6-40c5-ac0e-be2ea8f8ad02', NULL, true, 'normal', '2026-05-01 19:48:46.025899+00'),
	('1e1084e8-10d0-4064-a28e-55462d5e7864', '5c5638be-d29c-4726-9816-c1ae4e4e4f1e', 'task_comment_added', 'Damian K skomentował(a)', 'Formularz do PDF gen: Leć spać. To mały task. Ja też już się kładę', '65b01f01-2ae6-40c5-ac0e-be2ea8f8ad02', NULL, true, 'normal', '2026-05-01 19:49:01.785689+00'),
	('026c1c9f-91b7-4e85-a329-e9c9ca7995e4', '5c5638be-d29c-4726-9816-c1ae4e4e4f1e', 'task_bumped', 'Kontakt podbił(a) zadanie', 'Kompletna oferta domu', '55bfc3e5-fb53-43c9-987a-130f23d3b7dd', NULL, true, 'critical', '2026-05-02 12:00:54.871656+00'),
	('1b23baf6-8c51-4d12-bcfd-03874c2ec2f4', '5c5638be-d29c-4726-9816-c1ae4e4e4f1e', 'task_bumped', 'Kontakt podbił(a) zadanie', 'Kompletna oferta domu', '55bfc3e5-fb53-43c9-987a-130f23d3b7dd', NULL, true, 'critical', '2026-05-02 12:00:55.88982+00'),
	('ee6301ec-b78b-4f2d-a09b-d337f045c7c6', '5c5638be-d29c-4726-9816-c1ae4e4e4f1e', 'task_bumped', 'Kontakt podbił(a) zadanie', 'Kompletna oferta domu', '55bfc3e5-fb53-43c9-987a-130f23d3b7dd', NULL, true, 'critical', '2026-05-02 12:00:57.321955+00'),
	('72b5f4e3-a5a9-46ad-bbad-56e04439add6', '5c5638be-d29c-4726-9816-c1ae4e4e4f1e', 'task_bumped', 'Kontakt podbił(a) zadanie', 'Kompletna oferta domu', '55bfc3e5-fb53-43c9-987a-130f23d3b7dd', NULL, true, 'critical', '2026-05-02 12:00:59.884773+00'),
	('ca0469c2-a1ca-4dbb-89c9-a73e43f1cfb9', '5c5638be-d29c-4726-9816-c1ae4e4e4f1e', 'task_bumped', 'Kontakt podbił(a) zadanie', 'Kompletna oferta domu', '55bfc3e5-fb53-43c9-987a-130f23d3b7dd', NULL, true, 'critical', '2026-05-02 12:01:00.38356+00'),
	('d41f66bb-078d-4683-a990-233d93b875a6', '5c5638be-d29c-4726-9816-c1ae4e4e4f1e', 'task_bumped', 'Kontakt podbił(a) zadanie', 'Kompletna oferta domu', '55bfc3e5-fb53-43c9-987a-130f23d3b7dd', NULL, true, 'critical', '2026-05-02 12:01:01.160866+00'),
	('8efa7ce2-a608-4f4f-980b-f782406f246a', '5c5638be-d29c-4726-9816-c1ae4e4e4f1e', 'task_bumped', 'Kontakt podbił(a) zadanie', 'Kompletna oferta domu', '55bfc3e5-fb53-43c9-987a-130f23d3b7dd', NULL, true, 'critical', '2026-05-02 12:01:02.906364+00'),
	('07490ca4-2aa3-4501-98e8-8d3f1e924806', '5c5638be-d29c-4726-9816-c1ae4e4e4f1e', 'task_bumped', 'Kontakt podbił(a) zadanie', 'Kompletna oferta domu', '55bfc3e5-fb53-43c9-987a-130f23d3b7dd', NULL, true, 'critical', '2026-05-02 12:01:04.086827+00'),
	('4a89ae98-c1cf-47e4-b50d-5dcabf211a40', '5c5638be-d29c-4726-9816-c1ae4e4e4f1e', 'task_bumped', 'Kontakt podbił(a) zadanie', 'Kompletna oferta domu', '55bfc3e5-fb53-43c9-987a-130f23d3b7dd', NULL, true, 'critical', '2026-05-02 12:01:05.624606+00'),
	('27123bbe-aaab-431d-8420-f23eaad6a0c1', '5c5638be-d29c-4726-9816-c1ae4e4e4f1e', 'task_bumped', 'Kontakt podbił(a) zadanie', 'Kompletna oferta domu', '55bfc3e5-fb53-43c9-987a-130f23d3b7dd', NULL, true, 'critical', '2026-05-02 12:01:06.766154+00'),
	('60bb715f-b689-4ffc-8cdc-9d145f7e7dd0', '5c5638be-d29c-4726-9816-c1ae4e4e4f1e', 'task_bumped', 'Kontakt podbił(a) zadanie', 'Kompletna oferta domu', '55bfc3e5-fb53-43c9-987a-130f23d3b7dd', NULL, true, 'critical', '2026-05-02 12:01:07.915017+00'),
	('aebd62e8-fd4e-4145-a6f0-0908c5549de7', '5c5638be-d29c-4726-9816-c1ae4e4e4f1e', 'task_bumped', 'Kontakt podbił(a) zadanie', 'Kompletna oferta domu', '55bfc3e5-fb53-43c9-987a-130f23d3b7dd', NULL, true, 'critical', '2026-05-02 12:01:21.862018+00'),
	('d2b93912-ea7a-4f4c-9494-20ed0b154436', '5c5638be-d29c-4726-9816-c1ae4e4e4f1e', 'task_bumped', 'Kontakt podbił(a) zadanie', 'Kompletna oferta domu', '55bfc3e5-fb53-43c9-987a-130f23d3b7dd', NULL, true, 'critical', '2026-05-02 12:01:23.479931+00'),
	('ace43c76-876e-4c93-b08b-751c76df99b1', '5c5638be-d29c-4726-9816-c1ae4e4e4f1e', 'task_bumped', 'Kontakt podbił(a) zadanie', 'Kompletna oferta domu', '55bfc3e5-fb53-43c9-987a-130f23d3b7dd', NULL, true, 'critical', '2026-05-02 12:01:24.884032+00'),
	('c40021ce-81a3-482f-bf13-68937c77f1de', '5c5638be-d29c-4726-9816-c1ae4e4e4f1e', 'task_bumped', 'Kontakt podbił(a) zadanie', 'Kompletna oferta domu', '55bfc3e5-fb53-43c9-987a-130f23d3b7dd', NULL, true, 'critical', '2026-05-02 12:01:25.530751+00'),
	('c110692e-7bf8-46ca-b21f-94bb89423305', '5c5638be-d29c-4726-9816-c1ae4e4e4f1e', 'task_bumped', 'Kontakt podbił(a) zadanie', 'Kompletna oferta domu', '55bfc3e5-fb53-43c9-987a-130f23d3b7dd', NULL, true, 'critical', '2026-05-02 12:01:26.3509+00'),
	('90e025df-d277-4618-b51e-8a0281161c24', '5c5638be-d29c-4726-9816-c1ae4e4e4f1e', 'task_bumped', 'Kontakt podbił(a) zadanie', 'Kompletna oferta domu', '55bfc3e5-fb53-43c9-987a-130f23d3b7dd', NULL, true, 'critical', '2026-05-02 12:01:26.904175+00'),
	('c42666c7-4d44-4353-8169-2b72a7a07201', '5c5638be-d29c-4726-9816-c1ae4e4e4f1e', 'task_bumped', 'Kontakt podbił(a) zadanie', 'Kompletna oferta domu', '55bfc3e5-fb53-43c9-987a-130f23d3b7dd', NULL, true, 'critical', '2026-05-02 12:01:27.586144+00'),
	('4c01ae70-b726-40eb-8d9b-2bbb7d525d22', '5c5638be-d29c-4726-9816-c1ae4e4e4f1e', 'task_status_changed', 'Damian K zmienił(a) status', 'Formularz do PDF gen → Zrobione', '65b01f01-2ae6-40c5-ac0e-be2ea8f8ad02', NULL, true, 'normal', '2026-05-02 18:13:03.495671+00'),
	('80f5337d-2027-4d32-a9b9-15a47e15d2e2', '5c5638be-d29c-4726-9816-c1ae4e4e4f1e', 'task_status_changed', 'Damian K zmienił(a) status', 'Hello world → Zrobione', 'f672d918-9962-4d0b-a36d-98890b667423', NULL, true, 'normal', '2026-05-02 18:13:16.674615+00'),
	('7836c40c-60cc-4c16-91f1-017b2ee6570f', '5c5638be-d29c-4726-9816-c1ae4e4e4f1e', 'task_created', 'Damian K przypisal(a) Ci zadanie', 'Wypełnić formularz na Pdfgen.pl', 'cb4a809c-33bf-4d03-9976-76779741e105', NULL, false, 'normal', '2026-05-02 20:54:46.658142+00'),
	('7dc6db37-d70a-4ec6-aa3e-c56886f0c60c', '79e6eb94-99a8-40df-9bcf-ca6b6a3697f1', 'task_comment_added', 'Łukasz W skomentował(a)', 'Wypełnić formularz na Pdfgen.pl: Powoli', 'cb4a809c-33bf-4d03-9976-76779741e105', NULL, false, 'normal', '2026-05-02 22:38:11.773908+00'),
	('57c9492c-957d-4222-8a56-72465f9ec415', '79e6eb94-99a8-40df-9bcf-ca6b6a3697f1', 'task_comment_added', 'Łukasz W skomentował(a)', 'Wypełnić formularz na Pdfgen.pl: Jestem', 'cb4a809c-33bf-4d03-9976-76779741e105', NULL, false, 'normal', '2026-05-03 07:19:27.107609+00'),
	('4faf05ea-6413-4c9d-a4c8-46bf18e90a98', '79e6eb94-99a8-40df-9bcf-ca6b6a3697f1', 'task_bumped', 'Łukasz W podbił(a) zadanie', 'Jestem', '5c9c0b27-7876-4d94-b07c-c22897eb5206', NULL, false, 'critical', '2026-05-03 07:20:18.511188+00'),
	('514a830f-b3f0-4b41-bcf7-3733f4c7e5d6', '79e6eb94-99a8-40df-9bcf-ca6b6a3697f1', 'task_bumped', 'Łukasz W podbił(a) zadanie', 'Jestem', '5c9c0b27-7876-4d94-b07c-c22897eb5206', NULL, false, 'critical', '2026-05-03 07:20:19.592691+00'),
	('b4835916-dbe8-47fd-9e2b-89817f2de3cb', '79e6eb94-99a8-40df-9bcf-ca6b6a3697f1', 'task_bumped', 'Łukasz W podbił(a) zadanie', 'Jestem', '5c9c0b27-7876-4d94-b07c-c22897eb5206', NULL, false, 'critical', '2026-05-03 07:20:20.431254+00'),
	('49c7abeb-3c78-497a-a3e0-4188f69e739c', '79e6eb94-99a8-40df-9bcf-ca6b6a3697f1', 'task_bumped', 'Łukasz W podbił(a) zadanie', 'Jestem', '5c9c0b27-7876-4d94-b07c-c22897eb5206', NULL, false, 'critical', '2026-05-03 07:20:21.273096+00'),
	('6be17a9d-fa47-43a2-b1e1-700f41b79385', '79e6eb94-99a8-40df-9bcf-ca6b6a3697f1', 'task_bumped', 'Łukasz W podbił(a) zadanie', 'Jestem', '5c9c0b27-7876-4d94-b07c-c22897eb5206', NULL, false, 'critical', '2026-05-03 07:20:22.152989+00'),
	('44a5d610-c66f-4132-aea5-06051699e42d', '79e6eb94-99a8-40df-9bcf-ca6b6a3697f1', 'task_bumped', 'Łukasz W podbił(a) zadanie', 'Jestem', '5c9c0b27-7876-4d94-b07c-c22897eb5206', NULL, false, 'critical', '2026-05-03 07:20:22.98777+00'),
	('3b47f8fa-2442-4275-a5ea-1cf1c350c4a4', '79e6eb94-99a8-40df-9bcf-ca6b6a3697f1', 'task_bumped', 'Łukasz W podbił(a) zadanie', 'Jestem', '5c9c0b27-7876-4d94-b07c-c22897eb5206', NULL, false, 'critical', '2026-05-03 07:20:24.522732+00'),
	('7dda8f6b-c28d-44d5-8bde-d5b7c5ba8af1', '79e6eb94-99a8-40df-9bcf-ca6b6a3697f1', 'task_bumped', 'Łukasz W podbił(a) zadanie', 'Jestem', '5c9c0b27-7876-4d94-b07c-c22897eb5206', NULL, false, 'critical', '2026-05-03 07:20:25.418689+00'),
	('03f2bd97-b751-4710-8249-9fedc6b61167', '79e6eb94-99a8-40df-9bcf-ca6b6a3697f1', 'task_bumped', 'Łukasz W podbił(a) zadanie', 'Jestem', '5c9c0b27-7876-4d94-b07c-c22897eb5206', NULL, false, 'critical', '2026-05-03 07:20:26.688006+00'),
	('8ac22105-7bd3-4cf5-9d5b-99587a4f8a59', '79e6eb94-99a8-40df-9bcf-ca6b6a3697f1', 'task_bumped', 'Łukasz W podbił(a) zadanie', 'Jestem', '5c9c0b27-7876-4d94-b07c-c22897eb5206', NULL, false, 'critical', '2026-05-03 07:20:27.622971+00'),
	('486dba86-e0af-4bb5-8c40-8223b3585a96', '79e6eb94-99a8-40df-9bcf-ca6b6a3697f1', 'task_bumped', 'Łukasz W podbił(a) zadanie', 'Jestem', '5c9c0b27-7876-4d94-b07c-c22897eb5206', NULL, false, 'critical', '2026-05-03 07:20:28.471693+00'),
	('29b72040-4c37-4c14-b390-da49d0a090f3', '79e6eb94-99a8-40df-9bcf-ca6b6a3697f1', 'task_bumped', 'Łukasz W podbił(a) zadanie', 'Jestem', '5c9c0b27-7876-4d94-b07c-c22897eb5206', NULL, false, 'critical', '2026-05-03 07:20:29.251379+00'),
	('d07ad7bd-bb1f-47e6-a690-2ee56ffcef7f', '79e6eb94-99a8-40df-9bcf-ca6b6a3697f1', 'task_bumped', 'Łukasz W podbił(a) zadanie', 'Jestem', '5c9c0b27-7876-4d94-b07c-c22897eb5206', NULL, false, 'critical', '2026-05-03 07:20:30.116541+00'),
	('5be10b78-5964-456f-b06b-390d99b8ff8e', '79e6eb94-99a8-40df-9bcf-ca6b6a3697f1', 'task_bumped', 'Łukasz W podbił(a) zadanie', 'Jestem', '5c9c0b27-7876-4d94-b07c-c22897eb5206', NULL, false, 'critical', '2026-05-03 07:20:30.95344+00'),
	('fff9640e-39cc-4feb-ab51-4022846ca2b3', '79e6eb94-99a8-40df-9bcf-ca6b6a3697f1', 'task_bumped', 'Łukasz W podbił(a) zadanie', 'Jestem', '5c9c0b27-7876-4d94-b07c-c22897eb5206', NULL, false, 'critical', '2026-05-03 07:20:31.735008+00'),
	('479cf913-ea71-480b-a0a5-97b212eaa82f', '79e6eb94-99a8-40df-9bcf-ca6b6a3697f1', 'task_bumped', 'Łukasz W podbił(a) zadanie', 'Jestem', '5c9c0b27-7876-4d94-b07c-c22897eb5206', NULL, false, 'critical', '2026-05-03 07:20:32.44729+00'),
	('f49db51a-181e-4fed-b11d-eddc36904f42', '79e6eb94-99a8-40df-9bcf-ca6b6a3697f1', 'task_bumped', 'Łukasz W podbił(a) zadanie', 'Jestem', '5c9c0b27-7876-4d94-b07c-c22897eb5206', NULL, false, 'critical', '2026-05-03 07:20:33.185284+00'),
	('a76a4167-b6fa-4ae7-ab39-56d1879fb48b', '79e6eb94-99a8-40df-9bcf-ca6b6a3697f1', 'task_bumped', 'Łukasz W podbił(a) zadanie', 'Jestem', '5c9c0b27-7876-4d94-b07c-c22897eb5206', NULL, false, 'critical', '2026-05-03 07:20:34.043107+00'),
	('e25eaf4c-188d-4c34-851e-ff497f006221', '79e6eb94-99a8-40df-9bcf-ca6b6a3697f1', 'task_bumped', 'Łukasz W podbił(a) zadanie', 'Jestem', '5c9c0b27-7876-4d94-b07c-c22897eb5206', NULL, false, 'critical', '2026-05-03 07:20:34.913365+00'),
	('cfa1a3bb-d13c-4829-ba66-30f75a5624da', '79e6eb94-99a8-40df-9bcf-ca6b6a3697f1', 'task_bumped', 'Łukasz W podbił(a) zadanie', 'Jestem', '5c9c0b27-7876-4d94-b07c-c22897eb5206', NULL, false, 'critical', '2026-05-03 07:20:35.652745+00'),
	('d0cd0d3e-9eee-42f8-ab25-c5f1957d7330', '79e6eb94-99a8-40df-9bcf-ca6b6a3697f1', 'task_bumped', 'Łukasz W podbił(a) zadanie', 'Jestem', '5c9c0b27-7876-4d94-b07c-c22897eb5206', NULL, false, 'critical', '2026-05-03 07:20:36.357035+00'),
	('d3e4f1ca-3ad4-43a7-a4eb-2deb21915ca1', '79e6eb94-99a8-40df-9bcf-ca6b6a3697f1', 'task_bumped', 'Łukasz W podbił(a) zadanie', 'Jestem', '5c9c0b27-7876-4d94-b07c-c22897eb5206', NULL, false, 'critical', '2026-05-03 07:20:37.12891+00'),
	('2551d18d-9298-4912-a294-e12ea8c9c45d', '79e6eb94-99a8-40df-9bcf-ca6b6a3697f1', 'task_bumped', 'Łukasz W podbił(a) zadanie', 'Jestem', '5c9c0b27-7876-4d94-b07c-c22897eb5206', NULL, false, 'critical', '2026-05-03 07:20:37.86921+00'),
	('ab73a287-216d-47e6-82c7-d58c98d702b4', '79e6eb94-99a8-40df-9bcf-ca6b6a3697f1', 'task_bumped', 'Łukasz W podbił(a) zadanie', 'Jestem', '5c9c0b27-7876-4d94-b07c-c22897eb5206', NULL, false, 'critical', '2026-05-03 07:20:38.642437+00'),
	('104a53d7-4437-4936-b496-f737d52f5ee0', '79e6eb94-99a8-40df-9bcf-ca6b6a3697f1', 'task_bumped', 'Łukasz W podbił(a) zadanie', 'Jestem', '5c9c0b27-7876-4d94-b07c-c22897eb5206', NULL, false, 'critical', '2026-05-03 07:20:39.461525+00'),
	('1d8e2799-2329-460c-95a4-448214e74fae', '5c5638be-d29c-4726-9816-c1ae4e4e4f1e', 'task_status_changed', 'Joanna W zmienił(a) status', 'Wprowadzić inwestycję - Klientka Niemcy → W trakcie', '771f9f7e-87b3-453f-b3ee-775e155a5419', NULL, false, 'normal', '2026-05-04 08:14:46.553623+00');


--
-- Data for Name: offer_settings; Type: TABLE DATA; Schema: public; Owner: postgres
--

INSERT INTO "public"."offer_settings" ("id", "company_name", "company_address", "company_nip", "company_email", "company_phone", "pdf_footer_text", "next_step_text", "default_realization_time", "default_offer_valid_days", "default_vat_rate", "offer_number_prefix", "offer_number_next", "created_at", "updated_at", "updated_by", "offer_type") VALUES
	('f1653111-e26f-4a81-937a-9bf15f7112ea', 'METICAL Sp. z o.o.!', 'Al. Piłsudskiego 58/118', '718-215-75-14', 'kontakt@metical.pl', '+48 530-530-514', 'Oferta ma charakter informacyjny i wymaga potwierdzenia dostępności komponentów oraz warunków montażu po wizji lokalnej lub analizie technicznej.!!', 'Potwierdzenie zakresu, dostępności komponentów i terminu montażu.!!', 'Do ustalenia po akceptacji oferty!!', 14, 8, 'PV', 1, '2026-05-03 09:59:31.138244+00', '2026-05-03 10:51:18.610679+00', '5c5638be-d29c-4726-9816-c1ae4e4e4f1e', 'PV');


--
-- Data for Name: push_subscriptions; Type: TABLE DATA; Schema: public; Owner: postgres
--

INSERT INTO "public"."push_subscriptions" ("id", "user_id", "onesignal_subscription_id", "onesignal_user_id", "platform", "device_label", "is_active", "created_at", "updated_at") VALUES
	('8fcbbc8c-3bf5-4879-95be-00da387c4a91', 'a06e0744-d20c-486b-a1ba-f8c2931d03a2', '99d08f66-ecd9-4454-afe8-c58a0958f4c5', '728026a2-626d-4b4f-bea9-c874dbcb0653', 'ios', 'Mozilla/5.0 (iPhone; CPU iPhone OS 18_6_2 like Mac OS X) AppleWebKit/605.1.15 (KHTML, like Gecko) Ve', true, '2026-05-04 09:52:41.592702+00', '2026-05-04 09:52:41.592702+00'),
	('4ed1d296-beaa-4a6c-9d5a-b9d0e75c0a94', '9012ec6c-b061-45ff-be1b-c96018f5b251', '8fa67f2c-4df0-4e4b-9cd4-f47f3db0e853', 'b9aaa68d-e98f-4991-83c8-c52f90413bf6', 'android', 'Mozilla/5.0 (Linux; Android 10; K) AppleWebKit/537.36 (KHTML, like Gecko) Chrome/147.0.0.0 Mobile Sa', false, '2026-04-30 14:18:54.707385+00', '2026-04-30 14:30:21.842979+00'),
	('d3b600a9-75d4-47a6-b170-a2ee0371655b', 'c01f1de2-6b07-4375-b34a-3c861a2ec31a', '8fa67f2c-4df0-4e4b-9cd4-f47f3db0e853', '62f6e299-22a4-4f64-a09b-f23ba6df52b0', 'android', 'Mozilla/5.0 (Linux; Android 10; K) AppleWebKit/537.36 (KHTML, like Gecko) Chrome/147.0.0.0 Mobile Sa', false, '2026-04-30 14:19:05.944345+00', '2026-04-30 14:30:21.842979+00'),
	('3dea572c-edef-4e85-88b3-687502f13485', '9012ec6c-b061-45ff-be1b-c96018f5b251', '7697cce6-4411-4cdc-a619-c2ea0b4c8405', 'b9aaa68d-e98f-4991-83c8-c52f90413bf6', 'android', 'Mozilla/5.0 (Linux; Android 10; K) AppleWebKit/537.36 (KHTML, like Gecko) Chrome/147.0.0.0 Mobile Sa', true, '2026-04-30 14:32:25.511612+00', '2026-04-30 15:00:30.560192+00'),
	('0e610082-6aff-4a38-9610-cae350976307', '9012ec6c-b061-45ff-be1b-c96018f5b251', 'b795c57e-ab9f-4b5c-97b8-de7dee723b11', 'b9aaa68d-e98f-4991-83c8-c52f90413bf6', 'ios', 'Mozilla/5.0 (iPhone; CPU iPhone OS 18_7 like Mac OS X) AppleWebKit/605.1.15 (KHTML, like Gecko) Vers', true, '2026-04-30 17:58:41.943564+00', '2026-04-30 17:58:41.943564+00'),
	('c5a576e0-0a97-4915-91d8-8931e74b720a', '9012ec6c-b061-45ff-be1b-c96018f5b251', '3bccea85-827d-40cf-b711-89e80dbacb98', 'b9aaa68d-e98f-4991-83c8-c52f90413bf6', 'ios', 'Mozilla/5.0 (iPhone; CPU iPhone OS 18_7 like Mac OS X) AppleWebKit/605.1.15 (KHTML, like Gecko) Vers', true, '2026-04-30 18:21:43.118242+00', '2026-04-30 18:21:43.118242+00'),
	('cb9d77fa-9479-4065-a5b9-9008415daa3f', '79e6eb94-99a8-40df-9bcf-ca6b6a3697f1', '183d3acb-5473-4139-bc47-fc93cc52ab9b', '9d7558ba-dd67-47a7-8349-f8d5f6edd5fb', 'ios', 'Mozilla/5.0 (iPhone; CPU iPhone OS 18_7 like Mac OS X) AppleWebKit/605.1.15 (KHTML, like Gecko) Vers', true, '2026-04-30 18:56:21.841678+00', '2026-04-30 18:58:32.547887+00'),
	('713246bf-592e-426a-b34a-ae81f547f3ff', '5c5638be-d29c-4726-9816-c1ae4e4e4f1e', 'e8e035ce-68e3-498a-b0f8-2997df85410c', 'd73cd792-4fe8-485e-b784-fdd73330eeff', 'ios', 'Mozilla/5.0 (iPhone; CPU iPhone OS 18_6_2 like Mac OS X) AppleWebKit/605.1.15 (KHTML, like Gecko) Ve', true, '2026-04-30 14:32:27.693002+00', '2026-04-30 19:34:14.453632+00'),
	('842e70d6-e1c6-4c35-be0d-78576e7ad219', '79e6eb94-99a8-40df-9bcf-ca6b6a3697f1', 'b20764c2-ea4a-4f09-9804-b7ba0a5a3740', '9d7558ba-dd67-47a7-8349-f8d5f6edd5fb', 'ios', 'Mozilla/5.0 (iPhone; CPU iPhone OS 18_7 like Mac OS X) AppleWebKit/605.1.15 (KHTML, like Gecko) Vers', true, '2026-04-30 19:02:16.879154+00', '2026-05-01 10:29:43.870067+00'),
	('1035f4e3-dc22-49c0-a4c4-5d13a78329c6', '5c5638be-d29c-4726-9816-c1ae4e4e4f1e', '63cb8d7b-4b25-45a4-83de-4c89a632d026', 'd73cd792-4fe8-485e-b784-fdd73330eeff', 'ios', 'Mozilla/5.0 (iPhone; CPU iPhone OS 18_6_2 like Mac OS X) AppleWebKit/605.1.15 (KHTML, like Gecko) Ve', true, '2026-05-01 13:01:25.418916+00', '2026-05-01 13:01:25.418916+00'),
	('9b285a6a-8fce-45ac-a21b-4fe35ea77f8f', '79e6eb94-99a8-40df-9bcf-ca6b6a3697f1', '22eb63ce-2d49-437c-9674-cc6a2d26a1b1', '9d7558ba-dd67-47a7-8349-f8d5f6edd5fb', 'ios', 'Mozilla/5.0 (iPhone; CPU iPhone OS 18_7 like Mac OS X) AppleWebKit/605.1.15 (KHTML, like Gecko) Vers', true, '2026-05-01 10:31:46.462707+00', '2026-05-01 13:04:33.859159+00'),
	('fc5ab7f0-27c4-4570-a058-44dbeeb7d225', 'c01f1de2-6b07-4375-b34a-3c861a2ec31a', 'fba9d56d-08a8-449a-93fa-1d0117ce7fe0', '62f6e299-22a4-4f64-a09b-f23ba6df52b0', 'ios', 'Mozilla/5.0 (iPhone; CPU iPhone OS 18_7 like Mac OS X) AppleWebKit/605.1.15 (KHTML, like Gecko) Vers', true, '2026-05-04 07:28:27.031788+00', '2026-05-04 07:28:27.031788+00');


--
-- Data for Name: pv_components; Type: TABLE DATA; Schema: public; Owner: postgres
--

INSERT INTO "public"."pv_components" ("id", "category", "manufacturer", "model", "trade_name", "unit", "param1", "param2", "description", "power_w", "capacity_kwh", "purchase_price", "selling_price", "vat_rate", "active", "notes", "created_by", "updated_by", "created_at", "updated_at") VALUES
	('19598368-9344-4a46-9aa6-6931401d54af', 'Skrzynki / rozdzielnice', '—', 'Rozdzielnica nr 1', 'Rozdzielnica nr 1 AC 1-faz', 'kpl.', 'AC 1-faz', 'Rozdzielnica 4P', '1x Rozdzielnica 4P, 1x Wyt. Nadprądowy B16 1P, 1x Ogr. Przepięć T1+T2 275V', NULL, NULL, 417, 590, 23, true, NULL, '5c5638be-d29c-4726-9816-c1ae4e4e4f1e', '5c5638be-d29c-4726-9816-c1ae4e4e4f1e', '2026-05-01 16:53:57.196671+00', '2026-05-02 08:38:20.236771+00'),
	('c33a0b27-4c44-49ca-bac7-d330f56235fe', 'Skrzynki / rozdzielnice', '—', 'Rozdzielnica nr 3', 'Rozdzielnica nr 3 DC 1x String T1+T2', 'kpl.', 'DC 1x String', 'T1+T2', '1x Rozdzielnia 8P, 1x podstawa bezpiecznika, 2x wkładka topikowa 16A, 1x Ogr. Przpięć DC 1000V T1+T2', NULL, NULL, 645, 900, 23, true, NULL, '5c5638be-d29c-4726-9816-c1ae4e4e4f1e', '5c5638be-d29c-4726-9816-c1ae4e4e4f1e', '2026-05-01 16:53:57.196671+00', '2026-05-02 08:38:20.61294+00'),
	('7f750947-df56-49ea-bace-b0d8857c7795', 'Skrzynki / rozdzielnice', '—', 'Rozdzielnica nr 4', 'Rozdzielnica nr 4 DC 1x String T2', 'kpl.', 'DC 1x String', 'T2', '1x Rozdzielnia 8P, 1x podstawa bezpiecznika, 2x wkładka topikowa 16A, 1x Ogr. Przpięć DC 1000V T2', NULL, NULL, 767, 1070, 23, true, NULL, '5c5638be-d29c-4726-9816-c1ae4e4e4f1e', '5c5638be-d29c-4726-9816-c1ae4e4e4f1e', '2026-05-01 16:53:57.196671+00', '2026-05-02 08:38:20.7929+00'),
	('04c3419a-6e8d-46a9-8ff2-737aff75167e', 'Skrzynki / rozdzielnice', '—', 'Rozdzielnica nr 5', 'Rozdzielnica nr 5 DC 2x String T1+T2', 'kpl.', 'DC 2x String', 'T1+T2', '1x Rozdzielnica 12P, 2x podstawa bezpiecznika, 4x wkładka topikowa 16A, 2x Ogr. Przepięć DC 1000V T1+T2', NULL, NULL, 703, 980, 23, true, NULL, '5c5638be-d29c-4726-9816-c1ae4e4e4f1e', '5c5638be-d29c-4726-9816-c1ae4e4e4f1e', '2026-05-01 16:53:57.196671+00', '2026-05-02 08:38:20.993515+00'),
	('5f3519d0-971d-4de4-84f4-56f1edbe73cb', 'Skrzynki / rozdzielnice', '—', 'Rozdzielnica nr 6', 'Rozdzielnica nr 6 DC 2x String T2', 'kpl.', 'DC 2x String', 'T2', '1x Rozdzielnica 12P, 2x podstawa bezpiecznika, 4x wkładka topikowa 16A, 2x Ogr. Przepięć DC 1000V T2', NULL, NULL, 639, 895, 23, true, NULL, '5c5638be-d29c-4726-9816-c1ae4e4e4f1e', '5c5638be-d29c-4726-9816-c1ae4e4e4f1e', '2026-05-01 16:53:57.196671+00', '2026-05-02 08:38:21.152399+00'),
	('76df8075-557b-448c-a232-82b9542f8e01', 'Materiały pomocnicze', 'Stäubli', 'MC4-Evo2', 'Złącze MC4 (para)', 'kpl.', 'MC4', '1500V / 45A', 'Złącze solarne MC4 EVO2, IP68', NULL, NULL, 12, 18, 23, true, NULL, '5c5638be-d29c-4726-9816-c1ae4e4e4f1e', '5c5638be-d29c-4726-9816-c1ae4e4e4f1e', '2026-05-01 16:53:57.196671+00', '2026-05-02 08:38:21.33412+00'),
	('13613b47-01b9-4b42-9789-97b3cf19f88b', 'Falowniki', 'Deye', 'SUN-10K-SG05LP3-EU-SM2', 'Deye 10kW Hybrydowy 3-faz', 'szt.', '10 kW', 'Hybrydowy 3-faz', 'Falownik hybrydowy Deye 10kW, 3-fazowy', NULL, NULL, 5440, 7070, 23, true, NULL, '5c5638be-d29c-4726-9816-c1ae4e4e4f1e', '5c5638be-d29c-4726-9816-c1ae4e4e4f1e', '2026-05-01 16:53:57.196671+00', '2026-05-02 08:38:22.785217+00'),
	('19ea3636-dc97-4ffc-bf3d-6fd3886b65f2', 'Falowniki', 'Deye', 'SUN-12K-SG05LP3-EU-SM2', 'Deye 12kW Hybrydowy 3-faz', 'szt.', '12 kW', 'Hybrydowy 3-faz', 'Falownik hybrydowy Deye 12kW, 3-fazowy', NULL, NULL, 5630, 7320, 23, true, NULL, '5c5638be-d29c-4726-9816-c1ae4e4e4f1e', '5c5638be-d29c-4726-9816-c1ae4e4e4f1e', '2026-05-01 16:53:57.196671+00', '2026-05-02 08:38:22.954701+00'),
	('393d7d75-5dbb-4144-b061-8327fcfba5f6', 'Falowniki', 'Deye', 'SUN-15K-SG05LP3-EU-SM2', 'Deye 15kW Hybrydowy 3-faz', 'szt.', '15 kW', 'Hybrydowy 3-faz', 'Falownik hybrydowy Deye 15kW, 3-fazowy', NULL, NULL, 6450, 8385, 23, true, NULL, '5c5638be-d29c-4726-9816-c1ae4e4e4f1e', '5c5638be-d29c-4726-9816-c1ae4e4e4f1e', '2026-05-01 16:53:57.196671+00', '2026-05-02 08:38:23.176366+00'),
	('60264376-ffda-4d39-b9eb-f598df7ad73e', 'Falowniki', 'Deye', 'SUN-20K-SG05LP3-EU-SM2', 'Deye 20kW Hybrydowy 3-faz', 'szt.', '20 kW', 'Hybrydowy 3-faz', 'Falownik hybrydowy Deye 20kW, 3-fazowy', NULL, NULL, 8650, 11245, 23, true, NULL, '5c5638be-d29c-4726-9816-c1ae4e4e4f1e', '5c5638be-d29c-4726-9816-c1ae4e4e4f1e', '2026-05-01 16:53:57.196671+00', '2026-05-02 08:38:23.326386+00'),
	('b4a72813-a47a-47c2-938d-ac5447945c1b', 'Falowniki', 'Deye', 'SUN-5K-SG05LP3-EU-SM2', 'Deye 5kW Hybrydowy 3-faz', 'szt.', '5 kW', 'Hybrydowy 3-faz', 'Falownik hybrydowy Deye 5kW, 3-fazowy', NULL, NULL, 4985, 6480, 23, true, NULL, '5c5638be-d29c-4726-9816-c1ae4e4e4f1e', '5c5638be-d29c-4726-9816-c1ae4e4e4f1e', '2026-05-01 16:53:57.196671+00', '2026-05-02 08:38:23.513186+00'),
	('00c33e23-a3f0-48fa-b87e-1a0036f9716e', 'Falowniki', 'Deye', 'SUN-6K-SG05LP3-EU-SM2', 'Deye 6kW Hybrydowy 3-faz', 'szt.', '6 kW', 'Hybrydowy 3-faz', 'Falownik hybrydowy Deye 6kW, 3-fazowy', NULL, NULL, 5100, 6630, 23, true, NULL, '5c5638be-d29c-4726-9816-c1ae4e4e4f1e', '5c5638be-d29c-4726-9816-c1ae4e4e4f1e', '2026-05-01 16:53:57.196671+00', '2026-05-02 08:38:23.714365+00'),
	('53a313a4-e910-4b53-9493-4ce66725b634', 'Falowniki', 'Deye', 'SUN-8K-SG05LP3-EU-SM2', 'Deye 8kW Hybrydowy 3-faz', 'szt.', '8 kW', 'Hybrydowy 3-faz', 'Falownik hybrydowy Deye 8kW, 3-fazowy', NULL, NULL, 5200, 6760, 23, true, NULL, '5c5638be-d29c-4726-9816-c1ae4e4e4f1e', '5c5638be-d29c-4726-9816-c1ae4e4e4f1e', '2026-05-01 16:53:57.196671+00', '2026-05-02 08:38:23.913432+00'),
	('1ef8a667-8ce2-418d-b284-ac1685fc3d38', 'Konstrukcje montażowe', '—', 'blachodachówka', 'Konstrukcja montażowa - blachodachówka', 'szt.', 'koszt / panel', 'Średni koszt / panel', 'Średni koszt konstrukcji montażowej przypadający na 1 panel dla typu: blachodachówka.', NULL, NULL, 90, 108, 23, true, NULL, '5c5638be-d29c-4726-9816-c1ae4e4e4f1e', '5c5638be-d29c-4726-9816-c1ae4e4e4f1e', '2026-05-01 16:53:57.196671+00', '2026-05-02 08:38:24.274418+00'),
	('9e58408a-be3f-4d59-923d-8ba402711d44', 'Konstrukcje montażowe', '—', 'dachówka', 'Konstrukcja montażowa - dachówka', 'szt.', 'koszt / panel', 'Średni koszt / panel', 'Średni koszt konstrukcji montażowej przypadający na 1 panel dla typu: dachówka.', NULL, NULL, 110, 132, 23, true, NULL, '5c5638be-d29c-4726-9816-c1ae4e4e4f1e', '5c5638be-d29c-4726-9816-c1ae4e4e4f1e', '2026-05-01 16:53:57.196671+00', '2026-05-02 08:38:24.678407+00'),
	('80443e35-8bb7-4af4-b614-cd6d945b127f', 'Konstrukcje montażowe', '—', 'trapez', 'Konstrukcja montażowa - trapez', 'szt.', 'koszt / panel', 'Średni koszt / panel', 'Średni koszt konstrukcji montażowej przypadający na 1 panel dla typu: trapez.', NULL, NULL, 60, 72, 23, true, NULL, '5c5638be-d29c-4726-9816-c1ae4e4e4f1e', '5c5638be-d29c-4726-9816-c1ae4e4e4f1e', '2026-05-01 16:53:57.196671+00', '2026-05-02 08:38:25.047532+00'),
	('6bfddc51-8313-4d97-ad68-999d928ebeb2', 'Magazyny energii', 'Deye', 'Battery RW-F10.2', 'Deye 10.2 kWh LV', 'szt.', '10.2 kWh', 'LiFePO4 LV', 'Magazyn energii Deye 10.2kWh', NULL, 10.2, 5869, 7629, 23, true, NULL, '5c5638be-d29c-4726-9816-c1ae4e4e4f1e', '5c5638be-d29c-4726-9816-c1ae4e4e4f1e', '2026-05-01 16:53:57.196671+00', '2026-05-02 08:38:25.215615+00'),
	('a711e64e-9ccc-4006-b98b-d8de8de9b798', 'Magazyny energii', 'Deye', 'Battery RW-F16', 'Deye 16 kWh LV', 'szt.', '16 kWh', 'LiFePO4 LV', 'Magazyn energii Deye 16kWh', NULL, 16, 6900, 8970, 23, true, NULL, '5c5638be-d29c-4726-9816-c1ae4e4e4f1e', '5c5638be-d29c-4726-9816-c1ae4e4e4f1e', '2026-05-01 16:53:57.196671+00', '2026-05-02 08:38:25.386159+00'),
	('f5590007-22a9-4998-9aa5-c3ac038ea74a', 'Magazyny energii', 'Deye', 'Battery RW-M6.1-B', 'Deye 6.1 kWh LV', 'szt.', '6.1 kWh', 'LiFePO4 LV', 'Magazyn energii Deye 6.1kWh', NULL, 6.1, 3870, 5031, 23, true, NULL, '5c5638be-d29c-4726-9816-c1ae4e4e4f1e', '5c5638be-d29c-4726-9816-c1ae4e4e4f1e', '2026-05-01 16:53:57.196671+00', '2026-05-02 08:38:25.632349+00'),
	('3fc32c66-ddef-4373-a636-b790e6641584', 'Magazyny energii', 'Felicity', 'FLA48230-EU', 'Felicity 11.7 kWh LV', 'szt.', '11.7 kWh', 'LiFePO4 LV', 'Magazyn energii Felicity 11.7kWh', NULL, 11.7, 4925, 6403, 23, true, NULL, '5c5638be-d29c-4726-9816-c1ae4e4e4f1e', '5c5638be-d29c-4726-9816-c1ae4e4e4f1e', '2026-05-01 16:53:57.196671+00', '2026-05-02 08:38:25.793433+00'),
	('552482c6-b0bd-46f0-9089-78f78c97d12d', 'Magazyny energii', 'Felicity', 'FLA48280-EU', 'Felicity 14.3 kWh LV', 'szt.', '14.3 kWh', 'LiFePO4 LV', 'Magazyn energii Felicity 14.3kWh', NULL, 14.3, 5550, 7215, 23, true, NULL, '5c5638be-d29c-4726-9816-c1ae4e4e4f1e', '5c5638be-d29c-4726-9816-c1ae4e4e4f1e', '2026-05-01 16:53:57.196671+00', '2026-05-02 08:38:25.973716+00'),
	('a03cab15-376d-414f-9a3c-ec8bb6c466eb', 'Magazyny energii', 'Felicity', 'FLA48314-EU', 'Felicity 16 kWh LV (IP21)', 'szt.', '16 kWh', 'LiFePO4 LV', 'Magazyn energii Felicity 16kWh, IP21', NULL, 16, 5825, 7573, 23, true, NULL, '5c5638be-d29c-4726-9816-c1ae4e4e4f1e', '5c5638be-d29c-4726-9816-c1ae4e4e4f1e', '2026-05-01 16:53:57.196671+00', '2026-05-02 08:38:26.142354+00'),
	('e5e7bd06-d8ef-477d-8b32-2b5081aa778c', 'Magazyny energii', 'Felicity', 'FLB48314-TG1', 'Felicity 16 kWh LV (IP65)', 'szt.', '16 kWh', 'LiFePO4 LV IP65', 'Magazyn energii Felicity 16kWh, IP65, outdoor', NULL, 16, 5950, 7735, 23, true, NULL, '5c5638be-d29c-4726-9816-c1ae4e4e4f1e', '5c5638be-d29c-4726-9816-c1ae4e4e4f1e', '2026-05-01 16:53:57.196671+00', '2026-05-02 08:38:26.333302+00'),
	('84534c2e-d320-48eb-96ea-8f4d3efce1b1', 'Magazyny energii', 'Felicity', 'FLA48460', 'Felicity 23.6 kWh LV', 'szt.', '23.6 kWh', 'LiFePO4 LV', 'Magazyn energii Felicity 23.6kWh niskonapięciowy', NULL, 23.6, 9400, 12220, 23, true, NULL, '5c5638be-d29c-4726-9816-c1ae4e4e4f1e', '5c5638be-d29c-4726-9816-c1ae4e4e4f1e', '2026-05-01 16:53:57.196671+00', '2026-05-02 08:38:26.53346+00'),
	('dc1f4c8c-5ebe-4c29-802e-539f6919f977', 'Magazyny energii', 'Felicity', 'FLA48100-EU', 'Felicity 5.12 kWh LV', 'szt.', '5.12 kWh', 'LiFePO4 LV', 'Magazyn energii Felicity 5.12kWh', NULL, 5.12, 2500, 3250, 23, true, NULL, '5c5638be-d29c-4726-9816-c1ae4e4e4f1e', '5c5638be-d29c-4726-9816-c1ae4e4e4f1e', '2026-05-01 16:53:57.196671+00', '2026-05-02 08:38:26.686895+00'),
	('26a8f0fa-0f5a-43d4-9bee-1028e3d45e78', 'Magazyny energii', 'Felicity', 'FLA48171-EU', 'Felicity 8.75 kWh LV', 'szt.', '8.75 kWh', 'LiFePO4 LV', 'Magazyn energii Felicity 8.75kWh', NULL, 8.75, 3925, 5103, 23, true, NULL, '5c5638be-d29c-4726-9816-c1ae4e4e4f1e', '5c5638be-d29c-4726-9816-c1ae4e4e4f1e', '2026-05-01 16:53:57.196671+00', '2026-05-02 08:38:26.892688+00'),
	('c3dbb2e8-2260-415c-85f8-c09c56ba060d', 'Moduły fotowoltaiczne', 'Jinko Solar', 'JKM590N-72HL4-BDV', 'Jinko Solar 590W Bifacial srebrna rama', 'szt.', '590 W', 'Bifacial srebrna rama', 'Moduł N-Type bifacial; technologia SMBB / Hot 2.0; wymiary 2278×1134×30 mm; waga 31 kg.', 590, NULL, 324.39, 389.27, 23, true, NULL, '5c5638be-d29c-4726-9816-c1ae4e4e4f1e', '5c5638be-d29c-4726-9816-c1ae4e4e4f1e', '2026-05-01 16:53:57.196671+00', '2026-05-02 08:38:27.55421+00'),
	('ebe2f557-da52-4a6f-b260-d5da443ecab0', 'Moduły fotowoltaiczne', 'Leapton', 'LP182*182-M-60-NB-500W', 'Leapton 500W Full Black Bifacial', 'szt.', '500 W', 'Bifacial Full Black', 'Moduł N-Type Dual Glass, bifacial, full black; wymiary 1955×1134×30 mm; waga 28,6 kg; sprawność do 22,55%.', 500, NULL, 279, 334.8, 23, true, NULL, '5c5638be-d29c-4726-9816-c1ae4e4e4f1e', '5c5638be-d29c-4726-9816-c1ae4e4e4f1e', '2026-05-01 16:53:57.196671+00', '2026-05-02 08:38:27.713618+00'),
	('5677b2be-fd02-41be-b7a5-c3056fe07adb', 'Backup', 'METICAL', 'Backup', 'System backup zasilania awaryjnego', 'kpl.', 'backup', 'opcja dodatkowa', 'System backup jako opcja dodatkowa do instalacji z magazynem energii.', NULL, NULL, 0, 0, 23, true, 'Pozycja techniczna do uzupełnienia ceny w katalogu', '5c5638be-d29c-4726-9816-c1ae4e4e4f1e', NULL, '2026-05-02 08:38:19.80244+00', '2026-05-02 08:38:19.80244+00'),
	('31fea10b-9a49-4fb2-a5f9-6ea46d8bb027', 'Wyłącznik ppoż.', 'METICAL', 'PPOŻ do 10 kW', 'Wyłącznik ppoż. do 10 kW', 'kpl.', 'do 10 kW', 'wariant ppoż.', 'Wyłącznik przeciwpożarowy dla instalacji do 10 kW.', NULL, NULL, 0, 0, 23, true, 'Pozycja techniczna do uzupełnienia ceny w katalogu', '5c5638be-d29c-4726-9816-c1ae4e4e4f1e', NULL, '2026-05-02 08:38:19.80244+00', '2026-05-02 08:38:19.80244+00'),
	('ce071a45-9337-43d0-baa8-3d4a32c86317', 'Wyłącznik ppoż.', 'METICAL', 'PPOŻ 10–20 kW', 'Wyłącznik ppoż. 10–20 kW', 'kpl.', '10–20 kW', 'wariant ppoż.', 'Wyłącznik przeciwpożarowy dla instalacji 10–20 kW.', NULL, NULL, 0, 0, 23, true, 'Pozycja techniczna do uzupełnienia ceny w katalogu', '5c5638be-d29c-4726-9816-c1ae4e4e4f1e', NULL, '2026-05-02 08:38:19.80244+00', '2026-05-02 08:38:19.80244+00'),
	('41731938-dd50-42ee-b0a2-80cfb2f95ab5', 'Materiały pomocnicze', 'Weidmüller', 'PV-Stick', 'Kabel solarny 6mm² (czarny)', 'mb', '6 mm²', '1500V DC', 'Kabel solarny TÜV, odporny na UV', NULL, NULL, 4.5, 7, 23, true, NULL, '5c5638be-d29c-4726-9816-c1ae4e4e4f1e', '5c5638be-d29c-4726-9816-c1ae4e4e4f1e', '2026-05-01 16:53:57.196671+00', '2026-05-02 08:38:20.020581+00'),
	('4e6bb0ee-b5e4-493c-9a4f-137de0fc7237', 'Skrzynki / rozdzielnice', '—', 'Rozdzielnica nr 2', 'Rozdzielnica nr 2 AC 3-faz', 'kpl.', 'AC 3-faz', 'Rozdzielnica 8P', '1x Rozdzielnica 8P, 1x Wyt. Nadprądowy B16/B20/B25/B32, 1x Ogr. Przepięć 4P T1+T2 275V', NULL, NULL, 605, 850, 23, true, NULL, '5c5638be-d29c-4726-9816-c1ae4e4e4f1e', '5c5638be-d29c-4726-9816-c1ae4e4e4f1e', '2026-05-01 16:53:57.196671+00', '2026-05-02 08:38:20.414304+00'),
	('475b15fd-038a-47bc-a859-74270bc40660', 'Dodatkowe usługi', '—', 'Montaż PV', 'Montaż instalacji PV', 'kpl.', '—', '—', 'Kompletny montaż instalacji fotowoltaicznej', NULL, NULL, 3000, 5500, 23, true, NULL, '5c5638be-d29c-4726-9816-c1ae4e4e4f1e', '5c5638be-d29c-4726-9816-c1ae4e4e4f1e', '2026-05-01 16:53:57.196671+00', '2026-05-02 08:38:21.57261+00'),
	('ecbe1ef2-c71d-47f2-a324-3207d597c0f6', 'Dodatkowe usługi', '—', 'Montaż magazynu', 'Montaż magazynu energii', 'kpl.', '—', '—', 'Montaż i uruchomienie magazynu energii', NULL, NULL, 1500, 2500, 23, true, NULL, '5c5638be-d29c-4726-9816-c1ae4e4e4f1e', '5c5638be-d29c-4726-9816-c1ae4e4e4f1e', '2026-05-01 16:53:57.196671+00', '2026-05-02 08:38:21.740952+00'),
	('7067c028-a28d-4608-8ab4-4c010549881d', 'Dodatkowe usługi', 'METICAL', 'Mój Prąd 6.0', 'Pomoc z wnioskiem Mój Prąd 6.0', 'kpl.', '—', '—', 'Pomoc z przygotowaniem i złożeniem wniosku o dotację Mój Prąd 6.0', NULL, NULL, 0, 0, 23, true, NULL, '5c5638be-d29c-4726-9816-c1ae4e4e4f1e', '5c5638be-d29c-4726-9816-c1ae4e4e4f1e', '2026-05-01 16:53:57.196671+00', '2026-05-02 08:38:21.893709+00'),
	('e203fa26-9047-4ebe-986c-80db1993ff8d', 'Dodatkowe usługi', '—', 'Projekt', 'Projekt techniczny', 'kpl.', '—', '—', 'Projekt techniczny instalacji z dokumentacją', NULL, NULL, 500, 1200, 23, true, NULL, '5c5638be-d29c-4726-9816-c1ae4e4e4f1e', '5c5638be-d29c-4726-9816-c1ae4e4e4f1e', '2026-05-01 16:53:57.196671+00', '2026-05-02 08:38:22.06386+00'),
	('e1bfca5a-0fd6-43be-8e42-6328a6d78e30', 'Dodatkowe usługi', 'METICAL', 'Uziemienie PV', 'Wykonanie uziemienia instalacji PV lub wpięcie się do istniejącego uziemienia', 'kpl.', '—', '—', 'Wykonanie uziemienia instalacji fotowoltaicznej lub wpięcie się do istniejącego uziemienia budynku', NULL, NULL, 0, 0, 23, true, NULL, '5c5638be-d29c-4726-9816-c1ae4e4e4f1e', '5c5638be-d29c-4726-9816-c1ae4e4e4f1e', '2026-05-01 16:53:57.196671+00', '2026-05-02 08:38:22.239168+00'),
	('7dea43c8-6479-475f-be66-c1178c3ddecb', 'Dodatkowe usługi', 'METICAL', 'Zgłoszenie ZE', 'Zgłoszenie do zakładu energetycznego', 'kpl.', '—', '—', 'Zgłoszenie przyłączenia instalacji PV do zakładu energetycznego', NULL, NULL, 0, 0, 23, true, NULL, '5c5638be-d29c-4726-9816-c1ae4e4e4f1e', '5c5638be-d29c-4726-9816-c1ae4e4e4f1e', '2026-05-01 16:53:57.196671+00', '2026-05-02 08:38:22.55674+00'),
	('3c45e00c-4e42-494a-a92d-28014c4fff6d', 'Konstrukcje montażowe', '—', 'blacha na rąbek', 'Konstrukcja montażowa - blacha na rąbek', 'szt.', 'koszt / panel', 'Średni koszt / panel', 'Średni koszt konstrukcji montażowej przypadający na 1 panel dla typu: blacha na rąbek.', NULL, NULL, 120, 144, 23, true, NULL, '5c5638be-d29c-4726-9816-c1ae4e4e4f1e', '5c5638be-d29c-4726-9816-c1ae4e4e4f1e', '2026-05-01 16:53:57.196671+00', '2026-05-02 08:38:24.09432+00'),
	('da84148a-ccb2-40b2-8a35-716d56f8edbc', 'Konstrukcje montażowe', '—', 'dach płaski balast', 'Konstrukcja montażowa - dach płaski balast', 'szt.', 'koszt / panel', 'Średni koszt / panel', 'Średni koszt konstrukcji montażowej przypadający na 1 panel dla typu: dach płaski balast.', NULL, NULL, 140, 168, 23, true, NULL, '5c5638be-d29c-4726-9816-c1ae4e4e4f1e', '5c5638be-d29c-4726-9816-c1ae4e4e4f1e', '2026-05-01 16:53:57.196671+00', '2026-05-02 08:38:24.437829+00'),
	('a08bd9c9-ff5a-4303-921b-93059a1b3435', 'Konstrukcje montażowe', 'METICAL', 'grunt 2 rzędy pionowo', 'Konstrukcja montażowa - grunt 2 rzędy pionowo', 'szt.', 'koszt / panel', 'Średni koszt / panel', 'Średni koszt konstrukcji montażowej przypadający na 1 panel dla typu: grunt 2 rzędy pionowo.', NULL, NULL, 150, 180, 23, true, NULL, '5c5638be-d29c-4726-9816-c1ae4e4e4f1e', '5c5638be-d29c-4726-9816-c1ae4e4e4f1e', '2026-05-01 16:53:57.196671+00', '2026-05-02 08:38:24.876391+00'),
	('15a7a3d6-9741-4f62-a05e-eac9eca11c74', 'SIG', 'SIG', 'Sigen Hybrid 10.0 TP2', 'Sigen Hybrid 10.0 TP2', 'szt.', '10 kW', 'Hybrydowy 3-faz', 'Falownik Sigen Hybrid TP2 10 kW, hybrydowy, trójfazowy, wyświetlacz, 2MPPT, WIFI/LAN', NULL, NULL, 3694, 0, 23, true, 'Produkt: Falownik; Typ źródłowy: Hybrydowy; Kod źródłowy: 3', '5c5638be-d29c-4726-9816-c1ae4e4e4f1e', '5c5638be-d29c-4726-9816-c1ae4e4e4f1e', '2026-05-01 16:53:57.196671+00', '2026-05-02 08:38:27.903143+00'),
	('389462ea-220c-47c0-9dfe-54ec602c2d17', 'SIG', 'SIG', 'Sigen Hybrid 12.0 TP2', 'Sigen Hybrid 12.0 TP2', 'szt.', '12 kW', 'Hybrydowy 3-faz', 'Falownik Sigen Hybrid TP2 12 kW, hybrydowy, trójfazowy, wyświetlacz, 2MPPT, WIFI/LAN', NULL, NULL, 3798, 0, 23, true, 'Produkt: Falownik; Typ źródłowy: Hybrydowy; Kod źródłowy: 3', '5c5638be-d29c-4726-9816-c1ae4e4e4f1e', '5c5638be-d29c-4726-9816-c1ae4e4e4f1e', '2026-05-01 16:53:57.196671+00', '2026-05-02 08:38:28.071336+00'),
	('111dfd33-bd01-4c6d-b364-cbbab443c972', 'SIG', 'SIG', 'Sigen Hybrid 2.0 SP2', 'Sigen Hybrid 2.0 SP2', 'szt.', '2 kW', 'Hybrydowy 1-faz', 'Falownik Sigen Hybrid SP2 2kW, jednofazowy', NULL, NULL, 1843, 0, 23, true, 'Produkt: Falownik; Typ źródłowy: Hybrydowy; Kod źródłowy: 1', '5c5638be-d29c-4726-9816-c1ae4e4e4f1e', '5c5638be-d29c-4726-9816-c1ae4e4e4f1e', '2026-05-01 16:53:57.196671+00', '2026-05-02 08:38:28.23487+00'),
	('372f8016-ff10-4ff0-b30e-17286a0e5990', 'SIG', 'SIG', 'Sigen Hybrid 3.0 SP2', 'Sigen Hybrid 3.0 SP2', 'szt.', '3 kW', 'Hybrydowy 1-faz', 'Falownik Sigen Hybrid SP2 3kW, jednofazowy', NULL, NULL, 1892, 0, 23, true, 'Produkt: Falownik; Typ źródłowy: Hybrydowy; Kod źródłowy: 1', '5c5638be-d29c-4726-9816-c1ae4e4e4f1e', '5c5638be-d29c-4726-9816-c1ae4e4e4f1e', '2026-05-01 16:53:57.196671+00', '2026-05-02 08:38:28.412645+00'),
	('3ddfa078-c103-4fec-9314-4180215f5890', 'SIG', 'SIG', 'Sigen Hybrid 3.0 TP2', 'Sigen Hybrid 3.0 TP2', 'szt.', '3 kW', 'Hybrydowy 3-faz', 'Falownik Sigen Hybrid TP2 3 kW, hybrydowy, trójfazowy, wyświetlacz, 2MPPT, WIFI/LAN', NULL, NULL, 2724, 0, 23, true, 'Produkt: Falownik; Typ źródłowy: Hybrydowy; Kod źródłowy: 3', '5c5638be-d29c-4726-9816-c1ae4e4e4f1e', '5c5638be-d29c-4726-9816-c1ae4e4e4f1e', '2026-05-01 16:53:57.196671+00', '2026-05-02 08:38:28.578285+00'),
	('4d867154-2993-448d-a0cf-001a150ff783', 'SIG', 'SIG', 'Sigen Hybrid 4.0 TP2', 'Sigen Hybrid 4.0 TP2', 'szt.', '4 kW', 'Hybrydowy 3-faz', 'Falownik Sigen Hybrid TP2 4 kW, hybrydowy, trójfazowy, wyświetlacz, 2MPPT, WIFI/LAN', NULL, NULL, 2771, 0, 23, true, 'Produkt: Falownik; Typ źródłowy: Hybrydowy; Kod źródłowy: 3', '5c5638be-d29c-4726-9816-c1ae4e4e4f1e', '5c5638be-d29c-4726-9816-c1ae4e4e4f1e', '2026-05-01 16:53:57.196671+00', '2026-05-02 08:38:28.735256+00'),
	('9bc217d0-782a-484a-9b2f-f3fa98460732', 'SIG', 'SIG', 'Sigen Hybrid 5.0 TP2', 'Sigen Hybrid 5.0 TP2', 'szt.', '5 kW', 'Hybrydowy 3-faz', 'Falownik Sigen Hybrid TP2 5 kW, hybrydowy, trójfazowy, wyświetlacz, 2MPPT, WIFI/LAN', NULL, NULL, 2823, 0, 23, true, 'Produkt: Falownik; Typ źródłowy: Hybrydowy; Kod źródłowy: 3', '5c5638be-d29c-4726-9816-c1ae4e4e4f1e', '5c5638be-d29c-4726-9816-c1ae4e4e4f1e', '2026-05-01 16:53:57.196671+00', '2026-05-02 08:38:28.983144+00'),
	('68194ce1-e85f-4383-b644-bfc60950847a', 'SIG', 'SIG', 'Sigen Hybrid 6.0 TP2', 'Sigen Hybrid 6.0 TP2', 'szt.', '6 kW', 'Hybrydowy 3-faz', 'Falownik Sigen Hybrid TP2 6 kW, hybrydowy, trójfazowy, wyświetlacz, 2MPPT, WIFI/LAN', NULL, NULL, 3202, 0, 23, true, 'Produkt: Falownik; Typ źródłowy: Hybrydowy; Kod źródłowy: 3', '5c5638be-d29c-4726-9816-c1ae4e4e4f1e', '5c5638be-d29c-4726-9816-c1ae4e4e4f1e', '2026-05-01 16:53:57.196671+00', '2026-05-02 08:38:29.175993+00'),
	('9efd7f85-b4ca-43f6-b6be-464281bb629b', 'SIG', 'SIG', 'Sigen Hybrid 8.0 TP2', 'Sigen Hybrid 8.0 TP2', 'szt.', '8 kW', 'Hybrydowy 3-faz', 'Falownik Sigen Hybrid TP2 8 kW, hybrydowy, trójfazowy, wyświetlacz, 2MPPT, WIFI/LAN', NULL, NULL, 3419, 0, 23, true, 'Produkt: Falownik; Typ źródłowy: Hybrydowy; Kod źródłowy: 3', '5c5638be-d29c-4726-9816-c1ae4e4e4f1e', '5c5638be-d29c-4726-9816-c1ae4e4e4f1e', '2026-05-01 16:53:57.196671+00', '2026-05-02 08:38:29.35581+00'),
	('1ca29547-e15c-431e-8e55-7112eb0f85da', 'SIG', 'SIG', 'SigenStack BAT 12.0', 'SigenStack BAT 12.0', 'szt.', '12 kWh', 'Moduł bateryjny', 'SigenStack 12kWh, moduł bateryjny', NULL, 12, 8800, 0, 23, true, 'Produkt: Bateria; Typ źródłowy: Hybrydowy; Kod źródłowy: 11130014', '5c5638be-d29c-4726-9816-c1ae4e4e4f1e', '5c5638be-d29c-4726-9816-c1ae4e4e4f1e', '2026-05-01 16:53:57.196671+00', '2026-05-02 08:38:29.584053+00'),
	('59b2e159-726c-4780-90a1-6d7e904f5936', 'SIG', 'SIG', 'SigenStor BC', 'SigenStor BC', 'szt.', 'BMS', 'Sterownik baterii', 'SigenStor Battery Controler', NULL, NULL, 955, 0, 23, true, 'Produkt: BMS; Typ źródłowy: Hybrydowy; Kod źródłowy: 11180011', '5c5638be-d29c-4726-9816-c1ae4e4e4f1e', '5c5638be-d29c-4726-9816-c1ae4e4e4f1e', '2026-05-01 16:53:57.196671+00', '2026-05-02 08:38:29.754595+00');


--
-- Data for Name: pv_offers; Type: TABLE DATA; Schema: public; Owner: postgres
--

INSERT INTO "public"."pv_offers" ("id", "offer_number", "lead_id", "client_id", "created_by", "assigned_to", "customer_name", "customer_phone", "customer_email", "customer_city", "investment_address", "pv_power_kw", "panel_power_w", "panel_count", "inverter_name", "structure_type", "roof_type", "installation_type", "annual_production_kwh", "price_net", "vat_rate", "price_gross", "margin_value", "margin_percent", "offer_note", "internal_note", "status", "valid_until", "created_at", "updated_at", "offer_type", "sales_markup_value", "customer_discount_value") VALUES
	('7a3fdc91-62d3-4173-840c-e97fa9b89231', 'PV/2026/0001', 'cf9485e5-7ff4-482c-a899-530d4f27a8ac', NULL, '5c5638be-d29c-4726-9816-c1ae4e4e4f1e', NULL, 'Janek Jankowski', '525252525', 'abc@abc.pl', 'Warszawa', NULL, 6, 500, 12, NULL, NULL, NULL, NULL, NULL, 18010.6, 8, 22153.038, 5122.6, 28.442139628885215, NULL, NULL, 'draft', NULL, '2026-05-02 08:22:02.717471+00', '2026-05-02 08:22:02.717471+00', 'pv', 0, 0),
	('ad713d6c-f813-45ab-bf64-d56856d30e90', 'PV/2026/0002', 'cf9485e5-7ff4-482c-a899-530d4f27a8ac', NULL, '5c5638be-d29c-4726-9816-c1ae4e4e4f1e', NULL, 'Janek Jankowski', '525252525', 'abc@abc.pl', 'Warszawa', NULL, 10, 500, 20, NULL, NULL, NULL, NULL, NULL, 24463, 8, 30089.490000000005, 6330.5, 25.877856354494543, NULL, NULL, 'accepted', '2026-05-03', '2026-05-02 08:47:15.48921+00', '2026-05-02 08:47:15.48921+00', 'pv', 0, 0),
	('7044452c-d4b9-43f9-94e9-5a20aa410e6b', 'PV/2026/0003', 'cf9485e5-7ff4-482c-a899-530d4f27a8ac', NULL, '5c5638be-d29c-4726-9816-c1ae4e4e4f1e', '79e6eb94-99a8-40df-9bcf-ca6b6a3697f1', 'Janek Jankowski', '525252525', 'abc@abc.pl', 'Warszawa', NULL, 10, 500, 20, NULL, 'dach_skosy', 'blacha_na_rabek', 'hybrid', 9000, 38714, 8, 47618.22, 10074, 26.021594255308155, NULL, NULL, 'accepted', '2026-05-18', '2026-05-02 09:14:01.588752+00', '2026-05-02 09:14:49.448959+00', 'pv_me', 0, 0),
	('6a0044b9-4031-4b30-b172-9f7e7bcb2401', 'PV/2026/0004', '1fae7c12-4446-4a80-ae8d-19b9543e8fd5', NULL, '5c5638be-d29c-4726-9816-c1ae4e4e4f1e', NULL, 'Marek Kowalski', '515515', 'amg@amg.lk', 'Krakow', NULL, 10, 500, 20, NULL, 'dach_skosy', 'dachowka_betonowa', 'hybrid', 9000, 28183, 8, 33915.09, 6108.5, 26.349048872018287, NULL, NULL, 'draft', NULL, '2026-05-02 09:56:55.508432+00', '2026-05-02 09:57:30.615657+00', 'pv', 5000, 0),
	('faeb35b0-8d2d-4d46-ac8d-8c430ab25819', 'PV/2026/0005', NULL, NULL, '9012ec6c-b061-45ff-be1b-c96018f5b251', NULL, 'Jan kowalski', NULL, NULL, NULL, NULL, 11.8, 590, 20, NULL, NULL, NULL, NULL, NULL, 26832.4, 8, 33003.852, 6806.1, 25.365230094959824, NULL, NULL, 'draft', '2026-05-09', '2026-05-02 12:02:37.859026+00', '2026-05-02 12:02:37.859026+00', 'pv', 0, 0),
	('1b818a30-3789-4912-9337-f373afd239c8', 'PV/2026/0006', 'cf9485e5-7ff4-482c-a899-530d4f27a8ac', NULL, '5c5638be-d29c-4726-9816-c1ae4e4e4f1e', NULL, 'Janek Jankowski', '525252525', 'abc@abc.pl', 'Warszawa', NULL, 14.75, 590, 25, NULL, NULL, NULL, NULL, NULL, 26989.75, 8, 33197.3925, 6661, 24.679739530747785, NULL, NULL, 'draft', NULL, '2026-05-02 14:05:09.603159+00', '2026-05-02 14:05:09.603159+00', 'pv', 0, 0),
	('405963fd-032e-4375-a278-be94d6fee003', 'PV/2026/0007', '1fae7c12-4446-4a80-ae8d-19b9543e8fd5', NULL, '5c5638be-d29c-4726-9816-c1ae4e4e4f1e', NULL, 'Marek Kowalski', '123456789', 'amg@amg.lk', 'Krakow', NULL, 10, 500, 20, NULL, 'dach_skosy', 'blachodachowka', 'on_grid', NULL, 24924, 8, 30281.52, 5889, 26.26204067070995, NULL, NULL, 'draft', NULL, '2026-05-02 14:12:03.197235+00', '2026-05-02 14:14:07.313205+00', 'pv', 3000, 500),
	('5824b906-f00d-4c20-9284-ac7640bb2ac9', 'PV/2026/0008', '3129e813-677c-49df-bdc2-87c2caa84435', NULL, '5c5638be-d29c-4726-9816-c1ae4e4e4f1e', NULL, 'Pawel Kowalski', '123456789', 'xyz@xyz.pl', 'Łomża', NULL, 10.5, 500, 21, NULL, NULL, NULL, NULL, NULL, 43328.8, 8, 52544.424, 10009.8, 26.11561019390119, NULL, NULL, 'draft', '2026-05-10', '2026-05-02 16:13:00.970776+00', '2026-05-02 16:24:29.309823+00', 'pv_me', 5000, 0),
	('8cd5c8ee-7a60-40ed-bd9a-c3b9b9e8a15a', 'PV/2026/0009', NULL, NULL, '5c5638be-d29c-4726-9816-c1ae4e4e4f1e', NULL, 'Kamil Kowalski', '555666555', 'xyz@pdfgen.pl', 'Warszawa', NULL, 11.8, 590, 20, NULL, NULL, NULL, NULL, NULL, 19887.4, 8, 24461.502, 3978.1, 20.003117551816725, NULL, NULL, 'draft', NULL, '2026-05-02 20:15:59.549857+00', '2026-05-02 20:15:59.549857+00', 'pv', 0, 0),
	('473e24e7-c1ae-4018-a924-1865ffdf970c', 'PV/2026/0010', NULL, 'df6068ff-8a31-49f5-9316-78d7af7993b3', '79e6eb94-99a8-40df-9bcf-ca6b6a3697f1', NULL, 'Marek Kowalski', '515515', 'amg@amg.lk', 'Krakow', NULL, 0.59, 590, 1, NULL, NULL, NULL, NULL, NULL, 11778.27, 8, 14487.2721, 3587.38, 30.45761389406084, NULL, NULL, 'draft', '2026-05-29', '2026-05-02 20:22:53.812667+00', '2026-05-02 20:22:53.812667+00', 'pv', 0, 0),
	('da232f5e-92cc-441c-8f3f-01b6b889712a', 'PV/2026/0011', NULL, 'c6d614e6-6019-49aa-9395-a56236523066', '79e6eb94-99a8-40df-9bcf-ca6b6a3697f1', '79e6eb94-99a8-40df-9bcf-ca6b6a3697f1', 'Jan Kowalski', '123456789', 'kowalski@pdfgen.pl', 'Warszawa', NULL, 10, 500, 20, NULL, 'dach_skosy', 'blachodachowka', NULL, NULL, 40344, 8, 49323.119999999995, 10409, 27.14635927394116, NULL, NULL, 'accepted', '2026-05-09', '2026-05-02 21:08:09.992838+00', '2026-05-02 21:45:28.186405+00', 'pv_me', 2000, 0),
	('6cec78d1-190c-46a9-a293-1bd5c27aba09', 'PV/2026/0012', 'cf9485e5-7ff4-482c-a899-530d4f27a8ac', NULL, '79e6eb94-99a8-40df-9bcf-ca6b6a3697f1', '5c5638be-d29c-4726-9816-c1ae4e4e4f1e', 'Janek Jankowski', '525252525', 'abc@abc.pl', 'Warszawa', NULL, 0.5, 500, 1, NULL, 'dach_plaski', 'blachodachowka', 'on_grid', NULL, 9084.8, 23, 11174.304, 2545.8, 28.022631208171894, NULL, NULL, 'draft', NULL, '2026-05-02 22:10:20.863822+00', '2026-05-02 22:10:20.863822+00', 'pv', 0, 0),
	('ef8e3c1b-53a7-4b14-9aab-01fc5c042a17', 'PV/2026/0013', NULL, NULL, '5c5638be-d29c-4726-9816-c1ae4e4e4f1e', '5c5638be-d29c-4726-9816-c1ae4e4e4f1e', 'Mirosław Kowalski', '123123123', 'Miroslaw@metical.pl', 'Gdańsk', NULL, 10, 500, 20, NULL, 'dach_skosy', 'blachodachowka', 'on_grid', NULL, 23274, 8, 28627.02, 6134, 26.355589928675776, NULL, NULL, 'draft', '2026-05-17', '2026-05-03 10:07:46.051766+00', '2026-05-03 10:07:46.051766+00', 'pv', 0, 0),
	('89761643-4f08-4fcd-8b8b-06021f20c5d6', 'PV/2026/0014', 'cf9485e5-7ff4-482c-a899-530d4f27a8ac', NULL, '79e6eb94-99a8-40df-9bcf-ca6b6a3697f1', NULL, 'Janek Jankowski', '525252525', 'abc@abc.pl', 'Warszawa', NULL, 0.59, 590, 1, NULL, NULL, NULL, NULL, NULL, 26509.27, 23, 32606.4021, 6559.88, 24.745607857176, NULL, NULL, 'draft', '2026-05-17', '2026-05-03 10:29:30.924133+00', '2026-05-03 10:29:30.924133+00', 'pv', 0, 0),
	('6a9f3847-bfef-4554-85de-8e170d3abf06', 'PV/2026/0015', 'cf9485e5-7ff4-482c-a899-530d4f27a8ac', NULL, '79e6eb94-99a8-40df-9bcf-ca6b6a3697f1', NULL, 'Janek Jankowski', '525252525', 'abc@abc.pl', 'Warszawa', NULL, 23.01, 590, 39, NULL, NULL, NULL, NULL, NULL, 33054.53, 8, 40657.0719, 7524.32, 22.763354977366188, NULL, NULL, 'draft', '2026-05-17', '2026-05-03 10:33:58.576037+00', '2026-05-03 10:35:08.090789+00', 'pv', 0, 0),
	('2ad325bb-c11c-4019-b2bb-2887550b27d1', 'PV/2026/0016', '07dea59a-8177-4ad9-a4c3-0f4286b232f7', NULL, '5c5638be-d29c-4726-9816-c1ae4e4e4f1e', NULL, 'TEST LEAD', '123123123', 'xyz@metical.pl', 'Kraków', NULL, 11.21, 590, 19, NULL, 'dach_skosy', 'dachowka_ceramiczna', 'hybrid', NULL, 38006.13, 8, 45997.539899999996, 7530.719999999999, 22.816125368227052, NULL, NULL, 'draft', '2026-05-09', '2026-05-03 10:53:28.956808+00', '2026-05-03 10:53:28.956808+00', 'pv_me', 5000, 0),
	('69493023-a40c-40ed-90b5-56cf8c5669eb', 'PV/2026/0017', '3129e813-677c-49df-bdc2-87c2caa84435', NULL, '5c5638be-d29c-4726-9816-c1ae4e4e4f1e', '79e6eb94-99a8-40df-9bcf-ca6b6a3697f1', 'Pawel Kowalski', '123456789', 'xyz@xyz.pl', 'Łomża', NULL, 10, 500, 20, NULL, NULL, NULL, NULL, NULL, 18944, 8, 22851.12, 3112, 19.518314099347716, NULL, NULL, 'draft', '2026-05-17', '2026-05-03 11:01:21.081803+00', '2026-05-03 11:01:21.081803+00', 'pv', 3000, 0),
	('3cbbdd43-339e-4524-93e2-f4f8378718d8', 'PV/2026/0018', NULL, NULL, 'c01f1de2-6b07-4375-b34a-3c861a2ec31a', 'c01f1de2-6b07-4375-b34a-3c861a2ec31a', 'Zenek Kowalski 2', '123123123', 'xyz@xyz.pl', 'Warszawa', NULL, 10, 500, 20, NULL, NULL, NULL, NULL, NULL, 40994, 8, 49972.619999999995, 9954, 26.198873506343105, NULL, NULL, 'draft', '2026-05-18', '2026-05-04 07:38:22.52292+00', '2026-05-04 07:38:22.52292+00', 'pv_me', 3000, 0);


--
-- Data for Name: pv_offer_items; Type: TABLE DATA; Schema: public; Owner: postgres
--

INSERT INTO "public"."pv_offer_items" ("id", "offer_id", "component_id", "category", "manufacturer", "model", "trade_name", "unit", "quantity", "purchase_price", "selling_price", "vat_rate", "power_w", "capacity_kwh", "notes", "is_custom", "sort_order", "created_at", "updated_at") VALUES
	('a0e74e9d-7fbd-4df3-8ac8-d8cd2e168f9c', '7a3fdc91-62d3-4173-840c-e97fa9b89231', 'ebe2f557-da52-4a6f-b260-d5da443ecab0', 'Moduły fotowoltaiczne', 'Leapton', 'LP182*182-M-60-NB-500W', 'Leapton 500W Full Black Bifacial', 'szt.', 12, 279, 334.8, 23, 500, NULL, NULL, false, 0, '2026-05-02 08:22:03.146669+00', '2026-05-02 08:22:03.146669+00'),
	('d403c22e-2671-46f1-9f9b-940b84326513', '7a3fdc91-62d3-4173-840c-e97fa9b89231', '1ef8a667-8ce2-418d-b284-ac1685fc3d38', 'Konstrukcje montażowe', '—', 'blachodachówka', 'Konstrukcja montażowa - blachodachówka', 'szt.', 1, 90, 108, 23, NULL, NULL, NULL, false, 1, '2026-05-02 08:22:03.146669+00', '2026-05-02 08:22:03.146669+00'),
	('cd3ebb06-e11b-4cdd-a0c5-80c0cfc1220f', '7a3fdc91-62d3-4173-840c-e97fa9b89231', '393d7d75-5dbb-4144-b061-8327fcfba5f6', 'Falowniki', 'Deye', 'SUN-15K-SG05LP3-EU-SM2', 'Deye 15kW Hybrydowy 3-faz', 'szt.', 1, 6450, 8385, 23, NULL, NULL, NULL, false, 2, '2026-05-02 08:22:03.146669+00', '2026-05-02 08:22:03.146669+00'),
	('3796d47e-34f7-4d29-8cfc-cce97c320e9a', '7a3fdc91-62d3-4173-840c-e97fa9b89231', '475b15fd-038a-47bc-a859-74270bc40660', 'Dodatkowe usługi', '—', 'Montaż PV', 'Montaż instalacji PV', 'kpl.', 1, 3000, 5500, 23, NULL, NULL, NULL, false, 3, '2026-05-02 08:22:03.146669+00', '2026-05-02 08:22:03.146669+00'),
	('5d3cd8fb-9971-4317-a5fd-cfba3ede3e1e', 'ad713d6c-f813-45ab-bf64-d56856d30e90', 'ebe2f557-da52-4a6f-b260-d5da443ecab0', 'Moduły fotowoltaiczne', 'Leapton', 'LP182*182-M-60-NB-500W', 'Leapton 500W Full Black Bifacial', 'szt.', 20, 279, 334.8, 23, 500, NULL, NULL, false, 0, '2026-05-02 08:47:15.901771+00', '2026-05-02 08:47:15.901771+00'),
	('5c6e22d4-6c6e-4593-bdd0-d534a888871d', 'ad713d6c-f813-45ab-bf64-d56856d30e90', 'da84148a-ccb2-40b2-8a35-716d56f8edbc', 'Konstrukcje montażowe', '—', 'dach płaski balast', 'Konstrukcja montażowa - dach płaski balast', 'szt.', 20, 140, 168, 23, NULL, NULL, NULL, false, 1, '2026-05-02 08:47:15.901771+00', '2026-05-02 08:47:15.901771+00'),
	('c9c8be70-398b-4105-b6dc-fc5b34266527', 'ad713d6c-f813-45ab-bf64-d56856d30e90', '13613b47-01b9-4b42-9789-97b3cf19f88b', 'Falowniki', 'Deye', 'SUN-10K-SG05LP3-EU-SM2', 'Deye 10kW Hybrydowy 3-faz', 'szt.', 1, 5440, 7070, 23, NULL, NULL, NULL, false, 2, '2026-05-02 08:47:15.901771+00', '2026-05-02 08:47:15.901771+00'),
	('d1620a55-bde7-4993-bfab-ad31fc5b9a81', 'ad713d6c-f813-45ab-bf64-d56856d30e90', '41731938-dd50-42ee-b0a2-80cfb2f95ab5', 'Materiały pomocnicze', 'Weidmüller', 'PV-Stick', 'Kabel solarny 6mm² (czarny)', 'mb', 1, 4.5, 7, 23, NULL, NULL, NULL, false, 3, '2026-05-02 08:47:15.901771+00', '2026-05-02 08:47:15.901771+00'),
	('5d339603-d53d-45a8-8440-7d2f71da3cf9', 'ad713d6c-f813-45ab-bf64-d56856d30e90', '4e6bb0ee-b5e4-493c-9a4f-137de0fc7237', 'Skrzynki / rozdzielnice', '—', 'Rozdzielnica nr 2', 'Rozdzielnica nr 2 AC 3-faz', 'kpl.', 1, 605, 850, 23, NULL, NULL, NULL, false, 4, '2026-05-02 08:47:15.901771+00', '2026-05-02 08:47:15.901771+00'),
	('87499e07-ab6e-469a-be8f-e0ceee0b193f', 'ad713d6c-f813-45ab-bf64-d56856d30e90', '04c3419a-6e8d-46a9-8ff2-737aff75167e', 'Skrzynki / rozdzielnice', '—', 'Rozdzielnica nr 5', 'Rozdzielnica nr 5 DC 2x String T1+T2', 'kpl.', 1, 703, 980, 23, NULL, NULL, NULL, false, 5, '2026-05-02 08:47:15.901771+00', '2026-05-02 08:47:15.901771+00'),
	('d73c1463-cdc6-4770-a0f8-15cd3d58d4db', 'ad713d6c-f813-45ab-bf64-d56856d30e90', '475b15fd-038a-47bc-a859-74270bc40660', 'Dodatkowe usługi', '—', 'Montaż PV', 'Montaż instalacji PV', 'kpl.', 1, 3000, 5500, 23, NULL, NULL, NULL, false, 6, '2026-05-02 08:47:15.901771+00', '2026-05-02 08:47:15.901771+00'),
	('02eab925-f7fa-427a-b7cb-b959b0b05cd0', 'ad713d6c-f813-45ab-bf64-d56856d30e90', '7067c028-a28d-4608-8ab4-4c010549881d', 'Dodatkowe usługi', 'METICAL', 'Mój Prąd 6.0', 'Pomoc z wnioskiem Mój Prąd 6.0', 'kpl.', 1, 0, 0, 23, NULL, NULL, NULL, false, 7, '2026-05-02 08:47:15.901771+00', '2026-05-02 08:47:15.901771+00'),
	('5b6635d1-7fc0-4483-9cd4-a197b4cb9b03', 'ad713d6c-f813-45ab-bf64-d56856d30e90', 'e1bfca5a-0fd6-43be-8e42-6328a6d78e30', 'Dodatkowe usługi', 'METICAL', 'Uziemienie PV', 'Wykonanie uziemienia instalacji PV lub wpięcie się do istniejącego uziemienia', 'kpl.', 1, 0, 0, 23, NULL, NULL, NULL, false, 8, '2026-05-02 08:47:15.901771+00', '2026-05-02 08:47:15.901771+00'),
	('a725f379-7872-4657-992e-559a8875688a', 'ad713d6c-f813-45ab-bf64-d56856d30e90', '7dea43c8-6479-475f-be66-c1178c3ddecb', 'Dodatkowe usługi', 'METICAL', 'Zgłoszenie ZE', 'Zgłoszenie do zakładu energetycznego', 'kpl.', 1, 0, 0, 23, NULL, NULL, NULL, false, 9, '2026-05-02 08:47:15.901771+00', '2026-05-02 08:47:15.901771+00'),
	('0eea90e4-3a45-4e17-94db-747ec104e2a9', '6cec78d1-190c-46a9-a293-1bd5c27aba09', 'ebe2f557-da52-4a6f-b260-d5da443ecab0', 'Moduły fotowoltaiczne', 'Leapton', 'LP182*182-M-60-NB-500W', 'Leapton 500W Full Black Bifacial', 'szt.', 1, 279, 334.8, 23, 500, NULL, NULL, false, 0, '2026-05-02 22:10:21.177028+00', '2026-05-02 22:10:21.177028+00'),
	('21adfcbc-4c19-47e0-bf71-6da45379a332', '6cec78d1-190c-46a9-a293-1bd5c27aba09', '80443e35-8bb7-4af4-b614-cd6d945b127f', 'Konstrukcje montażowe', '—', 'trapez', 'Konstrukcja montażowa - trapez', 'szt.', 1, 60, 72, 23, NULL, NULL, NULL, false, 1, '2026-05-02 22:10:21.177028+00', '2026-05-02 22:10:21.177028+00'),
	('ca0584d3-7b39-4bad-ad8c-a21ed22dfae7', '6cec78d1-190c-46a9-a293-1bd5c27aba09', '76df8075-557b-448c-a232-82b9542f8e01', 'Materiały pomocnicze', 'Stäubli', 'MC4-Evo2', 'Złącze MC4 (para)', 'kpl.', 1, 12, 18, 23, NULL, NULL, NULL, false, 2, '2026-05-02 22:10:21.177028+00', '2026-05-02 22:10:21.177028+00'),
	('fc59f320-7e70-425f-8e35-e7481d65e1aa', '6cec78d1-190c-46a9-a293-1bd5c27aba09', 'b4a72813-a47a-47c2-938d-ac5447945c1b', 'Falowniki', 'Deye', 'SUN-5K-SG05LP3-EU-SM2', 'Deye 5kW Hybrydowy 3-faz', 'szt.', 1, 4985, 6480, 23, NULL, NULL, NULL, false, 3, '2026-05-02 22:10:21.177028+00', '2026-05-02 22:10:21.177028+00'),
	('28e47388-d6c4-4316-b1c1-de2ba98cc022', '6cec78d1-190c-46a9-a293-1bd5c27aba09', '04c3419a-6e8d-46a9-8ff2-737aff75167e', 'Skrzynki / rozdzielnice', '—', 'Rozdzielnica nr 5', 'Rozdzielnica nr 5 DC 2x String T1+T2', 'kpl.', 1, 703, 980, 23, NULL, NULL, NULL, false, 4, '2026-05-02 22:10:21.177028+00', '2026-05-02 22:10:21.177028+00'),
	('e3cb24e3-97f5-4c86-9687-7f750ea2464c', '6cec78d1-190c-46a9-a293-1bd5c27aba09', 'e203fa26-9047-4ebe-986c-80db1993ff8d', 'Dodatkowe usługi', '—', 'Projekt', 'Projekt techniczny', 'kpl.', 1, 500, 1200, 23, NULL, NULL, NULL, false, 5, '2026-05-02 22:10:21.177028+00', '2026-05-02 22:10:21.177028+00'),
	('fa6bb8a6-e93a-4989-a111-8d63d5de7f9a', '6a9f3847-bfef-4554-85de-8e170d3abf06', 'c3dbb2e8-2260-415c-85f8-c09c56ba060d', 'Moduły fotowoltaiczne', 'Jinko Solar', 'JKM590N-72HL4-BDV', 'Jinko Solar 590W Bifacial srebrna rama', 'szt.', 39, 324.39, 389.27, 23, 590, NULL, NULL, false, 0, '2026-05-03 10:35:08.357221+00', '2026-05-03 10:35:08.357221+00'),
	('0ea23e10-aaca-4781-8eb0-f7b066921a76', '6a9f3847-bfef-4554-85de-8e170d3abf06', '1ef8a667-8ce2-418d-b284-ac1685fc3d38', 'Konstrukcje montażowe', '—', 'blachodachówka', 'Konstrukcja montażowa - blachodachówka', 'szt.', 1, 90, 108, 23, NULL, NULL, NULL, false, 1, '2026-05-03 10:35:08.357221+00', '2026-05-03 10:35:08.357221+00'),
	('86bb8067-e559-42d9-9fd8-bf2bb5664adf', '6a9f3847-bfef-4554-85de-8e170d3abf06', '1ef8a667-8ce2-418d-b284-ac1685fc3d38', 'Konstrukcje montażowe', '—', 'blachodachówka', 'Konstrukcja montażowa - blachodachówka', 'szt.', 1, 90, 108, 23, NULL, NULL, NULL, false, 2, '2026-05-03 10:35:08.357221+00', '2026-05-03 10:35:08.357221+00'),
	('525949d0-c8f5-4ccd-be14-9e6b6a6c2322', '6a9f3847-bfef-4554-85de-8e170d3abf06', '1ef8a667-8ce2-418d-b284-ac1685fc3d38', 'Konstrukcje montażowe', '—', 'blachodachówka', 'Konstrukcja montażowa - blachodachówka', 'szt.', 1, 90, 108, 23, NULL, NULL, NULL, false, 3, '2026-05-03 10:35:08.357221+00', '2026-05-03 10:35:08.357221+00'),
	('64898d7c-42bc-4025-a4cc-40c81e0118c8', '6a9f3847-bfef-4554-85de-8e170d3abf06', '1ef8a667-8ce2-418d-b284-ac1685fc3d38', 'Konstrukcje montażowe', '—', 'blachodachówka', 'Konstrukcja montażowa - blachodachówka', 'szt.', 1, 90, 108, 23, NULL, NULL, NULL, false, 4, '2026-05-03 10:35:08.357221+00', '2026-05-03 10:35:08.357221+00'),
	('539ea23a-1510-4d44-b122-a37e102f6962', '6a9f3847-bfef-4554-85de-8e170d3abf06', '1ef8a667-8ce2-418d-b284-ac1685fc3d38', 'Konstrukcje montażowe', '—', 'blachodachówka', 'Konstrukcja montażowa - blachodachówka', 'szt.', 1, 90, 108, 23, NULL, NULL, NULL, false, 5, '2026-05-03 10:35:08.357221+00', '2026-05-03 10:35:08.357221+00'),
	('0e1f352d-4372-4f13-bd30-43e73cf038c9', '7044452c-d4b9-43f9-94e9-5a20aa410e6b', 'ebe2f557-da52-4a6f-b260-d5da443ecab0', 'Moduły fotowoltaiczne', 'Leapton', 'LP182*182-M-60-NB-500W', 'Leapton 500W Full Black Bifacial', 'szt.', 20, 279, 334.8, 23, 500, NULL, NULL, false, 0, '2026-05-02 09:14:49.812428+00', '2026-05-02 09:14:49.812428+00'),
	('4121d8b3-4764-4eca-91bb-a791d5497578', '7044452c-d4b9-43f9-94e9-5a20aa410e6b', '3c45e00c-4e42-494a-a92d-28014c4fff6d', 'Konstrukcje montażowe', '—', 'blacha na rąbek', 'Konstrukcja montażowa - blacha na rąbek', 'szt.', 20, 120, 144, 23, NULL, NULL, NULL, false, 1, '2026-05-02 09:14:49.812428+00', '2026-05-02 09:14:49.812428+00'),
	('2d14350c-41e0-4231-bb84-03e02b628ed1', '7044452c-d4b9-43f9-94e9-5a20aa410e6b', '13613b47-01b9-4b42-9789-97b3cf19f88b', 'Falowniki', 'Deye', 'SUN-10K-SG05LP3-EU-SM2', 'Deye 10kW Hybrydowy 3-faz', 'szt.', 1, 5440, 7070, 23, NULL, NULL, NULL, false, 2, '2026-05-02 09:14:49.812428+00', '2026-05-02 09:14:49.812428+00'),
	('af0a44f5-b691-4955-ba97-34f2ad51ac60', '7044452c-d4b9-43f9-94e9-5a20aa410e6b', '84534c2e-d320-48eb-96ea-8f4d3efce1b1', 'Magazyny energii', 'Felicity', 'FLA48460', 'Felicity 23.6 kWh LV', 'szt.', 1, 9400, 12220, 23, NULL, 23.6, NULL, false, 3, '2026-05-02 09:14:49.812428+00', '2026-05-02 09:14:49.812428+00'),
	('fa9401fb-d313-4005-9582-32e233954aa7', '7044452c-d4b9-43f9-94e9-5a20aa410e6b', '76df8075-557b-448c-a232-82b9542f8e01', 'Materiały pomocnicze', 'Stäubli', 'MC4-Evo2', 'Złącze MC4 (para)', 'kpl.', 1, 12, 18, 23, NULL, NULL, NULL, false, 4, '2026-05-02 09:14:49.812428+00', '2026-05-02 09:14:49.812428+00'),
	('ada3d12f-81cb-49e5-8282-7443a7259730', '7044452c-d4b9-43f9-94e9-5a20aa410e6b', '04c3419a-6e8d-46a9-8ff2-737aff75167e', 'Skrzynki / rozdzielnice', '—', 'Rozdzielnica nr 5', 'Rozdzielnica nr 5 DC 2x String T1+T2', 'kpl.', 1, 703, 980, 23, NULL, NULL, NULL, false, 5, '2026-05-02 09:14:49.812428+00', '2026-05-02 09:14:49.812428+00'),
	('e335f602-1530-45ed-b589-87c154fca995', '7044452c-d4b9-43f9-94e9-5a20aa410e6b', '4e6bb0ee-b5e4-493c-9a4f-137de0fc7237', 'Skrzynki / rozdzielnice', '—', 'Rozdzielnica nr 2', 'Rozdzielnica nr 2 AC 3-faz', 'kpl.', 1, 605, 850, 23, NULL, NULL, NULL, false, 6, '2026-05-02 09:14:49.812428+00', '2026-05-02 09:14:49.812428+00'),
	('a817184e-1012-4f54-93c6-732031a96bba', '7044452c-d4b9-43f9-94e9-5a20aa410e6b', '475b15fd-038a-47bc-a859-74270bc40660', 'Dodatkowe usługi', '—', 'Montaż PV', 'Montaż instalacji PV', 'kpl.', 1, 3000, 5500, 23, NULL, NULL, NULL, false, 7, '2026-05-02 09:14:49.812428+00', '2026-05-02 09:14:49.812428+00'),
	('3ee1641f-72e1-4c8f-9690-ee40acb21c08', '7044452c-d4b9-43f9-94e9-5a20aa410e6b', 'ecbe1ef2-c71d-47f2-a324-3207d597c0f6', 'Dodatkowe usługi', '—', 'Montaż magazynu', 'Montaż magazynu energii', 'kpl.', 1, 1500, 2500, 23, NULL, NULL, NULL, false, 8, '2026-05-02 09:14:49.812428+00', '2026-05-02 09:14:49.812428+00'),
	('672a10c5-82b8-480e-a217-30ea36a12091', '7044452c-d4b9-43f9-94e9-5a20aa410e6b', '5677b2be-fd02-41be-b7a5-c3056fe07adb', 'Backup', 'METICAL', 'Backup', 'System backup zasilania awaryjnego', 'kpl.', 1, 0, 0, 23, NULL, NULL, NULL, false, 9, '2026-05-02 09:14:49.812428+00', '2026-05-02 09:14:49.812428+00'),
	('b0ab9e92-327f-44df-89c8-0658f7413dbb', '7044452c-d4b9-43f9-94e9-5a20aa410e6b', '31fea10b-9a49-4fb2-a5f9-6ea46d8bb027', 'Wyłącznik ppoż.', 'METICAL', 'PPOŻ do 10 kW', 'Wyłącznik ppoż. do 10 kW', 'kpl.', 1, 0, 0, 23, NULL, NULL, NULL, false, 10, '2026-05-02 09:14:49.812428+00', '2026-05-02 09:14:49.812428+00'),
	('04a369e3-57ef-4469-8d7f-8b69eba94a04', '7044452c-d4b9-43f9-94e9-5a20aa410e6b', 'e1bfca5a-0fd6-43be-8e42-6328a6d78e30', 'Dodatkowe usługi', 'METICAL', 'Uziemienie PV', 'Wykonanie uziemienia instalacji PV lub wpięcie się do istniejącego uziemienia', 'kpl.', 1, 0, 0, 23, NULL, NULL, NULL, false, 11, '2026-05-02 09:14:49.812428+00', '2026-05-02 09:14:49.812428+00'),
	('0c0128d9-5592-42b0-bc4f-dd2f1218fdc4', '7044452c-d4b9-43f9-94e9-5a20aa410e6b', '7dea43c8-6479-475f-be66-c1178c3ddecb', 'Dodatkowe usługi', 'METICAL', 'Zgłoszenie ZE', 'Zgłoszenie do zakładu energetycznego', 'kpl.', 1, 0, 0, 23, NULL, NULL, NULL, false, 12, '2026-05-02 09:14:49.812428+00', '2026-05-02 09:14:49.812428+00'),
	('0e9dd606-843c-4cb6-84cf-d3925a2126f5', 'ef8e3c1b-53a7-4b14-9aab-01fc5c042a17', 'ebe2f557-da52-4a6f-b260-d5da443ecab0', 'Moduły fotowoltaiczne', 'Leapton', 'LP182*182-M-60-NB-500W', 'Leapton 500W Full Black Bifacial', 'szt.', 20, 279, 334.8, 23, 500, NULL, NULL, false, 0, '2026-05-03 10:07:46.488919+00', '2026-05-03 10:07:46.488919+00'),
	('2460e2d5-7cfb-4781-bb94-c87c5ed3018b', 'ef8e3c1b-53a7-4b14-9aab-01fc5c042a17', '1ef8a667-8ce2-418d-b284-ac1685fc3d38', 'Konstrukcje montażowe', '—', 'blachodachówka', 'Konstrukcja montażowa - blachodachówka', 'szt.', 20, 90, 108, 23, NULL, NULL, NULL, false, 1, '2026-05-03 10:07:46.488919+00', '2026-05-03 10:07:46.488919+00'),
	('d238796b-73ad-4c88-b450-4ea8e99537bf', 'ef8e3c1b-53a7-4b14-9aab-01fc5c042a17', '13613b47-01b9-4b42-9789-97b3cf19f88b', 'Falowniki', 'Deye', 'SUN-10K-SG05LP3-EU-SM2', 'Deye 10kW Hybrydowy 3-faz', 'szt.', 1, 5440, 7070, 23, NULL, NULL, NULL, false, 2, '2026-05-03 10:07:46.488919+00', '2026-05-03 10:07:46.488919+00'),
	('d375a055-c61d-4f05-9134-0cb98bfeb3ba', 'ef8e3c1b-53a7-4b14-9aab-01fc5c042a17', '76df8075-557b-448c-a232-82b9542f8e01', 'Materiały pomocnicze', 'Stäubli', 'MC4-Evo2', 'Złącze MC4 (para)', 'kpl.', 1, 12, 18, 23, NULL, NULL, NULL, false, 3, '2026-05-03 10:07:46.488919+00', '2026-05-03 10:07:46.488919+00'),
	('0c89a4ab-5932-42fd-b367-954d8254e29e', 'ef8e3c1b-53a7-4b14-9aab-01fc5c042a17', '04c3419a-6e8d-46a9-8ff2-737aff75167e', 'Skrzynki / rozdzielnice', '—', 'Rozdzielnica nr 5', 'Rozdzielnica nr 5 DC 2x String T1+T2', 'kpl.', 1, 703, 980, 23, NULL, NULL, NULL, false, 4, '2026-05-03 10:07:46.488919+00', '2026-05-03 10:07:46.488919+00'),
	('10ca4328-44fa-4801-87d2-df77548dcee6', 'ef8e3c1b-53a7-4b14-9aab-01fc5c042a17', '4e6bb0ee-b5e4-493c-9a4f-137de0fc7237', 'Skrzynki / rozdzielnice', '—', 'Rozdzielnica nr 2', 'Rozdzielnica nr 2 AC 3-faz', 'kpl.', 1, 605, 850, 23, NULL, NULL, NULL, false, 5, '2026-05-03 10:07:46.488919+00', '2026-05-03 10:07:46.488919+00'),
	('9f6a94d2-420e-4c22-b405-4673b75eb699', 'ef8e3c1b-53a7-4b14-9aab-01fc5c042a17', '475b15fd-038a-47bc-a859-74270bc40660', 'Dodatkowe usługi', '—', 'Montaż PV', 'Montaż instalacji PV', 'kpl.', 1, 3000, 5500, 23, NULL, NULL, NULL, false, 6, '2026-05-03 10:07:46.488919+00', '2026-05-03 10:07:46.488919+00'),
	('5bfc89b0-a039-443f-a434-8b50740c03d3', '6a0044b9-4031-4b30-b172-9f7e7bcb2401', 'ebe2f557-da52-4a6f-b260-d5da443ecab0', 'Moduły fotowoltaiczne', 'Leapton', 'LP182*182-M-60-NB-500W', 'Leapton 500W Full Black Bifacial', 'szt.', 20, 279, 334.8, 23, 500, NULL, NULL, false, 0, '2026-05-02 09:57:30.855654+00', '2026-05-02 09:57:30.855654+00'),
	('b692d7b7-6c47-4e73-9821-297cf0ee25d9', '6a0044b9-4031-4b30-b172-9f7e7bcb2401', '1ef8a667-8ce2-418d-b284-ac1685fc3d38', 'Konstrukcje montażowe', '—', 'blachodachówka', 'Konstrukcja montażowa - blachodachówka', 'szt.', 20, 90, 108, 23, NULL, NULL, NULL, false, 1, '2026-05-02 09:57:30.855654+00', '2026-05-02 09:57:30.855654+00'),
	('315ffb0c-963e-44dd-97e7-5f4ae9e1f768', '6a0044b9-4031-4b30-b172-9f7e7bcb2401', '13613b47-01b9-4b42-9789-97b3cf19f88b', 'Falowniki', 'Deye', 'SUN-10K-SG05LP3-EU-SM2', 'Deye 10kW Hybrydowy 3-faz', 'szt.', 1, 5440, 7070, 23, NULL, NULL, NULL, false, 2, '2026-05-02 09:57:30.855654+00', '2026-05-02 09:57:30.855654+00'),
	('781222a2-df80-4f64-90e7-90194e83e280', '6a0044b9-4031-4b30-b172-9f7e7bcb2401', '41731938-dd50-42ee-b0a2-80cfb2f95ab5', 'Materiały pomocnicze', 'Weidmüller', 'PV-Stick', 'Kabel solarny 6mm² (czarny)', 'mb', 1, 4.5, 7, 23, NULL, NULL, NULL, false, 3, '2026-05-02 09:57:30.855654+00', '2026-05-02 09:57:30.855654+00'),
	('35df49eb-68c4-4287-ae8d-774878e8316f', '6a0044b9-4031-4b30-b172-9f7e7bcb2401', 'c33a0b27-4c44-49ca-bac7-d330f56235fe', 'Skrzynki / rozdzielnice', '—', 'Rozdzielnica nr 3', 'Rozdzielnica nr 3 DC 1x String T1+T2', 'kpl.', 1, 645, 900, 23, NULL, NULL, NULL, false, 4, '2026-05-02 09:57:30.855654+00', '2026-05-02 09:57:30.855654+00'),
	('427567df-812d-400f-8959-0c788d48a473', '6a0044b9-4031-4b30-b172-9f7e7bcb2401', '4e6bb0ee-b5e4-493c-9a4f-137de0fc7237', 'Skrzynki / rozdzielnice', '—', 'Rozdzielnica nr 2', 'Rozdzielnica nr 2 AC 3-faz', 'kpl.', 1, 605, 850, 23, NULL, NULL, NULL, false, 5, '2026-05-02 09:57:30.855654+00', '2026-05-02 09:57:30.855654+00'),
	('f4641ab8-eb47-4bb5-8c92-a8b820062fa8', '6a0044b9-4031-4b30-b172-9f7e7bcb2401', '475b15fd-038a-47bc-a859-74270bc40660', 'Dodatkowe usługi', '—', 'Montaż PV', 'Montaż instalacji PV', 'kpl.', 1, 3000, 5500, 23, NULL, NULL, NULL, false, 6, '2026-05-02 09:57:30.855654+00', '2026-05-02 09:57:30.855654+00'),
	('6336be29-ebb0-4a6c-8850-18e794902d47', 'faeb35b0-8d2d-4d46-ac8d-8c430ab25819', 'c3dbb2e8-2260-415c-85f8-c09c56ba060d', 'Moduły fotowoltaiczne', 'Jinko Solar', 'JKM590N-72HL4-BDV', 'Jinko Solar 590W Bifacial srebrna rama', 'szt.', 20, 324.39, 389.27, 23, 590, NULL, NULL, false, 0, '2026-05-02 12:02:38.305888+00', '2026-05-02 12:02:38.305888+00'),
	('d5b08405-d326-4fb7-90f7-0f794c579aa9', 'faeb35b0-8d2d-4d46-ac8d-8c430ab25819', 'da84148a-ccb2-40b2-8a35-716d56f8edbc', 'Konstrukcje montażowe', '—', 'dach płaski balast', 'Konstrukcja montażowa - dach płaski balast', 'szt.', 20, 140, 168, 23, NULL, NULL, NULL, false, 1, '2026-05-02 12:02:38.305888+00', '2026-05-02 12:02:38.305888+00'),
	('2409dd05-f0c3-44e6-9c62-346e691364c7', 'faeb35b0-8d2d-4d46-ac8d-8c430ab25819', '393d7d75-5dbb-4144-b061-8327fcfba5f6', 'Falowniki', 'Deye', 'SUN-15K-SG05LP3-EU-SM2', 'Deye 15kW Hybrydowy 3-faz', 'szt.', 1, 6450, 8385, 23, NULL, NULL, NULL, false, 2, '2026-05-02 12:02:38.305888+00', '2026-05-02 12:02:38.305888+00'),
	('55548331-00ba-4f98-b034-2a1e43a611b0', 'faeb35b0-8d2d-4d46-ac8d-8c430ab25819', '41731938-dd50-42ee-b0a2-80cfb2f95ab5', 'Materiały pomocnicze', 'Weidmüller', 'PV-Stick', 'Kabel solarny 6mm² (czarny)', 'mb', 1, 4.5, 7, 23, NULL, NULL, NULL, false, 3, '2026-05-02 12:02:38.305888+00', '2026-05-02 12:02:38.305888+00'),
	('345126cd-2316-4389-8141-132b4665cec0', 'faeb35b0-8d2d-4d46-ac8d-8c430ab25819', 'c33a0b27-4c44-49ca-bac7-d330f56235fe', 'Skrzynki / rozdzielnice', '—', 'Rozdzielnica nr 3', 'Rozdzielnica nr 3 DC 1x String T1+T2', 'kpl.', 1, 645, 900, 23, NULL, NULL, NULL, false, 4, '2026-05-02 12:02:38.305888+00', '2026-05-02 12:02:38.305888+00'),
	('35de2fa0-a7b3-4bc9-a73e-59246354f3b7', 'faeb35b0-8d2d-4d46-ac8d-8c430ab25819', '5f3519d0-971d-4de4-84f4-56f1edbe73cb', 'Skrzynki / rozdzielnice', '—', 'Rozdzielnica nr 6', 'Rozdzielnica nr 6 DC 2x String T2', 'kpl.', 1, 639, 895, 23, NULL, NULL, NULL, false, 5, '2026-05-02 12:02:38.305888+00', '2026-05-02 12:02:38.305888+00'),
	('b57e62df-7cce-4703-986a-4226f4fbf9dd', 'faeb35b0-8d2d-4d46-ac8d-8c430ab25819', '475b15fd-038a-47bc-a859-74270bc40660', 'Dodatkowe usługi', '—', 'Montaż PV', 'Montaż instalacji PV', 'kpl.', 1, 3000, 5500, 23, NULL, NULL, NULL, false, 6, '2026-05-02 12:02:38.305888+00', '2026-05-02 12:02:38.305888+00'),
	('a2a6155e-9c4d-4018-9cf4-b3a4716f71e9', '1b818a30-3789-4912-9337-f373afd239c8', 'c3dbb2e8-2260-415c-85f8-c09c56ba060d', 'Moduły fotowoltaiczne', 'Jinko Solar', 'JKM590N-72HL4-BDV', 'Jinko Solar 590W Bifacial srebrna rama', 'szt.', 25, 324.39, 389.27, 23, 590, NULL, NULL, false, 0, '2026-05-02 14:05:10.094625+00', '2026-05-02 14:05:10.094625+00'),
	('685f648a-ff67-4d9c-b7fb-c704d53fb1e7', '1b818a30-3789-4912-9337-f373afd239c8', '3c45e00c-4e42-494a-a92d-28014c4fff6d', 'Konstrukcje montażowe', '—', 'blacha na rąbek', 'Konstrukcja montażowa - blacha na rąbek', 'szt.', 25, 120, 144, 23, NULL, NULL, NULL, false, 1, '2026-05-02 14:05:10.094625+00', '2026-05-02 14:05:10.094625+00'),
	('02690b49-fd1c-4d52-b36c-08be8c124c48', '1b818a30-3789-4912-9337-f373afd239c8', '13613b47-01b9-4b42-9789-97b3cf19f88b', 'Falowniki', 'Deye', 'SUN-10K-SG05LP3-EU-SM2', 'Deye 10kW Hybrydowy 3-faz', 'szt.', 1, 5440, 7070, 23, NULL, NULL, NULL, false, 2, '2026-05-02 14:05:10.094625+00', '2026-05-02 14:05:10.094625+00'),
	('c1db6b50-b788-4685-82c3-dfc755f0833e', '1b818a30-3789-4912-9337-f373afd239c8', '76df8075-557b-448c-a232-82b9542f8e01', 'Materiały pomocnicze', 'Stäubli', 'MC4-Evo2', 'Złącze MC4 (para)', 'kpl.', 1, 12, 18, 23, NULL, NULL, NULL, false, 3, '2026-05-02 14:05:10.094625+00', '2026-05-02 14:05:10.094625+00'),
	('6456f68d-8d0d-42d4-9ece-63325afad421', '1b818a30-3789-4912-9337-f373afd239c8', '7f750947-df56-49ea-bace-b0d8857c7795', 'Skrzynki / rozdzielnice', '—', 'Rozdzielnica nr 4', 'Rozdzielnica nr 4 DC 1x String T2', 'kpl.', 1, 767, 1070, 23, NULL, NULL, NULL, false, 4, '2026-05-02 14:05:10.094625+00', '2026-05-02 14:05:10.094625+00'),
	('a1bd0034-c70e-40c3-8f6e-532e15c9807a', '1b818a30-3789-4912-9337-f373afd239c8', '475b15fd-038a-47bc-a859-74270bc40660', 'Dodatkowe usługi', '—', 'Montaż PV', 'Montaż instalacji PV', 'kpl.', 1, 3000, 5500, 23, NULL, NULL, NULL, false, 5, '2026-05-02 14:05:10.094625+00', '2026-05-02 14:05:10.094625+00'),
	('574a1a7a-1075-45d5-97b0-0ccdefc3ea2e', 'ef8e3c1b-53a7-4b14-9aab-01fc5c042a17', 'e1bfca5a-0fd6-43be-8e42-6328a6d78e30', 'Dodatkowe usługi', 'METICAL', 'Uziemienie PV', 'Wykonanie uziemienia instalacji PV lub wpięcie się do istniejącego uziemienia', 'kpl.', 1, 0, 0, 23, NULL, NULL, NULL, false, 7, '2026-05-03 10:07:46.488919+00', '2026-05-03 10:07:46.488919+00'),
	('abff116b-ce9a-4893-b275-cb2109df0030', '6a9f3847-bfef-4554-85de-8e170d3abf06', '60264376-ffda-4d39-b9eb-f598df7ad73e', 'Falowniki', 'Deye', 'SUN-20K-SG05LP3-EU-SM2', 'Deye 20kW Hybrydowy 3-faz', 'szt.', 1, 8650, 11245, 23, NULL, NULL, NULL, false, 6, '2026-05-03 10:35:08.357221+00', '2026-05-03 10:35:08.357221+00'),
	('7a717fa3-5229-4839-b075-70cde5ecdb80', '6a9f3847-bfef-4554-85de-8e170d3abf06', '76df8075-557b-448c-a232-82b9542f8e01', 'Materiały pomocnicze', 'Stäubli', 'MC4-Evo2', 'Złącze MC4 (para)', 'kpl.', 1, 12, 18, 23, NULL, NULL, NULL, false, 7, '2026-05-03 10:35:08.357221+00', '2026-05-03 10:35:08.357221+00'),
	('e703b6dd-8616-4fd1-bc81-000dead61870', '6a9f3847-bfef-4554-85de-8e170d3abf06', '7f750947-df56-49ea-bace-b0d8857c7795', 'Skrzynki / rozdzielnice', '—', 'Rozdzielnica nr 4', 'Rozdzielnica nr 4 DC 1x String T2', 'kpl.', 1, 767, 1070, 23, NULL, NULL, NULL, false, 8, '2026-05-03 10:35:08.357221+00', '2026-05-03 10:35:08.357221+00'),
	('ca75f5f8-9d94-4ee4-a145-15e557cd5c5c', '6a9f3847-bfef-4554-85de-8e170d3abf06', 'ecbe1ef2-c71d-47f2-a324-3207d597c0f6', 'Dodatkowe usługi', '—', 'Montaż magazynu', 'Montaż magazynu energii', 'kpl.', 1, 1500, 2500, 23, NULL, NULL, NULL, false, 9, '2026-05-03 10:35:08.357221+00', '2026-05-03 10:35:08.357221+00'),
	('453987d3-400d-44fb-ad06-710b39601148', '6a9f3847-bfef-4554-85de-8e170d3abf06', 'ecbe1ef2-c71d-47f2-a324-3207d597c0f6', 'Dodatkowe usługi', '—', 'Montaż magazynu', 'Montaż magazynu energii', 'kpl.', 1, 1500, 2500, 23, NULL, NULL, NULL, false, 10, '2026-05-03 10:35:08.357221+00', '2026-05-03 10:35:08.357221+00'),
	('737345fd-9b72-4899-a2f6-ae1c48fd1fdd', '405963fd-032e-4375-a278-be94d6fee003', 'ebe2f557-da52-4a6f-b260-d5da443ecab0', 'Moduły fotowoltaiczne', 'Leapton', 'LP182*182-M-60-NB-500W', 'Leapton 500W Full Black Bifacial', 'szt.', 20, 279, 334.8, 23, 500, NULL, NULL, false, 0, '2026-05-02 14:14:07.614409+00', '2026-05-02 14:14:07.614409+00'),
	('c39f1772-dca4-426e-9371-3ae9935e2418', '405963fd-032e-4375-a278-be94d6fee003', '1ef8a667-8ce2-418d-b284-ac1685fc3d38', 'Konstrukcje montażowe', '—', 'blachodachówka', 'Konstrukcja montażowa - blachodachówka', 'szt.', 20, 90, 108, 23, NULL, NULL, NULL, false, 1, '2026-05-02 14:14:07.614409+00', '2026-05-02 14:14:07.614409+00'),
	('896bfe1b-bf68-40fe-aaf3-7e01435e5e78', '405963fd-032e-4375-a278-be94d6fee003', '13613b47-01b9-4b42-9789-97b3cf19f88b', 'Falowniki', 'Deye', 'SUN-10K-SG05LP3-EU-SM2', 'Deye 10kW Hybrydowy 3-faz', 'szt.', 1, 5440, 7070, 23, NULL, NULL, NULL, false, 2, '2026-05-02 14:14:07.614409+00', '2026-05-02 14:14:07.614409+00'),
	('ec5fadd4-1a93-4103-a2bf-4ea0b0c0813d', '405963fd-032e-4375-a278-be94d6fee003', '76df8075-557b-448c-a232-82b9542f8e01', 'Materiały pomocnicze', 'Stäubli', 'MC4-Evo2', 'Złącze MC4 (para)', 'kpl.', 1, 12, 18, 23, NULL, NULL, NULL, false, 3, '2026-05-02 14:14:07.614409+00', '2026-05-02 14:14:07.614409+00'),
	('592af63d-460d-46f4-ade7-22796e1a11fa', '2ad325bb-c11c-4019-b2bb-2887550b27d1', '4e6bb0ee-b5e4-493c-9a4f-137de0fc7237', 'Skrzynki / rozdzielnice', '—', 'Rozdzielnica nr 2', 'Rozdzielnica nr 2 AC 3-faz', 'kpl.', 1, 605, 850, 23, NULL, NULL, NULL, false, 6, '2026-05-03 10:53:29.387891+00', '2026-05-03 10:53:29.387891+00'),
	('5523ec4f-38b2-4944-9e27-302c5defa571', '405963fd-032e-4375-a278-be94d6fee003', '04c3419a-6e8d-46a9-8ff2-737aff75167e', 'Skrzynki / rozdzielnice', '—', 'Rozdzielnica nr 5', 'Rozdzielnica nr 5 DC 2x String T1+T2', 'kpl.', 1, 703, 980, 23, NULL, NULL, NULL, false, 4, '2026-05-02 14:14:07.614409+00', '2026-05-02 14:14:07.614409+00'),
	('9a45a7a3-6e06-4ae7-87f7-cce87ecaf572', '405963fd-032e-4375-a278-be94d6fee003', '7067c028-a28d-4608-8ab4-4c010549881d', 'Dodatkowe usługi', 'METICAL', 'Mój Prąd 6.0', 'Pomoc z wnioskiem Mój Prąd 6.0', 'kpl.', 1, 0, 0, 23, NULL, NULL, NULL, false, 5, '2026-05-02 14:14:07.614409+00', '2026-05-02 14:14:07.614409+00'),
	('e5b093b0-933d-42b0-8d92-89f819bab42b', '405963fd-032e-4375-a278-be94d6fee003', '475b15fd-038a-47bc-a859-74270bc40660', 'Dodatkowe usługi', '—', 'Montaż PV', 'Montaż instalacji PV', 'kpl.', 1, 3000, 5500, 23, NULL, NULL, NULL, false, 6, '2026-05-02 14:14:07.614409+00', '2026-05-02 14:14:07.614409+00'),
	('9d619b8d-8c50-48ad-842a-8fce4ddb525e', '89761643-4f08-4fcd-8b8b-06021f20c5d6', '9e58408a-be3f-4d59-923d-8ba402711d44', 'Konstrukcje montażowe', '—', 'dachówka', 'Konstrukcja montażowa - dachówka', 'szt.', 1, 110, 132, 23, NULL, NULL, NULL, false, 0, '2026-05-03 10:29:31.176692+00', '2026-05-03 10:29:31.176692+00'),
	('41c9b2f8-f5b7-4339-888e-58128aad96bf', '89761643-4f08-4fcd-8b8b-06021f20c5d6', '04c3419a-6e8d-46a9-8ff2-737aff75167e', 'Skrzynki / rozdzielnice', '—', 'Rozdzielnica nr 5', 'Rozdzielnica nr 5 DC 2x String T1+T2', 'kpl.', 1, 703, 980, 23, NULL, NULL, NULL, false, 1, '2026-05-03 10:29:31.176692+00', '2026-05-03 10:29:31.176692+00'),
	('f9a10b8b-9b3d-4380-af2a-21b425d60df4', '89761643-4f08-4fcd-8b8b-06021f20c5d6', '60264376-ffda-4d39-b9eb-f598df7ad73e', 'Falowniki', 'Deye', 'SUN-20K-SG05LP3-EU-SM2', 'Deye 20kW Hybrydowy 3-faz', 'szt.', 1, 8650, 11245, 23, NULL, NULL, NULL, false, 2, '2026-05-03 10:29:31.176692+00', '2026-05-03 10:29:31.176692+00'),
	('e377b41e-49e1-4529-a1bf-f0170df7e32d', '89761643-4f08-4fcd-8b8b-06021f20c5d6', 'c3dbb2e8-2260-415c-85f8-c09c56ba060d', 'Moduły fotowoltaiczne', 'Jinko Solar', 'JKM590N-72HL4-BDV', 'Jinko Solar 590W Bifacial srebrna rama', 'szt.', 1, 324.39, 389.27, 23, 590, NULL, NULL, false, 3, '2026-05-03 10:29:31.176692+00', '2026-05-03 10:29:31.176692+00'),
	('43570f93-91d4-4c72-9071-9ab557cdf848', '89761643-4f08-4fcd-8b8b-06021f20c5d6', 'e1bfca5a-0fd6-43be-8e42-6328a6d78e30', 'Dodatkowe usługi', 'METICAL', 'Uziemienie PV', 'Wykonanie uziemienia instalacji PV lub wpięcie się do istniejącego uziemienia', 'kpl.', 1, 0, 0, 23, NULL, NULL, NULL, false, 4, '2026-05-03 10:29:31.176692+00', '2026-05-03 10:29:31.176692+00'),
	('0c9add93-27bc-4252-a45f-9bb12cb836cd', '89761643-4f08-4fcd-8b8b-06021f20c5d6', 'ecbe1ef2-c71d-47f2-a324-3207d597c0f6', 'Dodatkowe usługi', '—', 'Montaż magazynu', 'Montaż magazynu energii', 'kpl.', 1, 1500, 2500, 23, NULL, NULL, NULL, false, 5, '2026-05-03 10:29:31.176692+00', '2026-05-03 10:29:31.176692+00'),
	('cd8e1dff-7cb1-4114-aaae-cba4e963f1a7', '89761643-4f08-4fcd-8b8b-06021f20c5d6', '60264376-ffda-4d39-b9eb-f598df7ad73e', 'Falowniki', 'Deye', 'SUN-20K-SG05LP3-EU-SM2', 'Deye 20kW Hybrydowy 3-faz', 'szt.', 1, 8650, 11245, 23, NULL, NULL, NULL, false, 6, '2026-05-03 10:29:31.176692+00', '2026-05-03 10:29:31.176692+00'),
	('ff62cfc0-e1e4-4b2f-8063-379bd269b850', '89761643-4f08-4fcd-8b8b-06021f20c5d6', '76df8075-557b-448c-a232-82b9542f8e01', 'Materiały pomocnicze', 'Stäubli', 'MC4-Evo2', 'Złącze MC4 (para)', 'kpl.', 1, 12, 18, 23, NULL, NULL, NULL, false, 7, '2026-05-03 10:29:31.176692+00', '2026-05-03 10:29:31.176692+00'),
	('fdb69863-d162-4b85-9f9a-dc8bc548280a', '2ad325bb-c11c-4019-b2bb-2887550b27d1', 'c3dbb2e8-2260-415c-85f8-c09c56ba060d', 'Moduły fotowoltaiczne', 'Jinko Solar', 'JKM590N-72HL4-BDV', 'Jinko Solar 590W Bifacial srebrna rama', 'szt.', 19, 324.39, 389.27, 23, 590, NULL, NULL, false, 0, '2026-05-03 10:53:29.387891+00', '2026-05-03 10:53:29.387891+00'),
	('09a51698-9ee1-43ad-ad16-7f5b131c46fd', '2ad325bb-c11c-4019-b2bb-2887550b27d1', '1ef8a667-8ce2-418d-b284-ac1685fc3d38', 'Konstrukcje montażowe', '—', 'blachodachówka', 'Konstrukcja montażowa - blachodachówka', 'szt.', 19, 90, 108, 23, NULL, NULL, NULL, false, 1, '2026-05-03 10:53:29.387891+00', '2026-05-03 10:53:29.387891+00'),
	('c77e1f75-ed16-480a-8b6e-c47edfa0475a', '2ad325bb-c11c-4019-b2bb-2887550b27d1', '13613b47-01b9-4b42-9789-97b3cf19f88b', 'Falowniki', 'Deye', 'SUN-10K-SG05LP3-EU-SM2', 'Deye 10kW Hybrydowy 3-faz', 'szt.', 1, 5440, 7070, 23, NULL, NULL, NULL, false, 2, '2026-05-03 10:53:29.387891+00', '2026-05-03 10:53:29.387891+00'),
	('3bc0eefb-61cb-4c43-a940-63d5021290c1', '2ad325bb-c11c-4019-b2bb-2887550b27d1', '84534c2e-d320-48eb-96ea-8f4d3efce1b1', 'Magazyny energii', 'Felicity', 'FLA48460', 'Felicity 23.6 kWh LV', 'szt.', 1, 9400, 12220, 23, NULL, 23.6, NULL, false, 3, '2026-05-03 10:53:29.387891+00', '2026-05-03 10:53:29.387891+00'),
	('7afa2d74-6fb5-499d-b367-960860a83a2d', '2ad325bb-c11c-4019-b2bb-2887550b27d1', '76df8075-557b-448c-a232-82b9542f8e01', 'Materiały pomocnicze', 'Stäubli', 'MC4-Evo2', 'Złącze MC4 (para)', 'kpl.', 1, 12, 18, 23, NULL, NULL, NULL, false, 4, '2026-05-03 10:53:29.387891+00', '2026-05-03 10:53:29.387891+00'),
	('6540138a-23cc-47c2-b6bc-c0d46b14b454', '2ad325bb-c11c-4019-b2bb-2887550b27d1', 'c33a0b27-4c44-49ca-bac7-d330f56235fe', 'Skrzynki / rozdzielnice', '—', 'Rozdzielnica nr 3', 'Rozdzielnica nr 3 DC 1x String T1+T2', 'kpl.', 1, 645, 900, 23, NULL, NULL, NULL, false, 5, '2026-05-03 10:53:29.387891+00', '2026-05-03 10:53:29.387891+00'),
	('437c1449-ef8e-4e3e-98e8-c32dc5a09908', '5824b906-f00d-4c20-9284-ac7640bb2ac9', 'ebe2f557-da52-4a6f-b260-d5da443ecab0', 'Moduły fotowoltaiczne', 'Leapton', 'LP182*182-M-60-NB-500W', 'Leapton 500W Full Black Bifacial', 'szt.', 21, 279, 334.8, 23, 500, NULL, NULL, false, 0, '2026-05-02 16:24:29.562845+00', '2026-05-02 16:24:29.562845+00'),
	('50a2a650-e03b-42fc-9b03-84eb6c78eadc', '5824b906-f00d-4c20-9284-ac7640bb2ac9', '1ef8a667-8ce2-418d-b284-ac1685fc3d38', 'Konstrukcje montażowe', '—', 'blachodachówka', 'Konstrukcja montażowa - blachodachówka', 'szt.', 20, 90, 108, 23, NULL, NULL, NULL, false, 1, '2026-05-02 16:24:29.562845+00', '2026-05-02 16:24:29.562845+00'),
	('5ca50b31-9883-4eb3-a708-0f41b10f059b', '5824b906-f00d-4c20-9284-ac7640bb2ac9', '13613b47-01b9-4b42-9789-97b3cf19f88b', 'Falowniki', 'Deye', 'SUN-10K-SG05LP3-EU-SM2', 'Deye 10kW Hybrydowy 3-faz', 'szt.', 1, 5440, 7070, 23, NULL, NULL, NULL, false, 2, '2026-05-02 16:24:29.562845+00', '2026-05-02 16:24:29.562845+00'),
	('e9b5a0be-346d-4f96-a9f1-285e115b9caf', '5824b906-f00d-4c20-9284-ac7640bb2ac9', '84534c2e-d320-48eb-96ea-8f4d3efce1b1', 'Magazyny energii', 'Felicity', 'FLA48460', 'Felicity 23.6 kWh LV', 'szt.', 1, 9400, 12220, 23, NULL, 23.6, NULL, false, 3, '2026-05-02 16:24:29.562845+00', '2026-05-02 16:24:29.562845+00'),
	('866a4d6c-1d4f-498d-b2d0-857d5834a72d', '5824b906-f00d-4c20-9284-ac7640bb2ac9', '76df8075-557b-448c-a232-82b9542f8e01', 'Materiały pomocnicze', 'Stäubli', 'MC4-Evo2', 'Złącze MC4 (para)', 'kpl.', 1, 12, 18, 23, NULL, NULL, NULL, false, 4, '2026-05-02 16:24:29.562845+00', '2026-05-02 16:24:29.562845+00'),
	('4db9778a-6785-4b8b-84b3-7c38c3c0d793', '5824b906-f00d-4c20-9284-ac7640bb2ac9', '04c3419a-6e8d-46a9-8ff2-737aff75167e', 'Skrzynki / rozdzielnice', '—', 'Rozdzielnica nr 5', 'Rozdzielnica nr 5 DC 2x String T1+T2', 'kpl.', 1, 703, 980, 23, NULL, NULL, NULL, false, 5, '2026-05-02 16:24:29.562845+00', '2026-05-02 16:24:29.562845+00'),
	('a32aafb4-e99c-42f7-9fef-66db689df729', '5824b906-f00d-4c20-9284-ac7640bb2ac9', '4e6bb0ee-b5e4-493c-9a4f-137de0fc7237', 'Skrzynki / rozdzielnice', '—', 'Rozdzielnica nr 2', 'Rozdzielnica nr 2 AC 3-faz', 'kpl.', 1, 605, 850, 23, NULL, NULL, NULL, false, 6, '2026-05-02 16:24:29.562845+00', '2026-05-02 16:24:29.562845+00'),
	('a47d8ab3-8a42-425c-bb8f-50284733c29d', '5824b906-f00d-4c20-9284-ac7640bb2ac9', '475b15fd-038a-47bc-a859-74270bc40660', 'Dodatkowe usługi', '—', 'Montaż PV', 'Montaż instalacji PV', 'kpl.', 1, 3000, 5500, 23, NULL, NULL, NULL, false, 7, '2026-05-02 16:24:29.562845+00', '2026-05-02 16:24:29.562845+00'),
	('97d87259-25ae-4b0b-9f55-0d91fe49e614', '5824b906-f00d-4c20-9284-ac7640bb2ac9', 'ecbe1ef2-c71d-47f2-a324-3207d597c0f6', 'Dodatkowe usługi', '—', 'Montaż magazynu', 'Montaż magazynu energii', 'kpl.', 1, 1500, 2500, 23, NULL, NULL, NULL, false, 8, '2026-05-02 16:24:29.562845+00', '2026-05-02 16:24:29.562845+00'),
	('12c1c9b2-df58-4c72-924c-a1c026c4ea2f', '8cd5c8ee-7a60-40ed-bd9a-c3b9b9e8a15a', 'c3dbb2e8-2260-415c-85f8-c09c56ba060d', 'Moduły fotowoltaiczne', 'Jinko Solar', 'JKM590N-72HL4-BDV', 'Jinko Solar 590W Bifacial srebrna rama', 'szt.', 20, 324.39, 389.27, 23, 590, NULL, NULL, false, 0, '2026-05-02 20:16:00.027381+00', '2026-05-02 20:16:00.027381+00'),
	('eda90758-7541-4f6d-86b8-e4156677b5a0', '8cd5c8ee-7a60-40ed-bd9a-c3b9b9e8a15a', '9e58408a-be3f-4d59-923d-8ba402711d44', 'Konstrukcje montażowe', '—', 'dachówka', 'Konstrukcja montażowa - dachówka', 'szt.', 20, 110, 132, 23, NULL, NULL, NULL, false, 1, '2026-05-02 20:16:00.027381+00', '2026-05-02 20:16:00.027381+00'),
	('6779c89e-ca7b-445e-af07-5204ca3ecfa3', '8cd5c8ee-7a60-40ed-bd9a-c3b9b9e8a15a', '393d7d75-5dbb-4144-b061-8327fcfba5f6', 'Falowniki', 'Deye', 'SUN-15K-SG05LP3-EU-SM2', 'Deye 15kW Hybrydowy 3-faz', 'szt.', 1, 6450, 8385, 23, NULL, NULL, NULL, false, 2, '2026-05-02 20:16:00.027381+00', '2026-05-02 20:16:00.027381+00'),
	('a55624c4-0ddc-4cf8-88e3-e96f4d27bb79', '8cd5c8ee-7a60-40ed-bd9a-c3b9b9e8a15a', '41731938-dd50-42ee-b0a2-80cfb2f95ab5', 'Materiały pomocnicze', 'Weidmüller', 'PV-Stick', 'Kabel solarny 6mm² (czarny)', 'mb', 1, 4.5, 7, 23, NULL, NULL, NULL, false, 3, '2026-05-02 20:16:00.027381+00', '2026-05-02 20:16:00.027381+00'),
	('67aff77f-a092-4073-8bb7-c1669c0a96bb', '8cd5c8ee-7a60-40ed-bd9a-c3b9b9e8a15a', '7f750947-df56-49ea-bace-b0d8857c7795', 'Skrzynki / rozdzielnice', '—', 'Rozdzielnica nr 4', 'Rozdzielnica nr 4 DC 1x String T2', 'kpl.', 1, 767, 1070, 23, NULL, NULL, NULL, false, 4, '2026-05-02 20:16:00.027381+00', '2026-05-02 20:16:00.027381+00'),
	('a93fd211-6918-4c99-9970-f8ec1ad7500e', '8cd5c8ee-7a60-40ed-bd9a-c3b9b9e8a15a', 'e1bfca5a-0fd6-43be-8e42-6328a6d78e30', 'Dodatkowe usługi', 'METICAL', 'Uziemienie PV', 'Wykonanie uziemienia instalacji PV lub wpięcie się do istniejącego uziemienia', 'kpl.', 1, 0, 0, 23, NULL, NULL, NULL, false, 5, '2026-05-02 20:16:00.027381+00', '2026-05-02 20:16:00.027381+00'),
	('91ed2a4c-082d-4b66-9009-819b3c9db1df', '473e24e7-c1ae-4018-a924-1865ffdf970c', 'c3dbb2e8-2260-415c-85f8-c09c56ba060d', 'Moduły fotowoltaiczne', 'Jinko Solar', 'JKM590N-72HL4-BDV', 'Jinko Solar 590W Bifacial srebrna rama', 'szt.', 1, 324.39, 389.27, 23, 590, NULL, NULL, false, 0, '2026-05-02 20:22:54.102514+00', '2026-05-02 20:22:54.102514+00'),
	('04f4483d-43e7-425e-aa4d-02c260ac1bda', '473e24e7-c1ae-4018-a924-1865ffdf970c', '9e58408a-be3f-4d59-923d-8ba402711d44', 'Konstrukcje montażowe', '—', 'dachówka', 'Konstrukcja montażowa - dachówka', 'szt.', 1, 110, 132, 23, NULL, NULL, NULL, false, 1, '2026-05-02 20:22:54.102514+00', '2026-05-02 20:22:54.102514+00'),
	('a4bbed74-d5f9-4707-99d6-b84fdb61e22e', '473e24e7-c1ae-4018-a924-1865ffdf970c', 'b4a72813-a47a-47c2-938d-ac5447945c1b', 'Falowniki', 'Deye', 'SUN-5K-SG05LP3-EU-SM2', 'Deye 5kW Hybrydowy 3-faz', 'szt.', 1, 4985, 6480, 23, NULL, NULL, NULL, false, 2, '2026-05-02 20:22:54.102514+00', '2026-05-02 20:22:54.102514+00'),
	('1d70f7ad-9797-4337-86a8-96088169b7fb', '473e24e7-c1ae-4018-a924-1865ffdf970c', 'e203fa26-9047-4ebe-986c-80db1993ff8d', 'Dodatkowe usługi', '—', 'Projekt', 'Projekt techniczny', 'kpl.', 1, 500, 1200, 23, NULL, NULL, NULL, false, 3, '2026-05-02 20:22:54.102514+00', '2026-05-02 20:22:54.102514+00'),
	('58fe2318-dd27-442d-ba91-96ba188ab25e', '473e24e7-c1ae-4018-a924-1865ffdf970c', 'ecbe1ef2-c71d-47f2-a324-3207d597c0f6', 'Dodatkowe usługi', '—', 'Montaż magazynu', 'Montaż magazynu energii', 'kpl.', 1, 1500, 2500, 23, NULL, NULL, NULL, false, 4, '2026-05-02 20:22:54.102514+00', '2026-05-02 20:22:54.102514+00'),
	('74219c41-0008-4abd-9229-acf7f1c31452', '473e24e7-c1ae-4018-a924-1865ffdf970c', '7f750947-df56-49ea-bace-b0d8857c7795', 'Skrzynki / rozdzielnice', '—', 'Rozdzielnica nr 4', 'Rozdzielnica nr 4 DC 1x String T2', 'kpl.', 1, 767, 1070, 23, NULL, NULL, NULL, false, 5, '2026-05-02 20:22:54.102514+00', '2026-05-02 20:22:54.102514+00'),
	('ac40d133-f84a-47bf-a8bc-d7251f15fd72', '473e24e7-c1ae-4018-a924-1865ffdf970c', '41731938-dd50-42ee-b0a2-80cfb2f95ab5', 'Materiały pomocnicze', 'Weidmüller', 'PV-Stick', 'Kabel solarny 6mm² (czarny)', 'mb', 1, 4.5, 7, 23, NULL, NULL, NULL, false, 6, '2026-05-02 20:22:54.102514+00', '2026-05-02 20:22:54.102514+00'),
	('4babc383-b7bd-41ec-a656-d2dfb57b46f9', 'da232f5e-92cc-441c-8f3f-01b6b889712a', 'ebe2f557-da52-4a6f-b260-d5da443ecab0', 'Moduły fotowoltaiczne', 'Leapton', 'LP182*182-M-60-NB-500W', 'Leapton 500W Full Black Bifacial', 'szt.', 20, 279, 334.8, 23, 500, NULL, NULL, false, 0, '2026-05-02 21:45:28.553165+00', '2026-05-02 21:45:28.553165+00'),
	('892b7d18-7656-42de-a6f7-b7e132b82e8d', 'da232f5e-92cc-441c-8f3f-01b6b889712a', '1ef8a667-8ce2-418d-b284-ac1685fc3d38', 'Konstrukcje montażowe', '—', 'blachodachówka', 'Konstrukcja montażowa - blachodachówka', 'szt.', 20, 90, 108, 23, NULL, NULL, NULL, false, 1, '2026-05-02 21:45:28.553165+00', '2026-05-02 21:45:28.553165+00'),
	('aa8c36dd-17ec-49d2-87b2-4f2c6f779304', 'da232f5e-92cc-441c-8f3f-01b6b889712a', '13613b47-01b9-4b42-9789-97b3cf19f88b', 'Falowniki', 'Deye', 'SUN-10K-SG05LP3-EU-SM2', 'Deye 10kW Hybrydowy 3-faz', 'szt.', 1, 5440, 7070, 23, NULL, NULL, NULL, false, 2, '2026-05-02 21:45:28.553165+00', '2026-05-02 21:45:28.553165+00'),
	('03ffe9e2-f159-4cac-af48-e2da4490c864', 'da232f5e-92cc-441c-8f3f-01b6b889712a', '84534c2e-d320-48eb-96ea-8f4d3efce1b1', 'Magazyny energii', 'Felicity', 'FLA48460', 'Felicity 23.6 kWh LV', 'szt.', 1, 9400, 12220, 23, NULL, 23.6, NULL, false, 3, '2026-05-02 21:45:28.553165+00', '2026-05-02 21:45:28.553165+00'),
	('680b4602-4688-46db-a7c4-fa9bee245e3e', 'da232f5e-92cc-441c-8f3f-01b6b889712a', '76df8075-557b-448c-a232-82b9542f8e01', 'Materiały pomocnicze', 'Stäubli', 'MC4-Evo2', 'Złącze MC4 (para)', 'kpl.', 1, 12, 18, 23, NULL, NULL, NULL, false, 4, '2026-05-02 21:45:28.553165+00', '2026-05-02 21:45:28.553165+00'),
	('7d608595-77f2-45b3-a4fa-6e5636f1047a', 'da232f5e-92cc-441c-8f3f-01b6b889712a', '04c3419a-6e8d-46a9-8ff2-737aff75167e', 'Skrzynki / rozdzielnice', '—', 'Rozdzielnica nr 5', 'Rozdzielnica nr 5 DC 2x String T1+T2', 'kpl.', 1, 703, 980, 23, NULL, NULL, NULL, false, 5, '2026-05-02 21:45:28.553165+00', '2026-05-02 21:45:28.553165+00'),
	('05579ce4-f743-4423-8c02-76536ec3abe4', 'da232f5e-92cc-441c-8f3f-01b6b889712a', '475b15fd-038a-47bc-a859-74270bc40660', 'Dodatkowe usługi', '—', 'Montaż PV', 'Montaż instalacji PV', 'kpl.', 1, 3000, 5500, 23, NULL, NULL, NULL, false, 6, '2026-05-02 21:45:28.553165+00', '2026-05-02 21:45:28.553165+00'),
	('1ce7180d-31a9-4bc3-99f4-5746be15817c', 'da232f5e-92cc-441c-8f3f-01b6b889712a', 'ecbe1ef2-c71d-47f2-a324-3207d597c0f6', 'Dodatkowe usługi', '—', 'Montaż magazynu', 'Montaż magazynu energii', 'kpl.', 1, 1500, 2500, 23, NULL, NULL, NULL, false, 7, '2026-05-02 21:45:28.553165+00', '2026-05-02 21:45:28.553165+00'),
	('d75b68b4-e064-4278-9f6c-1e5749db190d', 'da232f5e-92cc-441c-8f3f-01b6b889712a', 'e203fa26-9047-4ebe-986c-80db1993ff8d', 'Dodatkowe usługi', '—', 'Projekt', 'Projekt techniczny', 'kpl.', 1, 500, 1200, 23, NULL, NULL, NULL, false, 8, '2026-05-02 21:45:28.553165+00', '2026-05-02 21:45:28.553165+00'),
	('320dfe76-46f3-4002-ac3a-e510bf758846', 'da232f5e-92cc-441c-8f3f-01b6b889712a', 'e1bfca5a-0fd6-43be-8e42-6328a6d78e30', 'Dodatkowe usługi', 'METICAL', 'Uziemienie PV', 'Wykonanie uziemienia instalacji PV lub wpięcie się do istniejącego uziemienia', 'kpl.', 1, 0, 0, 23, NULL, NULL, NULL, false, 9, '2026-05-02 21:45:28.553165+00', '2026-05-02 21:45:28.553165+00'),
	('f284b263-0227-4245-8680-0742780ac583', 'da232f5e-92cc-441c-8f3f-01b6b889712a', '7dea43c8-6479-475f-be66-c1178c3ddecb', 'Dodatkowe usługi', 'METICAL', 'Zgłoszenie ZE', 'Zgłoszenie do zakładu energetycznego', 'kpl.', 1, 0, 0, 23, NULL, NULL, NULL, false, 10, '2026-05-02 21:45:28.553165+00', '2026-05-02 21:45:28.553165+00'),
	('a16b1975-06a2-47f4-8d88-d57f517023f6', 'da232f5e-92cc-441c-8f3f-01b6b889712a', '5677b2be-fd02-41be-b7a5-c3056fe07adb', 'Backup', 'METICAL', 'Backup', 'System backup zasilania awaryjnego', 'kpl.', 1, 0, 0, 23, NULL, NULL, NULL, false, 11, '2026-05-02 21:45:28.553165+00', '2026-05-02 21:45:28.553165+00'),
	('ded07935-97df-4a75-a5c3-9a9143a48e23', 'da232f5e-92cc-441c-8f3f-01b6b889712a', '31fea10b-9a49-4fb2-a5f9-6ea46d8bb027', 'Wyłącznik ppoż.', 'METICAL', 'PPOŻ do 10 kW', 'Wyłącznik ppoż. do 10 kW', 'kpl.', 1, 0, 0, 23, NULL, NULL, NULL, false, 12, '2026-05-02 21:45:28.553165+00', '2026-05-02 21:45:28.553165+00'),
	('84322a72-a223-458f-9ec4-97d4e839fabd', '2ad325bb-c11c-4019-b2bb-2887550b27d1', 'ecbe1ef2-c71d-47f2-a324-3207d597c0f6', 'Dodatkowe usługi', '—', 'Montaż magazynu', 'Montaż magazynu energii', 'kpl.', 1, 1500, 2500, 23, NULL, NULL, NULL, false, 7, '2026-05-03 10:53:29.387891+00', '2026-05-03 10:53:29.387891+00'),
	('dc8eda6c-f48b-49fb-8631-9aec407f31a3', '2ad325bb-c11c-4019-b2bb-2887550b27d1', '5677b2be-fd02-41be-b7a5-c3056fe07adb', 'Backup', 'METICAL', 'Backup', 'System backup zasilania awaryjnego', 'kpl.', 1, 0, 0, 23, NULL, NULL, NULL, false, 8, '2026-05-03 10:53:29.387891+00', '2026-05-03 10:53:29.387891+00'),
	('61503ae0-4b89-4ac4-a136-9cf0a831087f', '2ad325bb-c11c-4019-b2bb-2887550b27d1', 'ce071a45-9337-43d0-baa8-3d4a32c86317', 'Wyłącznik ppoż.', 'METICAL', 'PPOŻ 10–20 kW', 'Wyłącznik ppoż. 10–20 kW', 'kpl.', 1, 0, 0, 23, NULL, NULL, NULL, false, 9, '2026-05-03 10:53:29.387891+00', '2026-05-03 10:53:29.387891+00'),
	('f5a4483f-f512-4f54-ac54-2b5e7018e5f3', '69493023-a40c-40ed-90b5-56cf8c5669eb', 'ebe2f557-da52-4a6f-b260-d5da443ecab0', 'Moduły fotowoltaiczne', 'Leapton', 'LP182*182-M-60-NB-500W', 'Leapton 500W Full Black Bifacial', 'szt.', 20, 279, 334.8, 23, 500, NULL, NULL, false, 0, '2026-05-03 11:01:21.48072+00', '2026-05-03 11:01:21.48072+00'),
	('746703b3-3f85-4c12-89df-ac2448dd255d', '69493023-a40c-40ed-90b5-56cf8c5669eb', '1ef8a667-8ce2-418d-b284-ac1685fc3d38', 'Konstrukcje montażowe', '—', 'blachodachówka', 'Konstrukcja montażowa - blachodachówka', 'szt.', 20, 90, 108, 23, NULL, NULL, NULL, false, 1, '2026-05-03 11:01:21.48072+00', '2026-05-03 11:01:21.48072+00'),
	('c81bded5-8ee2-4cb2-9c0f-ea501b635045', '69493023-a40c-40ed-90b5-56cf8c5669eb', '13613b47-01b9-4b42-9789-97b3cf19f88b', 'Falowniki', 'Deye', 'SUN-10K-SG05LP3-EU-SM2', 'Deye 10kW Hybrydowy 3-faz', 'szt.', 1, 5440, 7070, 23, NULL, NULL, NULL, false, 2, '2026-05-03 11:01:21.48072+00', '2026-05-03 11:01:21.48072+00'),
	('120691dc-3e53-498c-9e1e-123d3fd5f4a4', '69493023-a40c-40ed-90b5-56cf8c5669eb', '76df8075-557b-448c-a232-82b9542f8e01', 'Materiały pomocnicze', 'Stäubli', 'MC4-Evo2', 'Złącze MC4 (para)', 'kpl.', 1, 12, 18, 23, NULL, NULL, NULL, false, 3, '2026-05-03 11:01:21.48072+00', '2026-05-03 11:01:21.48072+00'),
	('23442850-857a-4383-892d-3215298741e1', '3cbbdd43-339e-4524-93e2-f4f8378718d8', 'ebe2f557-da52-4a6f-b260-d5da443ecab0', 'Moduły fotowoltaiczne', 'Leapton', 'LP182*182-M-60-NB-500W', 'Leapton 500W Full Black Bifacial', 'szt.', 20, 279, 334.8, 23, 500, NULL, NULL, false, 0, '2026-05-04 07:38:23.1471+00', '2026-05-04 07:38:23.1471+00'),
	('ad4833dc-db46-40a8-a8af-896936edab00', '3cbbdd43-339e-4524-93e2-f4f8378718d8', '1ef8a667-8ce2-418d-b284-ac1685fc3d38', 'Konstrukcje montażowe', '—', 'blachodachówka', 'Konstrukcja montażowa - blachodachówka', 'szt.', 20, 90, 108, 23, NULL, NULL, NULL, false, 1, '2026-05-04 07:38:23.1471+00', '2026-05-04 07:38:23.1471+00'),
	('168cce10-94a9-4853-b61e-f5bb842804da', '3cbbdd43-339e-4524-93e2-f4f8378718d8', '13613b47-01b9-4b42-9789-97b3cf19f88b', 'Falowniki', 'Deye', 'SUN-10K-SG05LP3-EU-SM2', 'Deye 10kW Hybrydowy 3-faz', 'szt.', 1, 5440, 7070, 23, NULL, NULL, NULL, false, 2, '2026-05-04 07:38:23.1471+00', '2026-05-04 07:38:23.1471+00'),
	('3f233363-2457-4f41-983d-41154792e74d', '3cbbdd43-339e-4524-93e2-f4f8378718d8', '84534c2e-d320-48eb-96ea-8f4d3efce1b1', 'Magazyny energii', 'Felicity', 'FLA48460', 'Felicity 23.6 kWh LV', 'szt.', 1, 9400, 12220, 23, NULL, 23.6, NULL, false, 3, '2026-05-04 07:38:23.1471+00', '2026-05-04 07:38:23.1471+00'),
	('c6815601-89db-442d-97a9-eacdc0711470', '3cbbdd43-339e-4524-93e2-f4f8378718d8', '76df8075-557b-448c-a232-82b9542f8e01', 'Materiały pomocnicze', 'Stäubli', 'MC4-Evo2', 'Złącze MC4 (para)', 'kpl.', 1, 12, 18, 23, NULL, NULL, NULL, false, 4, '2026-05-04 07:38:23.1471+00', '2026-05-04 07:38:23.1471+00'),
	('11583251-784f-469c-8b5d-b359126dda11', '3cbbdd43-339e-4524-93e2-f4f8378718d8', '04c3419a-6e8d-46a9-8ff2-737aff75167e', 'Skrzynki / rozdzielnice', '—', 'Rozdzielnica nr 5', 'Rozdzielnica nr 5 DC 2x String T1+T2', 'kpl.', 1, 703, 980, 23, NULL, NULL, NULL, false, 5, '2026-05-04 07:38:23.1471+00', '2026-05-04 07:38:23.1471+00'),
	('71500de6-6e05-4887-b5b4-6d6aeee18fc6', '3cbbdd43-339e-4524-93e2-f4f8378718d8', '4e6bb0ee-b5e4-493c-9a4f-137de0fc7237', 'Skrzynki / rozdzielnice', '—', 'Rozdzielnica nr 2', 'Rozdzielnica nr 2 AC 3-faz', 'kpl.', 1, 605, 850, 23, NULL, NULL, NULL, false, 6, '2026-05-04 07:38:23.1471+00', '2026-05-04 07:38:23.1471+00'),
	('3fc18982-39cc-41d5-85ba-bbde5659cba0', '3cbbdd43-339e-4524-93e2-f4f8378718d8', '475b15fd-038a-47bc-a859-74270bc40660', 'Dodatkowe usługi', '—', 'Montaż PV', 'Montaż instalacji PV', 'kpl.', 1, 3000, 5500, 23, NULL, NULL, NULL, false, 7, '2026-05-04 07:38:23.1471+00', '2026-05-04 07:38:23.1471+00'),
	('a9424c55-1ae9-451b-88e5-1928e1e340c3', '3cbbdd43-339e-4524-93e2-f4f8378718d8', 'ecbe1ef2-c71d-47f2-a324-3207d597c0f6', 'Dodatkowe usługi', '—', 'Montaż magazynu', 'Montaż magazynu energii', 'kpl.', 1, 1500, 2500, 23, NULL, NULL, NULL, false, 8, '2026-05-04 07:38:23.1471+00', '2026-05-04 07:38:23.1471+00'),
	('fee48fe7-2fd9-4ad6-894f-f4440b3d086d', '3cbbdd43-339e-4524-93e2-f4f8378718d8', '5677b2be-fd02-41be-b7a5-c3056fe07adb', 'Backup', 'METICAL', 'Backup', 'System backup zasilania awaryjnego', 'kpl.', 1, 0, 0, 23, NULL, NULL, NULL, false, 9, '2026-05-04 07:38:23.1471+00', '2026-05-04 07:38:23.1471+00'),
	('ec96c512-a5b2-4e99-92ba-7b169ec143f1', '3cbbdd43-339e-4524-93e2-f4f8378718d8', 'ce071a45-9337-43d0-baa8-3d4a32c86317', 'Wyłącznik ppoż.', 'METICAL', 'PPOŻ 10–20 kW', 'Wyłącznik ppoż. 10–20 kW', 'kpl.', 1, 0, 0, 23, NULL, NULL, NULL, false, 10, '2026-05-04 07:38:23.1471+00', '2026-05-04 07:38:23.1471+00'),
	('3f5958d2-29e5-4da2-bc5c-04ea62298376', '3cbbdd43-339e-4524-93e2-f4f8378718d8', 'e1bfca5a-0fd6-43be-8e42-6328a6d78e30', 'Dodatkowe usługi', 'METICAL', 'Uziemienie PV', 'Wykonanie uziemienia instalacji PV lub wpięcie się do istniejącego uziemienia', 'kpl.', 1, 0, 0, 23, NULL, NULL, NULL, false, 11, '2026-05-04 07:38:23.1471+00', '2026-05-04 07:38:23.1471+00'),
	('8f753ee5-c05c-450b-bcbc-007138a9f185', '3cbbdd43-339e-4524-93e2-f4f8378718d8', '7dea43c8-6479-475f-be66-c1178c3ddecb', 'Dodatkowe usługi', 'METICAL', 'Zgłoszenie ZE', 'Zgłoszenie do zakładu energetycznego', 'kpl.', 1, 0, 0, 23, NULL, NULL, NULL, false, 12, '2026-05-04 07:38:23.1471+00', '2026-05-04 07:38:23.1471+00');


--
-- Data for Name: pv_offer_number_counters; Type: TABLE DATA; Schema: public; Owner: postgres
--

INSERT INTO "public"."pv_offer_number_counters" ("year", "last_number") VALUES
	(2026, 18);


--
-- Data for Name: task_comments; Type: TABLE DATA; Schema: public; Owner: postgres
--

INSERT INTO "public"."task_comments" ("id", "task_id", "author_id", "body", "created_at") VALUES
	('171e9654-80da-4d66-beb7-a7fbd3c4fc7e', '37e90303-900d-4609-8231-5445e8647f61', '5c5638be-d29c-4726-9816-c1ae4e4e4f1e', 'Hej', '2026-04-29 17:45:43.117475+00'),
	('7b72e44e-9eff-46fd-9cc9-44e5c6ce0589', '5a624a63-a8c4-4c29-8798-b459e078c05c', 'c01f1de2-6b07-4375-b34a-3c861a2ec31a', 'Ale już', '2026-04-30 12:37:19.003666+00'),
	('15009698-63e5-4e47-80a1-a46f9784ef6f', '5a624a63-a8c4-4c29-8798-b459e078c05c', 'c01f1de2-6b07-4375-b34a-3c861a2ec31a', 'Natychmiast', '2026-04-30 12:37:27.998259+00'),
	('752cf18a-2b9c-4bf2-ae64-dd4e0d38d452', '2204512d-b436-46e5-8b85-148222d518fc', '9012ec6c-b061-45ff-be1b-c96018f5b251', 'Ok', '2026-04-30 13:15:31.212605+00'),
	('5bb2ff40-2195-4096-ac11-4f3565c6392b', '2204512d-b436-46e5-8b85-148222d518fc', '5c5638be-d29c-4726-9816-c1ae4e4e4f1e', 'Hi', '2026-04-30 13:30:02.266981+00'),
	('8c2c7f57-3fc4-454a-bf72-1015a42524e8', 'f2171668-b7f4-4881-a939-d2c582254567', '9012ec6c-b061-45ff-be1b-c96018f5b251', 'F', '2026-04-30 14:23:32.345796+00'),
	('ba7823db-07a2-4729-9755-3620f92f77e7', 'f2171668-b7f4-4881-a939-d2c582254567', '9012ec6c-b061-45ff-be1b-c96018f5b251', 'G', '2026-04-30 14:23:44.020686+00'),
	('5d78d751-6eb3-4efd-bc5c-4c07d7deaa8f', 'f2171668-b7f4-4881-a939-d2c582254567', '9012ec6c-b061-45ff-be1b-c96018f5b251', 'Ok', '2026-04-30 14:33:00.406635+00'),
	('fc2f5f19-a06c-4a32-80b2-2bff27afdabc', 'f2171668-b7f4-4881-a939-d2c582254567', '5c5638be-d29c-4726-9816-c1ae4e4e4f1e', 'G', '2026-04-30 15:00:39.150965+00'),
	('803da2f1-aae4-4f73-b765-61a67066c011', 'f2171668-b7f4-4881-a939-d2c582254567', '9012ec6c-b061-45ff-be1b-c96018f5b251', 'Ok', '2026-04-30 15:01:53.454888+00'),
	('6bc5fa00-9df4-4757-8424-d0b35df8afa7', '2204512d-b436-46e5-8b85-148222d518fc', '9012ec6c-b061-45ff-be1b-c96018f5b251', 'Ok', '2026-04-30 16:47:38.880863+00'),
	('21d7a66e-bbad-4e08-a752-474f54f33870', '56dc2016-017c-4466-9b96-85625f743ec2', '9012ec6c-b061-45ff-be1b-c96018f5b251', 'Hej', '2026-04-30 17:59:21.431114+00'),
	('ac289cee-75c6-4a47-b722-537aa981f7c6', '56dc2016-017c-4466-9b96-85625f743ec2', '5c5638be-d29c-4726-9816-c1ae4e4e4f1e', 'Zamówione będą jutro', '2026-04-30 18:03:54.083522+00'),
	('e064559c-9172-4c8b-b63b-820b742fcba1', 'e9eb6419-5691-4620-ab5f-970d3a5ac0c8', '5c5638be-d29c-4726-9816-c1ae4e4e4f1e', 'Ok', '2026-04-30 18:04:49.801442+00'),
	('aa2f98fd-ce01-425f-829b-558328700e8b', 'a794329c-8c42-4dfd-847d-ba867ce38908', '5c5638be-d29c-4726-9816-c1ae4e4e4f1e', 'Ale już', '2026-04-30 18:24:20.605355+00'),
	('0b0fd83f-27f6-4f54-9807-99d2a012f6fa', 'a794329c-8c42-4dfd-847d-ba867ce38908', '9012ec6c-b061-45ff-be1b-c96018f5b251', 'Haha', '2026-04-30 18:24:56.513387+00'),
	('9368f82e-3c52-4b01-b209-eb331f9097e7', 'b7139987-97b7-4672-baf5-0a8851d46d17', '9012ec6c-b061-45ff-be1b-c96018f5b251', 'Jestem zawiedziony', '2026-04-30 18:28:24.672959+00'),
	('7dcd44f9-f9e3-487e-b9b5-c85f93a922b2', '50b5ede5-7fc2-4d88-9a5f-e18e3efb5b81', '79e6eb94-99a8-40df-9bcf-ca6b6a3697f1', 'Zaraz zrobię. Muszę aktywować kupony w aplikacji Lidl', '2026-04-30 18:58:09.67822+00'),
	('d21b93d3-bc47-4d97-b735-502eda1bac8f', '50b5ede5-7fc2-4d88-9a5f-e18e3efb5b81', '5c5638be-d29c-4726-9816-c1ae4e4e4f1e', 'Hhh', '2026-04-30 19:00:57.035947+00'),
	('071ac75b-4f34-4d96-89af-1b39a346b933', '57a7cd22-f1a4-45ef-b55e-7d0a0bac91ef', '5c5638be-d29c-4726-9816-c1ae4e4e4f1e', 'No problem', '2026-04-30 20:02:37.295358+00'),
	('5de3ec66-3c1f-4e2a-b554-44250a163954', '57a7cd22-f1a4-45ef-b55e-7d0a0bac91ef', '5c5638be-d29c-4726-9816-c1ae4e4e4f1e', 'Doszło powiadomienie ?', '2026-04-30 20:03:09.395247+00'),
	('3bc0a5f4-577d-4649-b4fd-d2ce52bcaf6e', '50b5ede5-7fc2-4d88-9a5f-e18e3efb5b81', '5c5638be-d29c-4726-9816-c1ae4e4e4f1e', 'I co udało się ?', '2026-04-30 20:03:41.765193+00'),
	('561efb99-3018-4de6-98f8-d8c022b18eb5', '50b5ede5-7fc2-4d88-9a5f-e18e3efb5b81', '79e6eb94-99a8-40df-9bcf-ca6b6a3697f1', 'Majówka uratowana', '2026-04-30 20:05:19.391899+00'),
	('2598c52b-69e7-457a-911a-6817e8c766c5', '50b5ede5-7fc2-4d88-9a5f-e18e3efb5b81', '79e6eb94-99a8-40df-9bcf-ca6b6a3697f1', 'Mam jajka', '2026-04-30 20:05:23.340478+00'),
	('cda74789-6f91-4287-913e-02bf610f73da', '50b5ede5-7fc2-4d88-9a5f-e18e3efb5b81', '79e6eb94-99a8-40df-9bcf-ca6b6a3697f1', 'W sensie. Kupiłem jajka…', '2026-04-30 20:05:29.612532+00'),
	('22a229af-985e-4319-b2b5-1d7ae0d170a7', '50b5ede5-7fc2-4d88-9a5f-e18e3efb5b81', '5c5638be-d29c-4726-9816-c1ae4e4e4f1e', 'Git', '2026-04-30 20:05:40.706377+00'),
	('6bc2b7ce-2484-499a-ac59-01933dbdbe9b', '50b5ede5-7fc2-4d88-9a5f-e18e3efb5b81', '5c5638be-d29c-4726-9816-c1ae4e4e4f1e', 'Czekam na zdjęcie', '2026-04-30 20:05:46.544664+00'),
	('d97d1bf6-6ae6-4cbb-ba07-8a745908eada', '50b5ede5-7fc2-4d88-9a5f-e18e3efb5b81', '79e6eb94-99a8-40df-9bcf-ca6b6a3697f1', 'Zapomniałem aktywować kupony na truskawki 😭😭😭😭', '2026-04-30 20:05:56.293272+00'),
	('1e9298d0-fdd8-4d40-b36a-47ec9cd42782', '50b5ede5-7fc2-4d88-9a5f-e18e3efb5b81', '79e6eb94-99a8-40df-9bcf-ca6b6a3697f1', 'Czekasz na zdjęcie ;>', '2026-04-30 20:06:07.022001+00'),
	('7851ad07-d99c-40b6-b8cb-7b8fcc3841bf', '50b5ede5-7fc2-4d88-9a5f-e18e3efb5b81', '5c5638be-d29c-4726-9816-c1ae4e4e4f1e', '😈', '2026-04-30 20:06:19.21785+00'),
	('6700abc9-1134-4257-a79f-726a879eb30a', '50b5ede5-7fc2-4d88-9a5f-e18e3efb5b81', '5c5638be-d29c-4726-9816-c1ae4e4e4f1e', 'XD', '2026-04-30 20:06:40.046731+00'),
	('421ab653-39d8-4844-b454-39d4ca8b7587', '50b5ede5-7fc2-4d88-9a5f-e18e3efb5b81', '79e6eb94-99a8-40df-9bcf-ca6b6a3697f1', 'Nie mogę chyba dodać zdjęcia', '2026-04-30 20:07:18.015897+00'),
	('08e32f75-2ee1-436e-a144-aab900f335b9', '50b5ede5-7fc2-4d88-9a5f-e18e3efb5b81', '5c5638be-d29c-4726-9816-c1ae4e4e4f1e', 'Tu sie nie da ale w SMS wyślij to awatar zrobię', '2026-04-30 20:07:34.612866+00'),
	('75644686-4c31-4140-856d-75bef72085cb', '57a7cd22-f1a4-45ef-b55e-7d0a0bac91ef', '79e6eb94-99a8-40df-9bcf-ca6b6a3697f1', 'Niestety doszło', '2026-04-30 20:07:52.906331+00'),
	('ebe58de4-471e-4de0-9564-998822b79793', '57a7cd22-f1a4-45ef-b55e-7d0a0bac91ef', '79e6eb94-99a8-40df-9bcf-ca6b6a3697f1', 'Test', '2026-05-01 09:59:27.650304+00'),
	('230588f0-4fb9-46f2-845c-df40f9cf7378', '70f70605-1004-4029-bfa3-a202e8863f16', '5c5638be-d29c-4726-9816-c1ae4e4e4f1e', 'H', '2026-05-01 10:00:21.11495+00'),
	('186541fd-69ce-41c7-a562-74d0f1425627', '70f70605-1004-4029-bfa3-a202e8863f16', '5c5638be-d29c-4726-9816-c1ae4e4e4f1e', 'H', '2026-05-01 10:01:01.570344+00'),
	('a8b77c4a-6c44-47f9-afd3-33a891325fd0', '70f70605-1004-4029-bfa3-a202e8863f16', '5c5638be-d29c-4726-9816-c1ae4e4e4f1e', 'H', '2026-05-01 10:01:13.435752+00'),
	('d1c5cac5-a61f-43dc-804f-62b528fa027a', '75e9f768-b5dc-4f69-be80-8b1cee973ae3', '5c5638be-d29c-4726-9816-c1ae4e4e4f1e', 'Hdhnd', '2026-05-01 10:01:56.694373+00'),
	('6e37763a-2d33-4cc8-8f89-36940c0db9b3', 'daacdae9-1898-450d-902e-e1ab9f61bd81', '5c5638be-d29c-4726-9816-c1ae4e4e4f1e', 'Hdhd', '2026-05-01 10:03:00.613747+00'),
	('0c9aeece-44db-477a-871a-6b2a3ea15762', 'daacdae9-1898-450d-902e-e1ab9f61bd81', '5c5638be-d29c-4726-9816-c1ae4e4e4f1e', 'Hdheh', '2026-05-01 10:03:12.053351+00'),
	('e3e92001-5642-42de-9490-f91815bd8ccb', 'daacdae9-1898-450d-902e-e1ab9f61bd81', '79e6eb94-99a8-40df-9bcf-ca6b6a3697f1', 'Adhd', '2026-05-01 10:03:14.219063+00'),
	('71309e45-98d0-4ca5-a5a1-c092f61b9baa', 'df77e6be-6198-4801-bd82-648df49cfd7c', '5c5638be-d29c-4726-9816-c1ae4e4e4f1e', 'Xyz', '2026-05-01 10:28:11.116632+00'),
	('4904a41a-b433-45a3-8c72-95ee723a040b', 'df77e6be-6198-4801-bd82-648df49cfd7c', '79e6eb94-99a8-40df-9bcf-ca6b6a3697f1', 'Xyz', '2026-05-01 10:28:36.613176+00'),
	('e74f9667-0ff1-4720-8e25-d2dd5253e9ea', 'fd2b1cb7-2dbe-4d93-943a-454766b602a9', '5c5638be-d29c-4726-9816-c1ae4e4e4f1e', 'Ok', '2026-05-01 10:31:38.094013+00'),
	('787e41c0-d04e-4f80-9184-0673ad30a0df', '65b01f01-2ae6-40c5-ac0e-be2ea8f8ad02', '79e6eb94-99a8-40df-9bcf-ca6b6a3697f1', 'Hello!!!!!', '2026-05-01 19:47:42.93455+00'),
	('d32ae78a-148d-469c-843a-b97d6b6e6e3c', '65b01f01-2ae6-40c5-ac0e-be2ea8f8ad02', '79e6eb94-99a8-40df-9bcf-ca6b6a3697f1', 'Plik jest pusty', '2026-05-01 19:47:47.186564+00'),
	('d2958eff-0488-411c-8031-5870d1624dfc', '65b01f01-2ae6-40c5-ac0e-be2ea8f8ad02', '79e6eb94-99a8-40df-9bcf-ca6b6a3697f1', 'Nie spac', '2026-05-01 19:47:52.191239+00'),
	('ea1ffa14-9206-458e-a87c-a9de0a1aeb4d', '65b01f01-2ae6-40c5-ac0e-be2ea8f8ad02', '5c5638be-d29c-4726-9816-c1ae4e4e4f1e', 'Niemożliwe', '2026-05-01 19:48:36.687819+00'),
	('bdbf6e01-2e1a-467e-9cdc-fba3c0065520', '65b01f01-2ae6-40c5-ac0e-be2ea8f8ad02', '79e6eb94-99a8-40df-9bcf-ca6b6a3697f1', 'A jednak', '2026-05-01 19:48:45.804551+00'),
	('b1ea18d0-0306-47e6-a9cb-77c111388981', '65b01f01-2ae6-40c5-ac0e-be2ea8f8ad02', '5c5638be-d29c-4726-9816-c1ae4e4e4f1e', 'Obczaję niedługo 🥱', '2026-05-01 19:48:48.301746+00'),
	('30fbfec3-676e-4393-832e-cefc02e4ab41', '65b01f01-2ae6-40c5-ac0e-be2ea8f8ad02', '5c5638be-d29c-4726-9816-c1ae4e4e4f1e', 'Obudziłeś mnie hah', '2026-05-01 19:48:57.777159+00'),
	('03014604-8d06-4580-b686-ac77fda5a1cd', '65b01f01-2ae6-40c5-ac0e-be2ea8f8ad02', '79e6eb94-99a8-40df-9bcf-ca6b6a3697f1', 'Leć spać. To mały task. Ja też już się kładę', '2026-05-01 19:49:01.442642+00'),
	('e5f1da0c-f0ac-4155-92b4-f72eacd41e59', '65b01f01-2ae6-40c5-ac0e-be2ea8f8ad02', '5c5638be-d29c-4726-9816-c1ae4e4e4f1e', 'Spoko', '2026-05-01 19:49:14.633451+00'),
	('ecc2c9ba-abb8-4764-a4dd-62b3925b34a3', '65b01f01-2ae6-40c5-ac0e-be2ea8f8ad02', '5c5638be-d29c-4726-9816-c1ae4e4e4f1e', 'Ale zajbiestabjest ta funkcja w tej apce', '2026-05-01 19:49:30.098947+00'),
	('c1901121-2dfa-4018-ba89-3855ddb73cc0', '65b01f01-2ae6-40c5-ac0e-be2ea8f8ad02', '79e6eb94-99a8-40df-9bcf-ca6b6a3697f1', 'Przepraszam hahaha. Nie chciałem obudzić', '2026-05-01 19:49:45.842785+00'),
	('47b88704-dbec-4317-864d-4f696241e256', 'cb4a809c-33bf-4d03-9976-76779741e105', '5c5638be-d29c-4726-9816-c1ae4e4e4f1e', 'Powoli', '2026-05-02 22:38:11.241044+00'),
	('0632ce11-54a0-4729-aeef-eee9db25147b', 'cb4a809c-33bf-4d03-9976-76779741e105', '5c5638be-d29c-4726-9816-c1ae4e4e4f1e', 'Jestem', '2026-05-03 07:19:26.63546+00'),
	('b6832dc7-86ee-4373-82f5-81cf9fe8df12', '112fe1a4-01d2-4bb8-80f6-b5f9c024b478', '5c5638be-d29c-4726-9816-c1ae4e4e4f1e', 'Ok', '2026-05-04 07:48:00.569718+00'),
	('c93bd522-e782-43b7-aa3a-6bb23b616887', '112fe1a4-01d2-4bb8-80f6-b5f9c024b478', '5c5638be-d29c-4726-9816-c1ae4e4e4f1e', 'Działam do końca tygodnia zrobię', '2026-05-04 07:54:08.517509+00'),
	('85a8c282-ab57-42d4-8553-24375addab90', '771f9f7e-87b3-453f-b3ee-775e155a5419', 'c01f1de2-6b07-4375-b34a-3c861a2ec31a', 'ok. zrovbimy do konca tyg', '2026-05-04 07:57:04.461922+00'),
	('1795453b-083b-4d86-b843-e2b39300ec16', '9e5f6d08-3fc7-402f-ac6d-45977d95b9c1', '5c5638be-d29c-4726-9816-c1ae4e4e4f1e', 'Ok', '2026-05-04 09:54:39.128283+00'),
	('28aa090f-18c0-491a-847c-c55e872ff9a8', 'b32d81ea-c6aa-4845-a11c-87710fb0b74d', '5c5638be-d29c-4726-9816-c1ae4e4e4f1e', 'umówiłem sie z klientem na za tydzien na rozlcizenie', '2026-05-04 11:44:55.36412+00');


--
-- Data for Name: buckets; Type: TABLE DATA; Schema: storage; Owner: supabase_storage_admin
--



--
-- Data for Name: buckets_analytics; Type: TABLE DATA; Schema: storage; Owner: supabase_storage_admin
--



--
-- Data for Name: buckets_vectors; Type: TABLE DATA; Schema: storage; Owner: supabase_storage_admin
--



--
-- Data for Name: objects; Type: TABLE DATA; Schema: storage; Owner: supabase_storage_admin
--



--
-- Data for Name: s3_multipart_uploads; Type: TABLE DATA; Schema: storage; Owner: supabase_storage_admin
--



--
-- Data for Name: s3_multipart_uploads_parts; Type: TABLE DATA; Schema: storage; Owner: supabase_storage_admin
--



--
-- Data for Name: vector_indexes; Type: TABLE DATA; Schema: storage; Owner: supabase_storage_admin
--



--
-- Name: refresh_tokens_id_seq; Type: SEQUENCE SET; Schema: auth; Owner: supabase_auth_admin
--

SELECT pg_catalog.setval('"auth"."refresh_tokens_id_seq"', 151, true);


--
-- PostgreSQL database dump complete
--

-- \unrestrict PJQHNcrsEyA49S0O2Dtp1XxthmH0aWMFrkkrJyam7FKawoAxhgIMUviu3iowOii

RESET ALL;
